Nom_masque,Motif,Polygone,Confiance,Nom_image,Titre,État,Région,Site,Description,Date,Support,Affiliation religieuse,Lieu de conservation,Auteur
ASOK_AND003_lion_13.png,lion,"[[243, 2456], [335, 2548], [318, 2632], [402, 2750], [511, 2750], [637, 2666], [721, 2607], [830, 2649], [1140, 2674], [1308, 2616], [1417, 2616], [1685, 2574], [1887, 2456], [1945, 2507], [2163, 2691], [2080, 2884], [2180, 2892], [2306, 2876], [2432, 2892], [2608, 2842], [2658, 2750], [2558, 2590], [2566, 2423], [2529, 2064], [2327, 1914], [2191, 1835], [2029, 1819], [1882, 1851], [1731, 1923], [1610, 1861], [1635, 1760], [1618, 1584], [1467, 1441], [1266, 1467], [1199, 1509], [1090, 1349], [939, 1249], [645, 1366], [545, 1433], [461, 1609], [411, 1752], [461, 1819], [612, 1894], [763, 1928], [721, 2045], [587, 2045], [461, 2079], [335, 2238], [251, 2347], [243, 2456]]",0.98,ASOK_AND003.JPG,ASOK_AND003,Andhra Pradesh,Āndhradeśa,Dupāḍu,Animaux ailés,1 A.D.,Stūpa ; frise,bouddhisme,Amaravati Heritage Centre and Museum,Maronet Léa
ASOK_NAG002b_lotus_69.png,lotus,"[[182, 671], [184, 680], [1035, 680], [1035, 668], [1042, 428], [1007, 351], [928, 257], [874, 208], [756, 145], [637, 123], [534, 122], [431, 164], [328, 225], [218, 340], [186, 424], [187, 522], [182, 671]]",0.99,ASOK_NAG002b.jpg,ASOK_NAG002b,Andhra Pradesh,Āndhradeśa,Nāgārjunakoṇḍa,Demi-médaillon lotiforme et lion,3 A.D.,Pilier,bouddhisme,In situ,Maronet Léa
ASOK_NAG002b_lion_72.png,lion,"[[316, 802], [326, 806], [325, 815], [338, 841], [364, 848], [380, 849], [392, 855], [402, 843], [426, 825], [428, 833], [424, 866], [438, 888], [411, 888], [379, 894], [340, 909], [340, 939], [355, 947], [376, 951], [405, 955], [415, 941], [440, 948], [462, 941], [472, 944], [495, 947], [567, 949], [573, 944], [601, 947], [657, 944], [682, 931], [697, 926], [696, 943], [708, 945], [746, 944], [777, 941], [798, 936], [822, 936], [856, 943], [887, 937], [895, 916], [915, 914], [933, 885], [928, 833], [911, 801], [889, 783], [849, 753], [809, 738], [780, 744], [739, 769], [663, 809], [603, 820], [562, 810], [551, 787], [534, 752], [514, 726], [479, 702], [428, 696], [386, 700], [364, 719], [349, 739], [318, 776], [316, 802]]",0.97,ASOK_NAG002b.jpg,ASOK_NAG002b,Andhra Pradesh,Āndhradeśa,Nāgārjunakoṇḍa,Demi-médaillon lotiforme et lion,3 A.D.,Pilier,bouddhisme,In situ,Maronet Léa
ASOK_AND002_lotus_109.png,lotus,"[[1368, 708], [1382, 819], [1433, 897], [1490, 946], [1570, 979], [1659, 995], [1751, 975], [1839, 959], [1922, 904], [1940, 841], [1979, 750], [1968, 659], [1368, 708]]",0.99,ASOK_AND002.JPG,ASOK_AND002,Andhra Pradesh,Āndhradeśa,Dupāḍu,Portail avec cheval et médaillons lotiformes,1 A.D.,Stūpa ; frise,bouddhisme,Amaravati Heritage Centre and Museum,Maronet Léa
ASOK_AND002_lotus_110.png,lotus,"[[1358, 2966], [1376, 3139], [2016, 3148], [2026, 3034], [1948, 2812], [1798, 2712], [1608, 2707], [1439, 2802], [1358, 2966]]",0.99,ASOK_AND002.JPG,ASOK_AND002,Andhra Pradesh,Āndhradeśa,Dupāḍu,Portail avec cheval et médaillons lotiformes,1 A.D.,Stūpa ; frise,bouddhisme,Amaravati Heritage Centre and Museum,Maronet Léa
ASOK_AMA072_lotus_123.png,lotus,"[[193, 943], [198, 947], [204, 948], [207, 953], [206, 962], [211, 963], [221, 962], [231, 959], [238, 952], [238, 941], [236, 933], [232, 924], [225, 920], [216, 920], [205, 922], [196, 931], [193, 943]]",1.0,ASOK_AMA072.jpg,ASOK_AMA072,Andhra Pradesh,Āndhradeśa,Amarāvatī,Stūpa figuré ; Buddha entourré de dévots et piliers avec lions,1 A.D. ; 2 A.D. ; 3 A.D.,Stūpa ; panneau,bouddhisme,The British Museum,Maronet Léa
ASOK_AMA072_lotus_152.png,lotus,"[[202, 984], [202, 996], [207, 1005], [210, 1009], [219, 1010], [228, 1008], [232, 1006], [238, 1003], [240, 1000], [243, 992], [242, 981], [237, 974], [233, 969], [219, 968], [214, 969], [206, 975], [202, 984]]",0.98,ASOK_AMA072.jpg,ASOK_AMA072,Andhra Pradesh,Āndhradeśa,Amarāvatī,Stūpa figuré ; Buddha entourré de dévots et piliers avec lions,1 A.D. ; 2 A.D. ; 3 A.D.,Stūpa ; panneau,bouddhisme,The British Museum,Maronet Léa
ASOK_AND002_lotus_161.png,lotus,"[[1358, 1885], [1404, 2006], [1526, 2084], [1613, 2095], [1713, 2091], [1811, 2071], [1886, 2047], [1953, 1922], [1993, 1806], [1980, 1686], [1939, 1618], [1879, 1549], [1819, 1495], [1735, 1477], [1631, 1471], [1542, 1491], [1432, 1571], [1367, 1694], [1358, 1885]]",0.98,ASOK_AND002.JPG,ASOK_AND002,Andhra Pradesh,Āndhradeśa,Dupāḍu,Portail avec cheval et médaillons lotiformes,1 A.D.,Stūpa ; frise,bouddhisme,Amaravati Heritage Centre and Museum,Maronet Léa
ASOK_AND002_cheval_162.png,cheval,"[[2135, 2580], [2148, 2762], [2226, 2780], [2257, 2739], [2335, 2648], [2339, 2589], [2366, 2498], [2421, 2516], [2466, 2562], [2480, 2930], [2398, 3025], [2407, 3125], [2503, 3143], [2634, 3093], [2689, 2998], [2612, 2807], [2634, 2662], [2694, 2671], [2889, 2684], [2934, 2653], [2957, 2789], [2903, 2875], [2848, 2989], [2821, 3080], [2830, 3161], [2907, 3166], [2980, 3116], [3053, 3057], [3075, 3002], [3053, 2912], [3112, 2821], [3166, 2657], [3239, 2725], [3284, 2812], [3284, 2921], [3252, 2975], [3243, 3075], [3289, 3157], [3384, 3121], [3430, 3016], [3462, 2921], [3371, 2730], [3389, 2653], [3402, 2512], [3462, 2503], [3452, 2584], [3416, 2680], [3407, 2780], [3439, 2839], [3489, 2748], [3521, 2589], [3507, 2466], [3448, 2380], [3389, 2348], [3343, 2284], [3257, 2271], [3084, 2271], [2939, 2275], [2816, 2207], [2780, 2135], [2794, 2053], [2884, 2012], [2953, 1944], [2943, 1862], [2934, 1739], [2916, 1657], [2834, 1657], [2825, 1721], [2853, 1826], [2853, 1903], [2780, 1925], [2712, 1885], [2680, 1826], [2616, 1785], [2530, 1753], [2394, 1712], [2412, 1794], [2353, 1757], [2312, 1762], [2307, 1875], [2262, 1939], [2221, 2098], [2244, 2175], [2285, 2180], [2380, 2171], [2439, 2157], [2403, 2275], [2375, 2371], [2330, 2362], [2262, 2348], [2216, 2407], [2185, 2548], [2135, 2580]]",1.0,ASOK_AND002.JPG,ASOK_AND002,Andhra Pradesh,Āndhradeśa,Dupāḍu,Portail avec cheval et médaillons lotiformes,1 A.D.,Stūpa ; frise,bouddhisme,Amaravati Heritage Centre and Museum,Maronet Léa
ASOK_AND002_lotus_163.png,lotus,"[[3761, 649], [3780, 758], [3825, 844], [3889, 917], [4002, 953], [4098, 967], [4211, 958], [4289, 912], [4352, 826], [4379, 762], [4393, 635], [4384, 599], [3761, 649]]",0.97,ASOK_AND002.JPG,ASOK_AND002,Andhra Pradesh,Āndhradeśa,Dupāḍu,Portail avec cheval et médaillons lotiformes,1 A.D.,Stūpa ; frise,bouddhisme,Amaravati Heritage Centre and Museum,Maronet Léa
ASOK_AND002_lotus_164.png,lotus,"[[3766, 1744], [3766, 1898], [3807, 1998], [3920, 2116], [4093, 2171], [4170, 2144], [4252, 2089], [4357, 1998], [4416, 1930], [4434, 1835], [4416, 1721], [4329, 1576], [4189, 1498], [4034, 1507], [3889, 1562], [3821, 1626], [3766, 1744]]",0.98,ASOK_AND002.JPG,ASOK_AND002,Andhra Pradesh,Āndhradeśa,Dupāḍu,Portail avec cheval et médaillons lotiformes,1 A.D.,Stūpa ; frise,bouddhisme,Amaravati Heritage Centre and Museum,Maronet Léa
ASOK_AND002_lotus_165.png,lotus,"[[3771, 3071], [3789, 3166], [4034, 3207], [4493, 3207], [4475, 3080], [4461, 3002], [4452, 2925], [4407, 2830], [4329, 2757], [4125, 2721], [3993, 2730], [3902, 2812], [3811, 2925], [3771, 3071]]",0.98,ASOK_AND002.JPG,ASOK_AND002,Andhra Pradesh,Āndhradeśa,Dupāḍu,Portail avec cheval et médaillons lotiformes,1 A.D.,Stūpa ; frise,bouddhisme,Amaravati Heritage Centre and Museum,Maronet Léa
ASOK_AMA072_lion_178.png,lion,"[[482, 790], [488, 794], [495, 793], [501, 791], [503, 787], [504, 780], [506, 767], [510, 758], [514, 758], [523, 761], [531, 764], [534, 771], [532, 774], [528, 775], [520, 778], [516, 783], [512, 790], [520, 790], [538, 791], [550, 789], [554, 785], [558, 784], [563, 784], [572, 779], [570, 773], [560, 753], [548, 735], [534, 727], [532, 720], [531, 703], [530, 693], [528, 687], [526, 681], [525, 675], [521, 672], [508, 672], [499, 674], [494, 679], [486, 684], [485, 690], [485, 700], [488, 707], [490, 710], [497, 711], [500, 709], [501, 714], [501, 718], [495, 720], [488, 723], [485, 732], [487, 750], [486, 765], [486, 779], [484, 783], [482, 790]]",0.97,ASOK_AMA072.jpg,ASOK_AMA072,Andhra Pradesh,Āndhradeśa,Amarāvatī,Stūpa figuré ; Buddha entourré de dévots et piliers avec lions,1 A.D. ; 2 A.D. ; 3 A.D.,Stūpa ; panneau,bouddhisme,The British Museum,Maronet Léa
ASOK_AMA072_lotus_179.png,lotus,"[[91, 984], [91, 994], [96, 1003], [102, 1007], [108, 1007], [114, 1006], [121, 1003], [123, 996], [124, 987], [120, 979], [115, 973], [108, 971], [102, 972], [95, 977], [91, 984]]",0.98,ASOK_AMA072.jpg,ASOK_AMA072,Andhra Pradesh,Āndhradeśa,Amarāvatī,Stūpa figuré ; Buddha entourré de dévots et piliers avec lions,1 A.D. ; 2 A.D. ; 3 A.D.,Stūpa ; panneau,bouddhisme,The British Museum,Maronet Léa
ASOK_AMA072_lion_181.png,lion,"[[502, 870], [502, 881], [505, 887], [504, 890], [502, 898], [507, 900], [522, 902], [534, 903], [546, 903], [545, 898], [542, 892], [526, 887], [526, 879], [530, 875], [541, 872], [552, 869], [555, 878], [555, 888], [552, 892], [553, 900], [559, 903], [565, 902], [567, 897], [572, 891], [571, 884], [568, 875], [568, 864], [577, 862], [579, 866], [579, 880], [578, 891], [576, 901], [578, 904], [594, 905], [596, 896], [593, 887], [593, 874], [593, 861], [593, 847], [591, 841], [590, 831], [591, 818], [589, 805], [593, 794], [585, 782], [580, 780], [570, 781], [563, 784], [555, 784], [550, 790], [552, 800], [552, 806], [553, 815], [550, 827], [539, 832], [525, 838], [515, 847], [511, 853], [505, 861], [502, 870]]",1.0,ASOK_AMA072.jpg,ASOK_AMA072,Andhra Pradesh,Āndhradeśa,Amarāvatī,Stūpa figuré ; Buddha entourré de dévots et piliers avec lions,1 A.D. ; 2 A.D. ; 3 A.D.,Stūpa ; panneau,bouddhisme,The British Museum,Maronet Léa
ASOK_AMA072_lotus_182.png,lotus,"[[489, 950], [494, 963], [506, 968], [515, 968], [522, 961], [523, 955], [524, 946], [522, 938], [510, 932], [500, 934], [492, 938], [489, 950]]",0.97,ASOK_AMA072.jpg,ASOK_AMA072,Andhra Pradesh,Āndhradeśa,Amarāvatī,Stūpa figuré ; Buddha entourré de dévots et piliers avec lions,1 A.D. ; 2 A.D. ; 3 A.D.,Stūpa ; panneau,bouddhisme,The British Museum,Maronet Léa
ASOK_AMA072_lotus_183.png,lotus,"[[488, 990], [492, 1005], [499, 1013], [508, 1014], [520, 1013], [526, 1007], [526, 994], [524, 985], [516, 979], [508, 978], [498, 979], [488, 990]]",1.0,ASOK_AMA072.jpg,ASOK_AMA072,Andhra Pradesh,Āndhradeśa,Amarāvatī,Stūpa figuré ; Buddha entourré de dévots et piliers avec lions,1 A.D. ; 2 A.D. ; 3 A.D.,Stūpa ; panneau,bouddhisme,The British Museum,Maronet Léa
ASOK_AMA072_lotus_184.png,lotus,"[[487, 1040], [488, 1051], [494, 1059], [503, 1061], [515, 1061], [523, 1054], [526, 1043], [524, 1035], [516, 1025], [505, 1024], [494, 1028], [487, 1040]]",0.97,ASOK_AMA072.jpg,ASOK_AMA072,Andhra Pradesh,Āndhradeśa,Amarāvatī,Stūpa figuré ; Buddha entourré de dévots et piliers avec lions,1 A.D. ; 2 A.D. ; 3 A.D.,Stūpa ; panneau,bouddhisme,The British Museum,Maronet Léa
ASOK_AMA072_lotus_185.png,lotus,"[[586, 969], [591, 982], [603, 989], [611, 989], [623, 984], [626, 976], [626, 964], [623, 956], [615, 951], [601, 949], [591, 956], [586, 969]]",0.97,ASOK_AMA072.jpg,ASOK_AMA072,Andhra Pradesh,Āndhradeśa,Amarāvatī,Stūpa figuré ; Buddha entourré de dévots et piliers avec lions,1 A.D. ; 2 A.D. ; 3 A.D.,Stūpa ; panneau,bouddhisme,The British Museum,Maronet Léa
ASOK_AMA072_lotus_186.png,lotus,"[[590, 936], [595, 945], [600, 947], [609, 947], [615, 946], [621, 943], [625, 937], [625, 927], [624, 919], [617, 912], [608, 910], [597, 912], [594, 920], [590, 936]]",0.97,ASOK_AMA072.jpg,ASOK_AMA072,Andhra Pradesh,Āndhradeśa,Amarāvatī,Stūpa figuré ; Buddha entourré de dévots et piliers avec lions,1 A.D. ; 2 A.D. ; 3 A.D.,Stūpa ; panneau,bouddhisme,The British Museum,Maronet Léa
ASOK_AMA072_lotus_187.png,lotus,"[[639, 931], [643, 937], [656, 939], [664, 941], [670, 948], [674, 943], [678, 938], [679, 927], [675, 913], [664, 909], [651, 909], [641, 916], [639, 931]]",0.98,ASOK_AMA072.jpg,ASOK_AMA072,Andhra Pradesh,Āndhradeśa,Amarāvatī,Stūpa figuré ; Buddha entourré de dévots et piliers avec lions,1 A.D. ; 2 A.D. ; 3 A.D.,Stūpa ; panneau,bouddhisme,The British Museum,Maronet Léa
ASOK_AMA072_lotus_188.png,lotus,"[[690, 928], [694, 943], [706, 951], [715, 950], [728, 945], [730, 934], [728, 919], [721, 909], [709, 909], [694, 913], [690, 928]]",0.99,ASOK_AMA072.jpg,ASOK_AMA072,Andhra Pradesh,Āndhradeśa,Amarāvatī,Stūpa figuré ; Buddha entourré de dévots et piliers avec lions,1 A.D. ; 2 A.D. ; 3 A.D.,Stūpa ; panneau,bouddhisme,The British Museum,Maronet Léa
ASOK_AMA072_lotus_189.png,lotus,"[[698, 964], [698, 981], [705, 988], [712, 993], [724, 990], [730, 980], [733, 967], [728, 956], [721, 953], [708, 953], [698, 964]]",0.97,ASOK_AMA072.jpg,ASOK_AMA072,Andhra Pradesh,Āndhradeśa,Amarāvatī,Stūpa figuré ; Buddha entourré de dévots et piliers avec lions,1 A.D. ; 2 A.D. ; 3 A.D.,Stūpa ; panneau,bouddhisme,The British Museum,Maronet Léa
ASOK_AMA072_lotus_190.png,lotus,"[[306, 951], [311, 966], [315, 968], [322, 971], [330, 970], [341, 966], [346, 956], [346, 943], [337, 934], [321, 934], [311, 938], [306, 951]]",0.98,ASOK_AMA072.jpg,ASOK_AMA072,Andhra Pradesh,Āndhradeśa,Amarāvatī,Stūpa figuré ; Buddha entourré de dévots et piliers avec lions,1 A.D. ; 2 A.D. ; 3 A.D.,Stūpa ; panneau,bouddhisme,The British Museum,Maronet Léa
ASOK_AMA072_lotus_191.png,lotus,"[[308, 993], [310, 1010], [317, 1019], [331, 1020], [342, 1016], [346, 1002], [347, 990], [341, 981], [327, 977], [314, 979], [308, 993]]",0.99,ASOK_AMA072.jpg,ASOK_AMA072,Andhra Pradesh,Āndhradeśa,Amarāvatī,Stūpa figuré ; Buddha entourré de dévots et piliers avec lions,1 A.D. ; 2 A.D. ; 3 A.D.,Stūpa ; panneau,bouddhisme,The British Museum,Maronet Léa
ASOK_AMA072_lotus_192.png,lotus,"[[306, 1050], [313, 1062], [321, 1067], [335, 1066], [344, 1062], [348, 1054], [349, 1042], [343, 1030], [332, 1025], [316, 1028], [308, 1040], [306, 1050]]",0.97,ASOK_AMA072.jpg,ASOK_AMA072,Andhra Pradesh,Āndhradeśa,Amarāvatī,Stūpa figuré ; Buddha entourré de dévots et piliers avec lions,1 A.D. ; 2 A.D. ; 3 A.D.,Stūpa ; panneau,bouddhisme,The British Museum,Maronet Léa
ASOK_AMA072_lion_193.png,lion,"[[230, 840], [231, 852], [238, 884], [238, 894], [235, 899], [237, 904], [244, 905], [250, 903], [252, 901], [251, 897], [251, 893], [250, 882], [251, 865], [262, 865], [263, 871], [261, 883], [258, 891], [256, 898], [263, 902], [271, 890], [273, 886], [277, 876], [281, 868], [289, 873], [295, 876], [299, 881], [293, 883], [282, 890], [275, 891], [271, 893], [270, 901], [280, 901], [297, 900], [321, 897], [322, 891], [323, 868], [320, 861], [312, 857], [305, 849], [296, 839], [281, 834], [274, 827], [271, 814], [272, 802], [247, 795], [238, 799], [234, 815], [234, 833], [230, 840]]",0.98,ASOK_AMA072.jpg,ASOK_AMA072,Andhra Pradesh,Āndhradeśa,Amarāvatī,Stūpa figuré ; Buddha entourré de dévots et piliers avec lions,1 A.D. ; 2 A.D. ; 3 A.D.,Stūpa ; panneau,bouddhisme,The British Museum,Maronet Léa
ASOK_AMA072_lion_194.png,lion,"[[249, 771], [257, 783], [267, 797], [277, 802], [289, 802], [305, 803], [306, 798], [308, 790], [304, 785], [291, 784], [287, 786], [282, 787], [281, 782], [282, 774], [286, 773], [297, 768], [304, 762], [308, 768], [312, 781], [311, 787], [311, 792], [314, 799], [319, 799], [329, 800], [338, 799], [340, 793], [334, 789], [332, 781], [328, 763], [327, 740], [323, 732], [316, 724], [315, 714], [318, 713], [327, 711], [328, 698], [328, 689], [321, 688], [314, 684], [303, 678], [289, 677], [285, 684], [278, 699], [279, 713], [279, 732], [270, 742], [259, 750], [254, 756], [249, 771]]",0.97,ASOK_AMA072.jpg,ASOK_AMA072,Andhra Pradesh,Āndhradeśa,Amarāvatī,Stūpa figuré ; Buddha entourré de dévots et piliers avec lions,1 A.D. ; 2 A.D. ; 3 A.D.,Stūpa ; panneau,bouddhisme,The British Museum,Maronet Léa
ASOK_AMA072_lotus_195.png,lotus,"[[90, 936], [91, 951], [97, 962], [105, 963], [112, 962], [120, 958], [123, 950], [123, 939], [120, 932], [116, 928], [105, 926], [96, 928], [90, 936]]",0.98,ASOK_AMA072.jpg,ASOK_AMA072,Andhra Pradesh,Āndhradeśa,Amarāvatī,Stūpa figuré ; Buddha entourré de dévots et piliers avec lions,1 A.D. ; 2 A.D. ; 3 A.D.,Stūpa ; panneau,bouddhisme,The British Museum,Maronet Léa
ASOK_AMA072_lotus_196.png,lotus,"[[140, 934], [142, 936], [148, 937], [152, 942], [157, 949], [161, 949], [165, 949], [172, 956], [177, 955], [180, 950], [181, 938], [178, 927], [163, 920], [151, 921], [143, 925], [140, 934]]",1.0,ASOK_AMA072.jpg,ASOK_AMA072,Andhra Pradesh,Āndhradeśa,Amarāvatī,Stūpa figuré ; Buddha entourré de dévots et piliers avec lions,1 A.D. ; 2 A.D. ; 3 A.D.,Stūpa ; panneau,bouddhisme,The British Museum,Maronet Léa
ASOK_TEL001_lion_268.png,lion,"[[2580, 1736], [2609, 1756], [2643, 1796], [2603, 1819], [2586, 1857], [2618, 1864], [2635, 1845], [2648, 1859], [2669, 1864], [2694, 1853], [2715, 1872], [2754, 1870], [2771, 1859], [2811, 1866], [2860, 1851], [2853, 1821], [2864, 1800], [2855, 1773], [2828, 1745], [2794, 1741], [2773, 1758], [2756, 1768], [2732, 1751], [2705, 1694], [2677, 1681], [2641, 1681], [2609, 1698], [2580, 1736]]",0.97,ASOK_TEL001.JPG,ASOK_TEL001,Telangana,Āndhradeśa,Dhulikatta,Pilier d'Aśoka avec roue et dévots,1 B.C.,Stūpa ; panneau,bouddhisme,Amaravati Heritage Centre and Museum,Maronet Léa
ASOK_TEL001_lion_269.png,lion,"[[2819, 1743], [2851, 1764], [2864, 1804], [2853, 1838], [2866, 1862], [2906, 1849], [2932, 1859], [2953, 1855], [2938, 1832], [2913, 1809], [2887, 1785], [2928, 1777], [2951, 1760], [2953, 1736], [2951, 1711], [2908, 1688], [2858, 1703], [2819, 1743]]",0.97,ASOK_TEL001.JPG,ASOK_TEL001,Telangana,Āndhradeśa,Dhulikatta,Pilier d'Aśoka avec roue et dévots,1 B.C.,Stūpa ; panneau,bouddhisme,Amaravati Heritage Centre and Museum,Maronet Léa
ASOK_TEL001_lion_270.png,lion,"[[2577, 3071], [2625, 3071], [2632, 3054], [2657, 3071], [2687, 3067], [2702, 3040], [2689, 3016], [2691, 2997], [2697, 2980], [2721, 2968], [2742, 2955], [2704, 2921], [2668, 2891], [2651, 2881], [2630, 2885], [2610, 2895], [2610, 2923], [2587, 2940], [2596, 2959], [2621, 2978], [2636, 3004], [2613, 3031], [2579, 3050], [2577, 3071]]",0.97,ASOK_TEL001.JPG,ASOK_TEL001,Telangana,Āndhradeśa,Dhulikatta,Pilier d'Aśoka avec roue et dévots,1 B.C.,Stūpa ; panneau,bouddhisme,Amaravati Heritage Centre and Museum,Maronet Léa
ASOK_TEL001_lion_271.png,lion,"[[2689, 3006], [2702, 3044], [2691, 3065], [2731, 3071], [2774, 3082], [2803, 3057], [2825, 3065], [2842, 3074], [2871, 3067], [2886, 3054], [2916, 3076], [2943, 3069], [2931, 3046], [2916, 3023], [2905, 2993], [2924, 2989], [2939, 2968], [2943, 2938], [2931, 2919], [2933, 2902], [2899, 2870], [2882, 2883], [2861, 2902], [2833, 2925], [2810, 2948], [2803, 2974], [2763, 2963], [2731, 2955], [2697, 2982], [2689, 3006]]",0.99,ASOK_TEL001.JPG,ASOK_TEL001,Telangana,Āndhradeśa,Dhulikatta,Pilier d'Aśoka avec roue et dévots,1 B.C.,Stūpa ; panneau,bouddhisme,Amaravati Heritage Centre and Museum,Maronet Léa
ASOK_NAG010_éléphant_306.png,éléphant,"[[2593, 935], [2605, 1006], [2685, 1039], [2790, 1039], [2802, 1077], [2832, 1174], [2827, 1308], [2823, 1387], [2895, 1459], [2953, 1450], [2970, 1387], [3029, 1337], [3037, 1274], [3167, 1262], [3222, 1312], [3276, 1308], [3272, 1236], [3238, 1186], [3159, 1140], [3075, 1144], [3025, 1186], [3016, 1123], [3108, 1086], [3188, 1090], [3276, 1123], [3305, 1278], [3347, 1295], [3364, 1375], [3482, 1434], [3431, 1543], [3339, 1731], [3314, 1803], [3331, 1987], [3377, 2021], [3435, 2025], [3473, 1979], [3494, 1903], [3565, 1874], [3691, 1773], [3763, 1681], [3855, 1723], [4022, 1798], [4148, 1798], [4270, 1803], [4270, 1970], [4320, 2025], [4358, 2113], [4438, 2146], [4446, 2205], [4488, 2255], [4551, 2215], [4586, 2089], [4551, 2008], [4612, 1953], [4698, 1841], [4778, 1700], [4768, 1786], [4814, 1771], [4854, 1599], [4859, 1402], [4733, 1180], [4632, 1134], [4440, 1028], [4208, 952], [4051, 871], [3955, 816], [3920, 730], [3778, 685], [3642, 700], [3571, 578], [3475, 503], [3404, 457], [3202, 518], [3056, 609], [2991, 641], [2957, 683], [2861, 775], [2781, 859], [2731, 859], [2635, 859], [2656, 901], [2710, 943], [2647, 935], [2593, 935]]",0.97,ASOK_NAG010.JPG,ASOK_NAG010,Andhra Pradesh,Āndhradeśa,Nāgārjunakoṇḍa,Scène de la tentation du Buddha par Māra,3 A.D.,Stūpa ; panneau,bouddhisme,The Metropolitan Museum of Art (MET),Maronet Léa
ASOK_TEL002_lotus_318.png,lotus,"[[1535, 1189], [1566, 1308], [1619, 1401], [1699, 1480], [1857, 1548], [2060, 1538], [2182, 1498], [2311, 1372], [2385, 1208], [2390, 1055], [1551, 1063], [1535, 1189]]",0.98,ASOK_TEL002.JPG,ASOK_TEL002,Telangana,Āndhradeśa,Dhulikatta,Médaillon et demi-médaillons lotiformes,1 B.C.,Stūpa ; panneau ; bordure,bouddhisme,Amaravati Heritage Centre and Museum,Maronet Léa
ASOK_TEL002_lotus_319.png,lotus,"[[1514, 2228], [1535, 2389], [1615, 2502], [1752, 2627], [1950, 2658], [2077, 2640], [2198, 2590], [2301, 2492], [2367, 2360], [2399, 2238], [2378, 2112], [2338, 2006], [2264, 1903], [2121, 1819], [2003, 1798], [1868, 1800], [1733, 1853], [1630, 1945], [1575, 2009], [1541, 2109], [1514, 2228]]",0.97,ASOK_TEL002.JPG,ASOK_TEL002,Telangana,Āndhradeśa,Dhulikatta,Médaillon et demi-médaillons lotiformes,1 B.C.,Stūpa ; panneau ; bordure,bouddhisme,Amaravati Heritage Centre and Museum,Maronet Léa
ASOK_TEL002_lotus_320.png,lotus,"[[1530, 3309], [1530, 3420], [2399, 3428], [2399, 3389], [2380, 3225], [2312, 3098], [2193, 2969], [2034, 2905], [1900, 2908], [1762, 2937], [1665, 3003], [1562, 3154], [1530, 3309]]",0.99,ASOK_TEL002.JPG,ASOK_TEL002,Telangana,Āndhradeśa,Dhulikatta,Médaillon et demi-médaillons lotiformes,1 B.C.,Stūpa ; panneau ; bordure,bouddhisme,Amaravati Heritage Centre and Museum,Maronet Léa
ASOK_TEL002_éléphant_321.png,éléphant,"[[1119, 3801], [1140, 3825], [1158, 3841], [1161, 3883], [1142, 3986], [1121, 4057], [1156, 4113], [1164, 4054], [1190, 4012], [1230, 3880], [1232, 3817], [1253, 3809], [1298, 3870], [1327, 3891], [1346, 3944], [1383, 4020], [1306, 3994], [1240, 4007], [1216, 4068], [1169, 4086], [1177, 4131], [1216, 4136], [1277, 4131], [1274, 4099], [1317, 4105], [1383, 4152], [1457, 4152], [1523, 4142], [1568, 4142], [1700, 4150], [1773, 4123], [1789, 4078], [1766, 3991], [1668, 3954], [1607, 3907], [1597, 3814], [1618, 3717], [1552, 3664], [1496, 3611], [1441, 3611], [1399, 3611], [1364, 3614], [1322, 3611], [1288, 3622], [1238, 3643], [1179, 3653], [1150, 3695], [1142, 3740], [1145, 3798], [1119, 3801]]",0.97,ASOK_TEL002.JPG,ASOK_TEL002,Telangana,Āndhradeśa,Dhulikatta,Médaillon et demi-médaillons lotiformes,1 B.C.,Stūpa ; panneau ; bordure,bouddhisme,Amaravati Heritage Centre and Museum,Maronet Léa
ASOK_MAT034_lotus_322.png,lotus,"[[2252, 1327], [2259, 1411], [2306, 1485], [2410, 1515], [2497, 1528], [2578, 1502], [2635, 1445], [2665, 1357], [2658, 1277], [2615, 1186], [2564, 1143], [2457, 1129], [2373, 1149], [2323, 1190], [2282, 1226], [2252, 1327]]",0.99,ASOK_MAT034.JPG,ASOK_MAT034,Uttar Pradesh,Mathurā,Mathurā,Balustrade avec médaillons et demi-médaillons lotiformes avec personnage féminin,1 A.D. ; 2 A.D. ; 3 A.D.,Stūpa ; balustrade,bouddhisme,Cleveland Museum of Art,Maronet Léa
ASOK_MAT034_lotus_323.png,lotus,"[[2272, 1975], [2279, 2052], [2356, 2126], [2470, 2152], [2541, 2139], [2604, 2099], [2662, 2042], [2682, 1944], [2655, 1864], [2598, 1797], [2514, 1757], [2440, 1757], [2366, 1780], [2323, 1814], [2279, 1874], [2272, 1975]]",1.0,ASOK_MAT034.JPG,ASOK_MAT034,Uttar Pradesh,Mathurā,Mathurā,Balustrade avec médaillons et demi-médaillons lotiformes avec personnage féminin,1 A.D. ; 2 A.D. ; 3 A.D.,Stūpa ; balustrade,bouddhisme,Cleveland Museum of Art,Maronet Léa
ASOK_MAT034_lotus_324.png,lotus,"[[2269, 2489], [2272, 2562], [2289, 2636], [2349, 2683], [2446, 2723], [2547, 2713], [2624, 2646], [2654, 2576], [2654, 2442], [2584, 2368], [2497, 2334], [2386, 2334], [2319, 2378], [2269, 2489]]",0.97,ASOK_MAT034.JPG,ASOK_MAT034,Uttar Pradesh,Mathurā,Mathurā,Balustrade avec médaillons et demi-médaillons lotiformes avec personnage féminin,1 A.D. ; 2 A.D. ; 3 A.D.,Stūpa ; balustrade,bouddhisme,Cleveland Museum of Art,Maronet Léa
ASOK_MAT034_lotus_325.png,lotus,"[[2859, 2575], [2859, 2723], [2869, 2867], [3554, 2894], [3590, 2877], [3627, 2820], [3634, 2746], [3644, 2595], [3668, 2424], [3567, 2407], [3517, 2448], [3473, 2511], [3409, 2475], [3278, 2451], [3107, 2451], [3020, 2505], [2980, 2468], [2913, 2448], [2866, 2458], [2859, 2575]]",0.97,ASOK_MAT034.JPG,ASOK_MAT034,Uttar Pradesh,Mathurā,Mathurā,Balustrade avec médaillons et demi-médaillons lotiformes avec personnage féminin,1 A.D. ; 2 A.D. ; 3 A.D.,Stūpa ; balustrade,bouddhisme,Cleveland Museum of Art,Maronet Léa
ASOK_MAT034_lotus_327.png,lotus,"[[2856, 2025], [2859, 2199], [2859, 2330], [2903, 2334], [2977, 2334], [3020, 2290], [3141, 2360], [3302, 2367], [3413, 2344], [3490, 2307], [3567, 2337], [3641, 2340], [3658, 2038], [3661, 1770], [3664, 1582], [3560, 1602], [3503, 1622], [3463, 1586], [3376, 1555], [3245, 1545], [3117, 1575], [3027, 1626], [2977, 1565], [2886, 1555], [2876, 1837], [2856, 2025]]",0.99,ASOK_MAT034.JPG,ASOK_MAT034,Uttar Pradesh,Mathurā,Mathurā,Balustrade avec médaillons et demi-médaillons lotiformes avec personnage féminin,1 A.D. ; 2 A.D. ; 3 A.D.,Stūpa ; balustrade,bouddhisme,Cleveland Museum of Art,Maronet Léa
ASOK_MAT034_lotus_328.png,lotus,"[[2870, 1418], [2910, 1444], [2963, 1407], [3020, 1367], [3054, 1387], [3141, 1427], [3279, 1447], [3399, 1434], [3497, 1380], [3550, 1424], [3604, 1431], [3681, 1417], [3624, 974], [2893, 978], [2870, 1418]]",1.0,ASOK_MAT034.JPG,ASOK_MAT034,Uttar Pradesh,Mathurā,Mathurā,Balustrade avec médaillons et demi-médaillons lotiformes avec personnage féminin,1 A.D. ; 2 A.D. ; 3 A.D.,Stūpa ; balustrade,bouddhisme,Cleveland Museum of Art,Maronet Léa
ASOK_TEL011_lion_369.png,lion,"[[1126, 2048], [1167, 2121], [1281, 2189], [1385, 2194], [1476, 2180], [1517, 2148], [1444, 2062], [1453, 1989], [1585, 1844], [1826, 1839], [2121, 1817], [2262, 1785], [2380, 1712], [2444, 1739], [2617, 1889], [2735, 1948], [2935, 2030], [3076, 2030], [3166, 2085], [3148, 2157], [3339, 2167], [3507, 2167], [3775, 2162], [3898, 2167], [3993, 2176], [4162, 2171], [4216, 2121], [4271, 2144], [4280, 2062], [4252, 1939], [4207, 1912], [4066, 1885], [3921, 1885], [3771, 1876], [3839, 1848], [3930, 1730], [3943, 1648], [4093, 1621], [4266, 1639], [4389, 1648], [4430, 1594], [4493, 1562], [4557, 1444], [4584, 1308], [4607, 1180], [4530, 1153], [4412, 1099], [4348, 1012], [4152, 917], [3975, 917], [3698, 1071], [3394, 1244], [3112, 1312], [2912, 1289], [2739, 1212], [2544, 1126], [2317, 1094], [2135, 1085], [2076, 1117], [1890, 1135], [1780, 1221], [1676, 1385], [1662, 1539], [1608, 1558], [1462, 1612], [1399, 1658], [1381, 1717], [1281, 1789], [1222, 1967], [1126, 2048]]",0.98,ASOK_TEL011.JPG,ASOK_TEL011,Telangana,Āndhradeśa,Phanigiri,Lion,3 A.D.,Stūpa ; frise,bouddhisme,Telangana Department of Heritage,Maronet Léa
ASOK_BHA164_lotus_379.png,lotus,"[[1281, 1685], [1321, 2194], [1458, 2516], [1667, 2785], [1994, 3075], [2621, 3275], [3116, 3243], [3466, 3189], [3703, 3016], [4066, 2635], [4239, 2335], [4321, 2007], [4352, 1685], [4302, 1417], [4134, 912], [3821, 549], [3494, 340], [3125, 240], [2689, 231], [2317, 299], [1935, 508], [1703, 721], [1549, 890], [1367, 1199], [1281, 1685]]",0.97,ASOK_BHA164.JPG,ASOK_BHA164,Madhya Pradesh,Madhyapradeśa,Bhārhut,Médaillon lotiforme avec portrait de donateur/trice,2 B.C.,Stūpa ; balustrade,bouddhisme,Cleveland Museum of Art,Maronet Léa
ASOK_KAN060_taureau_457.png,taureau,"[[799, 3036], [1272, 3031], [1277, 2943], [1255, 2890], [1215, 2837], [1219, 2792], [1255, 2757], [1352, 2730], [1436, 2664], [1485, 2558], [1533, 2567], [1715, 2575], [1852, 2558], [1888, 2704], [2029, 2752], [2189, 2801], [2304, 2810], [2383, 2841], [2454, 2868], [2503, 2845], [2520, 2766], [2556, 2646], [2609, 2584], [2644, 2478], [2578, 2438], [2489, 2429], [2441, 2398], [2472, 2336], [2481, 2261], [2498, 2168], [2600, 2217], [2644, 2283], [2711, 2297], [2759, 2257], [2821, 2221], [2875, 2146], [2839, 2106], [2813, 2027], [2768, 1907], [2706, 1792], [2609, 1734], [2476, 1748], [2335, 1810], [2189, 1885], [1967, 1965], [1728, 1987], [1502, 1978], [1339, 1929], [1197, 1934], [1091, 1969], [1011, 1912], [932, 1876], [825, 1938], [821, 2345], [834, 2443], [896, 2456], [909, 2611], [892, 2691], [852, 2757], [852, 2841], [870, 2899], [799, 3036]]",1.0,ASOK_KAN060.JPG,ASOK_KAN060,Karnataka,Āndhradeśa,Kaṇagaṇahaḷḷi,Frise avec animaux et motifs,1 B.C. ; 1 A.D. ; 2 A.D. ; 3 A.D. ,Stūpa ; panneau,bouddhisme,In situ,Maronet Léa
ASOK_KAN060_taureau_458.png,taureau,"[[2780, 3017], [2839, 3046], [2966, 3045], [2970, 3010], [3006, 3040], [3078, 3042], [3133, 3042], [3123, 3013], [3105, 2937], [3128, 2844], [3158, 2769], [3278, 2774], [3415, 2707], [3477, 2579], [3482, 2544], [3716, 2557], [3814, 2557], [3862, 2690], [3920, 2716], [4092, 2738], [4278, 2774], [4354, 2774], [4464, 2800], [4531, 2738], [4513, 2663], [4549, 2591], [4548, 2518], [4481, 2479], [4395, 2492], [4297, 2459], [4359, 2388], [4411, 2296], [4478, 2333], [4546, 2342], [4639, 2333], [4661, 2260], [4642, 2196], [4617, 2165], [4599, 2091], [4595, 2031], [4613, 1996], [4595, 1921], [4630, 1868], [4652, 1790], [4630, 1716], [4560, 1748], [4524, 1798], [4496, 1858], [4436, 1858], [4365, 1822], [4319, 1790], [4340, 1734], [4255, 1730], [4241, 1794], [4244, 1875], [4195, 1900], [4131, 1897], [4092, 1918], [4039, 1798], [4003, 1733], [3827, 1727], [3756, 1759], [3699, 1854], [3696, 1957], [3596, 1960], [3405, 1943], [3292, 1907], [3062, 2006], [3026, 1921], [3044, 1861], [3125, 1805], [3218, 1783], [3334, 1787], [3515, 1790], [3586, 1759], [3611, 1716], [3072, 1716], [2948, 1801], [2941, 1939], [3009, 2056], [2984, 2130], [2977, 2254], [2998, 2350], [3037, 2481], [3019, 2516], [2963, 2550], [2915, 2597], [2915, 2677], [2869, 2809], [2860, 2908], [2780, 3017]]",1.0,ASOK_KAN060.JPG,ASOK_KAN060,Karnataka,Āndhradeśa,Kaṇagaṇahaḷḷi,Frise avec animaux et motifs,1 B.C. ; 1 A.D. ; 2 A.D. ; 3 A.D. ,Stūpa ; panneau,bouddhisme,In situ,Maronet Léa
ASOK_KAN045aa_éléphant_833.png,éléphant,"[[0, 435], [0, 467], [16, 490], [21, 525], [36, 555], [75, 579], [116, 584], [148, 572], [161, 557], [179, 548], [199, 537], [206, 518], [208, 499], [204, 482], [221, 480], [250, 473], [254, 466], [257, 450], [268, 439], [287, 433], [287, 425], [290, 409], [304, 397], [308, 384], [325, 368], [335, 378], [352, 394], [345, 366], [348, 352], [335, 332], [328, 325], [305, 320], [288, 315], [287, 310], [287, 299], [269, 299], [247, 297], [230, 295], [217, 289], [197, 289], [175, 284], [161, 277], [156, 288], [140, 293], [115, 304], [101, 315], [82, 353], [68, 369], [38, 407], [21, 435], [0, 435]]",0.97,ASOK_KAN045aa.jpg,ASOK_KAN045aa,Karnataka,Āndhradeśa,Kaṇagaṇahaḷḷi,Transport des reliques,1 B.C. ; 1 A.D. ; 2 A.D. ; 3 A.D. ,Stūpa ; panneau,bouddhisme,In situ,Luczanits Christian
ASOK_KAN045aa_oie_836.png,oie,"[[361, 1148], [363, 1161], [369, 1169], [383, 1180], [393, 1186], [388, 1186], [378, 1191], [386, 1204], [400, 1216], [409, 1213], [428, 1211], [440, 1216], [468, 1222], [488, 1223], [496, 1232], [493, 1242], [506, 1242], [514, 1240], [520, 1228], [520, 1211], [527, 1213], [533, 1224], [534, 1235], [543, 1233], [543, 1215], [536, 1201], [531, 1193], [533, 1188], [553, 1163], [572, 1143], [575, 1135], [576, 1120], [572, 1105], [558, 1105], [552, 1109], [548, 1120], [538, 1131], [522, 1135], [515, 1134], [522, 1119], [519, 1110], [509, 1110], [494, 1124], [473, 1133], [452, 1141], [431, 1151], [416, 1155], [375, 1157], [372, 1152], [365, 1144], [361, 1148]]",0.98,ASOK_KAN045aa.jpg,ASOK_KAN045aa,Karnataka,Āndhradeśa,Kaṇagaṇahaḷḷi,Transport des reliques,1 B.C. ; 1 A.D. ; 2 A.D. ; 3 A.D. ,Stūpa ; panneau,bouddhisme,In situ,Luczanits Christian
ASOK_KAN051e_lotus_965.png,lotus,"[[1167, 2110], [1203, 2158], [1352, 2182], [1526, 2170], [1639, 2199], [1817, 2219], [1962, 2195], [2132, 2195], [2253, 2150], [2467, 2134], [2584, 2053], [2693, 2005], [2794, 1912], [2819, 1791], [2714, 1730], [2491, 1738], [2322, 1742], [2116, 1661], [2035, 1609], [1890, 1617], [1809, 1512], [1680, 1472], [1591, 1463], [1667, 1528], [1809, 1637], [1732, 1678], [1591, 1799], [1486, 1892], [1324, 1952], [1207, 2025], [1167, 2110]]",0.97,ASOK_KAN051e.JPG,ASOK_KAN051e,Karnataka,Āndhradeśa,Kaṇagaṇahaḷḷi,Ṣaḍdantajātaka I et II,1 B.C. ; 1 A.D. ; 2 A.D. ; 3 A.D. ,Stūpa ; panneau,bouddhisme,In situ,Maronet Léa
ASOK_KAN051e_lotus_984.png,lotus,"[[480, 2134], [645, 2195], [759, 2207], [924, 2190], [924, 2021], [839, 1884], [767, 1807], [710, 1730], [625, 1807], [553, 1904], [500, 2037], [480, 2134]]",0.99,ASOK_KAN051e.JPG,ASOK_KAN051e,Karnataka,Āndhradeśa,Kaṇagaṇahaḷḷi,Ṣaḍdantajātaka I et II,1 B.C. ; 1 A.D. ; 2 A.D. ; 3 A.D. ,Stūpa ; panneau,bouddhisme,In situ,Maronet Léa
ASOK_KAN051e_lotus_985.png,lotus,"[[326, 1766], [415, 1900], [524, 1920], [577, 1867], [645, 1783], [670, 1714], [670, 1577], [597, 1472], [504, 1395], [448, 1375], [387, 1459], [343, 1589], [326, 1766]]",0.98,ASOK_KAN051e.JPG,ASOK_KAN051e,Karnataka,Āndhradeśa,Kaṇagaṇahaḷḷi,Ṣaḍdantajātaka I et II,1 B.C. ; 1 A.D. ; 2 A.D. ; 3 A.D. ,Stūpa ; panneau,bouddhisme,In situ,Maronet Léa
ASOK_KAN051e_lotus_986.png,lotus,"[[670, 1746], [726, 1738], [763, 1807], [831, 1867], [896, 1932], [1041, 1948], [1053, 2061], [1041, 2203], [1158, 2227], [1134, 2094], [1171, 1984], [1215, 1932], [1393, 1884], [1478, 1807], [1542, 1637], [1510, 1524], [1469, 1399], [1397, 1354], [1316, 1298], [1219, 1205], [1094, 1160], [1005, 1177], [892, 1193], [779, 1266], [710, 1427], [690, 1581], [670, 1746]]",0.98,ASOK_KAN051e.JPG,ASOK_KAN051e,Karnataka,Āndhradeśa,Kaṇagaṇahaḷḷi,Ṣaḍdantajātaka I et II,1 B.C. ; 1 A.D. ; 2 A.D. ; 3 A.D. ,Stūpa ; panneau,bouddhisme,In situ,Maronet Léa
ASOK_KAN051e_lotus_988.png,lotus,"[[827, 308], [876, 397], [936, 567], [1025, 793], [1130, 975], [1146, 1068], [1195, 1185], [1268, 1249], [1364, 1322], [1486, 1423], [1619, 1455], [1829, 1512], [2100, 1657], [2318, 1726], [2326, 1645], [2225, 1492], [2128, 1375], [2100, 1286], [2019, 1189], [1902, 1023], [1748, 922], [1615, 761], [1506, 579], [1401, 490], [1255, 425], [1102, 312], [1001, 203], [892, 187], [835, 199], [827, 308]]",1.0,ASOK_KAN051e.JPG,ASOK_KAN051e,Karnataka,Āndhradeśa,Kaṇagaṇahaḷḷi,Ṣaḍdantajātaka I et II,1 B.C. ; 1 A.D. ; 2 A.D. ; 3 A.D. ,Stūpa ; panneau,bouddhisme,In situ,Maronet Léa
ASOK_KAN051e_lotus_989.png,lotus,"[[1898, 1011], [1999, 1181], [2108, 1257], [2184, 1213], [2293, 1124], [2330, 1023], [2310, 902], [2281, 789], [2156, 813], [2023, 841], [1942, 902], [1898, 1011]]",1.0,ASOK_KAN051e.JPG,ASOK_KAN051e,Karnataka,Āndhradeśa,Kaṇagaṇahaḷḷi,Ṣaḍdantajātaka I et II,1 B.C. ; 1 A.D. ; 2 A.D. ; 3 A.D. ,Stūpa ; panneau,bouddhisme,In situ,Maronet Léa
ASOK_KAN051e_lotus_990.png,lotus,"[[2108, 1298], [2156, 1431], [2310, 1605], [2390, 1597], [2532, 1459], [2576, 1298], [2584, 1156], [2483, 1140], [2362, 1120], [2261, 1148], [2188, 1213], [2108, 1298]]",0.99,ASOK_KAN051e.JPG,ASOK_KAN051e,Karnataka,Āndhradeśa,Kaṇagaṇahaḷḷi,Ṣaḍdantajātaka I et II,1 B.C. ; 1 A.D. ; 2 A.D. ; 3 A.D. ,Stūpa ; panneau,bouddhisme,In situ,Maronet Léa
ASOK_KAN051e_lotus_991.png,lotus,"[[2581, 1261], [2615, 1429], [2742, 1585], [2952, 1669], [2968, 1795], [2960, 1984], [2956, 2227], [2969, 2238], [3035, 2236], [3064, 2097], [3068, 1961], [3064, 1794], [3082, 1657], [3199, 1628], [3308, 1560], [3409, 1426], [3449, 1232], [3417, 1059], [3357, 966], [3203, 841], [3033, 808], [2904, 833], [2706, 942], [2593, 1103], [2581, 1261]]",0.99,ASOK_KAN051e.JPG,ASOK_KAN051e,Karnataka,Āndhradeśa,Kaṇagaṇahaḷḷi,Ṣaḍdantajātaka I et II,1 B.C. ; 1 A.D. ; 2 A.D. ; 3 A.D. ,Stūpa ; panneau,bouddhisme,In situ,Maronet Léa
ASOK_KAN051e_lotus_992.png,lotus,"[[3077, 1958], [3077, 2067], [3166, 2156], [3283, 2197], [3360, 2229], [3493, 2237], [3667, 2229], [3732, 2209], [3691, 2092], [3558, 1995], [3477, 1971], [3380, 1914], [3243, 1922], [3138, 1926], [3077, 1958]]",1.0,ASOK_KAN051e.JPG,ASOK_KAN051e,Karnataka,Āndhradeśa,Kaṇagaṇahaḷḷi,Ṣaḍdantajātaka I et II,1 B.C. ; 1 A.D. ; 2 A.D. ; 3 A.D. ,Stūpa ; panneau,bouddhisme,In situ,Maronet Léa
ASOK_KAN051e_lotus_993.png,lotus,"[[3186, 1724], [3263, 1825], [3412, 1870], [3530, 1902], [3691, 2019], [3824, 2096], [3849, 2225], [3925, 2245], [3917, 2092], [3962, 2043], [4035, 1946], [4204, 1777], [4398, 1672], [4463, 1599], [4463, 1526], [4410, 1474], [4281, 1425], [4156, 1433], [4083, 1401], [3986, 1417], [3853, 1454], [3691, 1449], [3610, 1518], [3513, 1550], [3364, 1587], [3287, 1623], [3186, 1724]]",1.0,ASOK_KAN051e.JPG,ASOK_KAN051e,Karnataka,Āndhradeśa,Kaṇagaṇahaḷḷi,Ṣaḍdantajātaka I et II,1 B.C. ; 1 A.D. ; 2 A.D. ; 3 A.D. ,Stūpa ; panneau,bouddhisme,In situ,Maronet Léa
ASOK_KAN051e_lotus_994.png,lotus,"[[4059, 2080], [4115, 2173], [4208, 2193], [4293, 2160], [4321, 2209], [4394, 2233], [4354, 2104], [4358, 1954], [4313, 1874], [4216, 1853], [4140, 1861], [4091, 1950], [4059, 2080]]",0.97,ASOK_KAN051e.JPG,ASOK_KAN051e,Karnataka,Āndhradeśa,Kaṇagaṇahaḷḷi,Ṣaḍdantajātaka I et II,1 B.C. ; 1 A.D. ; 2 A.D. ; 3 A.D. ,Stūpa ; panneau,bouddhisme,In situ,Maronet Léa
ASOK_KAN051e_lotus_995.png,lotus,"[[4354, 1926], [4378, 2092], [4455, 2189], [4608, 2225], [4604, 1587], [4548, 1603], [4438, 1672], [4394, 1785], [4354, 1926]]",0.98,ASOK_KAN051e.JPG,ASOK_KAN051e,Karnataka,Āndhradeśa,Kaṇagaṇahaḷḷi,Ṣaḍdantajātaka I et II,1 B.C. ; 1 A.D. ; 2 A.D. ; 3 A.D. ,Stūpa ; panneau,bouddhisme,In situ,Maronet Léa
ASOK_KAN051e_lotus_996.png,lotus,"[[3425, 1013], [3477, 1175], [3606, 1361], [3772, 1449], [3841, 1449], [3869, 1381], [3853, 1195], [3788, 1050], [3695, 904], [3586, 815], [3501, 791], [3433, 856], [3425, 1013]]",1.0,ASOK_KAN051e.JPG,ASOK_KAN051e,Karnataka,Āndhradeśa,Kaṇagaṇahaḷḷi,Ṣaḍdantajātaka I et II,1 B.C. ; 1 A.D. ; 2 A.D. ; 3 A.D. ,Stūpa ; panneau,bouddhisme,In situ,Maronet Léa
ASOK_KAN051e_lotus_997.png,lotus,"[[3085, 710], [3118, 815], [3235, 864], [3320, 937], [3400, 900], [3509, 803], [3566, 722], [3558, 593], [3542, 452], [3477, 339], [3372, 359], [3231, 403], [3170, 464], [3126, 581], [3085, 710]]",1.0,ASOK_KAN051e.JPG,ASOK_KAN051e,Karnataka,Āndhradeśa,Kaṇagaṇahaḷḷi,Ṣaḍdantajātaka I et II,1 B.C. ; 1 A.D. ; 2 A.D. ; 3 A.D. ,Stūpa ; panneau,bouddhisme,In situ,Maronet Léa
ASOK_KAN051e_lotus_998.png,lotus,"[[3974, 537], [4014, 670], [4152, 690], [4277, 743], [4329, 678], [4410, 577], [4447, 432], [4418, 238], [4333, 113], [4261, 117], [4103, 189], [4030, 327], [3974, 537]]",0.97,ASOK_KAN051e.JPG,ASOK_KAN051e,Karnataka,Āndhradeśa,Kaṇagaṇahaḷḷi,Ṣaḍdantajātaka I et II,1 B.C. ; 1 A.D. ; 2 A.D. ; 3 A.D. ,Stūpa ; panneau,bouddhisme,In situ,Maronet Léa
ASOK_KAN051e_lotus_999.png,lotus,"[[2269, 779], [2302, 892], [2354, 969], [2395, 989], [2483, 949], [2475, 1098], [2516, 1110], [2609, 1046], [2669, 977], [2807, 892], [2964, 795], [3017, 735], [3089, 654], [3142, 533], [3190, 428], [3211, 371], [3154, 319], [3053, 323], [3065, 222], [3097, 96], [3162, 3], [2584, 0], [2568, 20], [2540, 133], [2471, 242], [2342, 419], [2306, 617], [2269, 779]]",0.99,ASOK_KAN051e.JPG,ASOK_KAN051e,Karnataka,Āndhradeśa,Kaṇagaṇahaḷḷi,Ṣaḍdantajātaka I et II,1 B.C. ; 1 A.D. ; 2 A.D. ; 3 A.D. ,Stūpa ; panneau,bouddhisme,In situ,Maronet Léa
ASOK_KAN051e_lotus_1000.png,lotus,"[[476, 545], [512, 674], [601, 666], [730, 638], [840, 642], [844, 601], [835, 444], [759, 331], [674, 266], [597, 218], [557, 222], [496, 339], [476, 545]]",0.98,ASOK_KAN051e.JPG,ASOK_KAN051e,Karnataka,Āndhradeśa,Kaṇagaṇahaḷḷi,Ṣaḍdantajātaka I et II,1 B.C. ; 1 A.D. ; 2 A.D. ; 3 A.D. ,Stūpa ; panneau,bouddhisme,In situ,Maronet Léa
ASOK_KAN051e_lotus_1001.png,lotus,"[[254, 961], [363, 1005], [488, 1078], [634, 1098], [783, 1159], [957, 1171], [1171, 1159], [1138, 1013], [1082, 908], [1021, 799], [957, 646], [823, 638], [714, 638], [577, 662], [508, 710], [395, 718], [298, 775], [258, 868], [254, 961]]",0.99,ASOK_KAN051e.JPG,ASOK_KAN051e,Karnataka,Āndhradeśa,Kaṇagaṇahaḷḷi,Ṣaḍdantajātaka I et II,1 B.C. ; 1 A.D. ; 2 A.D. ; 3 A.D. ,Stūpa ; panneau,bouddhisme,In situ,Maronet Léa
ASOK_KAN051e_lotus_1002.png,lotus,"[[1478, 561], [1599, 747], [1692, 884], [1793, 961], [1898, 1005], [1918, 941], [1983, 856], [2084, 827], [2265, 795], [2273, 755], [2217, 722], [2043, 674], [1902, 617], [1748, 581], [1607, 561], [1478, 561]]",0.98,ASOK_KAN051e.JPG,ASOK_KAN051e,Karnataka,Āndhradeśa,Kaṇagaṇahaḷḷi,Ṣaḍdantajātaka I et II,1 B.C. ; 1 A.D. ; 2 A.D. ; 3 A.D. ,Stūpa ; panneau,bouddhisme,In situ,Maronet Léa
ASOK_KAN051e_lotus_1003.png,lotus,"[[480, 149], [541, 258], [569, 209], [650, 254], [779, 331], [840, 222], [908, 92], [908, 3], [508, 0], [480, 149]]",1.0,ASOK_KAN051e.JPG,ASOK_KAN051e,Karnataka,Āndhradeśa,Kaṇagaṇahaḷḷi,Ṣaḍdantajātaka I et II,1 B.C. ; 1 A.D. ; 2 A.D. ; 3 A.D. ,Stūpa ; panneau,bouddhisme,In situ,Maronet Léa
ASOK_KAN051e_lotus_1004.png,lotus,"[[1021, 230], [1098, 319], [1247, 424], [1381, 484], [1433, 407], [1445, 294], [1425, 169], [1385, 16], [1110, 0], [1041, 145], [1021, 230]]",0.99,ASOK_KAN051e.JPG,ASOK_KAN051e,Karnataka,Āndhradeśa,Kaṇagaṇahaḷḷi,Ṣaḍdantajātaka I et II,1 B.C. ; 1 A.D. ; 2 A.D. ; 3 A.D. ,Stūpa ; panneau,bouddhisme,In situ,Maronet Léa
ASOK_KAN051e_lotus_1005.png,lotus,"[[3550, 613], [3566, 739], [3627, 848], [3784, 953], [3849, 1054], [3897, 1235], [3958, 1332], [3950, 1429], [3990, 1417], [4014, 1381], [4103, 1389], [4164, 1320], [4236, 1272], [4467, 1183], [4608, 1114], [4608, 941], [4548, 848], [4451, 799], [4366, 791], [4313, 767], [4200, 694], [4071, 678], [3962, 646], [3841, 577], [3695, 577], [3566, 581], [3550, 613]]",0.97,ASOK_KAN051e.JPG,ASOK_KAN051e,Karnataka,Āndhradeśa,Kaṇagaṇahaḷḷi,Ṣaḍdantajātaka I et II,1 B.C. ; 1 A.D. ; 2 A.D. ; 3 A.D. ,Stūpa ; panneau,bouddhisme,In situ,Maronet Léa
ASOK_AMA072_lotus_1409.png,lotus,"[[493, 1024], [493, 1059], [500, 1059], [502, 1061], [502, 1067], [517, 1067], [517, 1059], [519, 1058], [521, 1058], [523, 1056], [528, 1056], [528, 1024], [493, 1024]]",0.81,ASOK_AMA072.jpg,ASOK_AMA072,Andhra Pradesh,Āndhradeśa,Amarāvatī,Stūpa figuré ; Buddha entourré de dévots et piliers avec lions,1 A.D. ; 2 A.D. ; 3 A.D.,Stūpa ; panneau,bouddhisme,The British Museum,Maronet Léa
ASOK_AMA072_lotus_1421.png,lotus,"[[485, 1061], [485, 1112], [528, 1112], [528, 1069], [521, 1069], [519, 1067], [519, 1061], [485, 1061]]",0.34,ASOK_AMA072.jpg,ASOK_AMA072,Andhra Pradesh,Āndhradeśa,Amarāvatī,Stūpa figuré ; Buddha entourré de dévots et piliers avec lions,1 A.D. ; 2 A.D. ; 3 A.D.,Stūpa ; panneau,bouddhisme,The British Museum,Maronet Léa
ASOK_AMA072_lotus_1439.png,lotus,"[[305, 934], [305, 969], [313, 969], [315, 971], [315, 977], [337, 977], [337, 971], [341, 968], [348, 968], [348, 934], [305, 934]]",0.86,ASOK_AMA072.jpg,ASOK_AMA072,Andhra Pradesh,Āndhradeśa,Amarāvatī,Stūpa figuré ; Buddha entourré de dévots et piliers avec lions,1 A.D. ; 2 A.D. ; 3 A.D.,Stūpa ; panneau,bouddhisme,The British Museum,Maronet Léa
ASOK_AMA072_lotus_1440.png,lotus,"[[493, 934], [493, 968], [504, 968], [506, 969], [511, 969], [513, 968], [517, 968], [521, 964], [528, 964], [528, 934], [493, 934]]",0.85,ASOK_AMA072.jpg,ASOK_AMA072,Andhra Pradesh,Āndhradeśa,Amarāvatī,Stūpa figuré ; Buddha entourré de dévots et piliers avec lions,1 A.D. ; 2 A.D. ; 3 A.D.,Stūpa ; panneau,bouddhisme,The British Museum,Maronet Léa
ASOK_AMA072_lotus_1456.png,lotus,"[[590, 949], [590, 984], [598, 984], [599, 986], [599, 992], [618, 992], [618, 986], [624, 981], [624, 979], [628, 975], [633, 975], [633, 962], [628, 962], [624, 958], [624, 949], [590, 949]]",0.76,ASOK_AMA072.jpg,ASOK_AMA072,Andhra Pradesh,Āndhradeśa,Amarāvatī,Stūpa figuré ; Buddha entourré de dévots et piliers avec lions,1 A.D. ; 2 A.D. ; 3 A.D.,Stūpa ; panneau,bouddhisme,The British Museum,Maronet Léa
ASOK_AMA072_lotus_1457.png,lotus,"[[702, 956], [702, 992], [710, 992], [712, 994], [712, 999], [723, 999], [723, 994], [727, 990], [727, 988], [732, 982], [738, 982], [738, 956], [702, 956]]",0.82,ASOK_AMA072.jpg,ASOK_AMA072,Andhra Pradesh,Āndhradeśa,Amarāvatī,Stūpa figuré ; Buddha entourré de dévots et piliers avec lions,1 A.D. ; 2 A.D. ; 3 A.D.,Stūpa ; panneau,bouddhisme,The British Museum,Maronet Léa
ASOK_AMA072_lotus_1462.png,lotus,"[[88, 971], [88, 1003], [94, 1003], [96, 1005], [105, 1005], [107, 1007], [116, 1007], [122, 1001], [122, 999], [124, 998], [124, 996], [126, 994], [131, 994], [131, 982], [126, 982], [124, 981], [124, 971], [88, 971]]",0.8,ASOK_AMA072.jpg,ASOK_AMA072,Andhra Pradesh,Āndhradeśa,Amarāvatī,Stūpa figuré ; Buddha entourré de dévots et piliers avec lions,1 A.D. ; 2 A.D. ; 3 A.D.,Stūpa ; panneau,bouddhisme,The British Museum,Maronet Léa
ASOK_AMA072_lotus_1463.png,lotus,"[[200, 971], [200, 1007], [206, 1007], [208, 1009], [208, 1014], [230, 1014], [230, 1009], [236, 1003], [244, 1003], [244, 971], [200, 971]]",0.84,ASOK_AMA072.jpg,ASOK_AMA072,Andhra Pradesh,Āndhradeśa,Amarāvatī,Stūpa figuré ; Buddha entourré de dévots et piliers avec lions,1 A.D. ; 2 A.D. ; 3 A.D.,Stūpa ; panneau,bouddhisme,The British Museum,Maronet Léa
ASOK_AMA072_lotus_1464.png,lotus,"[[313, 979], [313, 1022], [339, 1022], [339, 1016], [343, 1012], [348, 1012], [348, 979], [313, 979]]",0.84,ASOK_AMA072.jpg,ASOK_AMA072,Andhra Pradesh,Āndhradeśa,Amarāvatī,Stūpa figuré ; Buddha entourré de dévots et piliers avec lions,1 A.D. ; 2 A.D. ; 3 A.D.,Stūpa ; panneau,bouddhisme,The British Museum,Maronet Léa
ASOK_AMA072_lotus_1469.png,lotus,"[[305, 1024], [305, 1058], [311, 1058], [315, 1061], [317, 1061], [318, 1063], [320, 1063], [322, 1065], [341, 1065], [347, 1059], [347, 1058], [348, 1056], [348, 1054], [350, 1052], [356, 1052], [356, 1041], [350, 1041], [348, 1039], [348, 1037], [347, 1035], [347, 1033], [345, 1031], [345, 1024], [305, 1024]]",0.87,ASOK_AMA072.jpg,ASOK_AMA072,Andhra Pradesh,Āndhradeśa,Amarāvatī,Stūpa figuré ; Buddha entourré de dévots et piliers avec lions,1 A.D. ; 2 A.D. ; 3 A.D.,Stūpa ; panneau,bouddhisme,The British Museum,Maronet Léa
ASOK_AMA072_lion_1470.png,lion,"[[485, 671], [485, 797], [511, 797], [511, 776], [510, 774], [510, 767], [511, 765], [511, 763], [515, 759], [521, 759], [526, 765], [528, 765], [532, 769], [532, 771], [528, 774], [526, 774], [525, 776], [525, 778], [523, 780], [521, 780], [519, 782], [519, 784], [523, 784], [525, 786], [526, 786], [528, 788], [538, 788], [541, 791], [541, 797], [581, 797], [581, 782], [575, 782], [571, 778], [571, 776], [569, 774], [569, 772], [568, 771], [568, 769], [566, 767], [566, 765], [562, 761], [562, 759], [560, 758], [560, 756], [556, 752], [556, 750], [545, 739], [545, 737], [538, 729], [538, 728], [534, 724], [534, 716], [532, 714], [534, 712], [534, 709], [532, 707], [532, 694], [530, 692], [530, 686], [528, 684], [528, 681], [526, 679], [526, 671], [485, 671]]",0.97,ASOK_AMA072.jpg,ASOK_AMA072,Andhra Pradesh,Āndhradeśa,Amarāvatī,Stūpa figuré ; Buddha entourré de dévots et piliers avec lions,1 A.D. ; 2 A.D. ; 3 A.D.,Stūpa ; panneau,bouddhisme,The British Museum,Maronet Léa
ASOK_AMA072_lotus_1471.png,lotus,"[[590, 911], [590, 945], [620, 945], [624, 941], [624, 939], [628, 936], [633, 936], [633, 924], [628, 924], [624, 921], [624, 911], [590, 911]]",0.83,ASOK_AMA072.jpg,ASOK_AMA072,Andhra Pradesh,Āndhradeśa,Amarāvatī,Stūpa figuré ; Buddha entourré de dévots et piliers avec lions,1 A.D. ; 2 A.D. ; 3 A.D.,Stūpa ; panneau,bouddhisme,The British Museum,Maronet Léa
ASOK_AMA072_lotus_1472.png,lotus,"[[643, 911], [643, 936], [652, 936], [654, 934], [659, 934], [661, 936], [667, 936], [669, 938], [673, 938], [676, 934], [676, 932], [678, 930], [678, 924], [676, 922], [676, 911], [643, 911]]",0.8,ASOK_AMA072.jpg,ASOK_AMA072,Andhra Pradesh,Āndhradeśa,Amarāvatī,Stūpa figuré ; Buddha entourré de dévots et piliers avec lions,1 A.D. ; 2 A.D. ; 3 A.D.,Stūpa ; panneau,bouddhisme,The British Museum,Maronet Léa
ASOK_AMA072_lotus_1473.png,lotus,"[[133, 919], [133, 939], [139, 939], [140, 938], [148, 938], [157, 947], [159, 947], [161, 949], [163, 949], [165, 951], [167, 951], [170, 954], [176, 954], [176, 919], [133, 919]]",0.59,ASOK_AMA072.jpg,ASOK_AMA072,Andhra Pradesh,Āndhradeśa,Amarāvatī,Stūpa figuré ; Buddha entourré de dévots et piliers avec lions,1 A.D. ; 2 A.D. ; 3 A.D.,Stūpa ; panneau,bouddhisme,The British Museum,Maronet Léa
ASOK_AMA072_lotus_1474.png,lotus,"[[140, 919], [140, 941], [148, 941], [152, 945], [154, 945], [155, 947], [157, 947], [159, 949], [161, 949], [163, 951], [165, 951], [167, 952], [172, 952], [174, 951], [184, 951], [184, 930], [178, 930], [174, 926], [174, 919], [140, 919]]",0.78,ASOK_AMA072.jpg,ASOK_AMA072,Andhra Pradesh,Āndhradeśa,Amarāvatī,Stūpa figuré ; Buddha entourré de dévots et piliers avec lions,1 A.D. ; 2 A.D. ; 3 A.D.,Stūpa ; panneau,bouddhisme,The British Museum,Maronet Léa
ASOK_AMA072_lotus_1475.png,lotus,"[[193, 919], [193, 954], [200, 954], [202, 956], [202, 958], [204, 960], [206, 960], [208, 962], [210, 962], [212, 964], [212, 969], [223, 969], [223, 964], [225, 962], [227, 962], [229, 960], [230, 960], [232, 958], [232, 956], [234, 954], [234, 952], [238, 949], [244, 949], [244, 939], [238, 939], [236, 938], [236, 936], [234, 934], [234, 930], [232, 928], [232, 919], [193, 919]]",0.86,ASOK_AMA072.jpg,ASOK_AMA072,Andhra Pradesh,Āndhradeśa,Amarāvatī,Stūpa figuré ; Buddha entourré de dévots et piliers avec lions,1 A.D. ; 2 A.D. ; 3 A.D.,Stūpa ; panneau,bouddhisme,The British Museum,Maronet Léa
ASOK_AMA072_lotus_1476.png,lotus,"[[88, 926], [88, 958], [94, 958], [96, 960], [97, 960], [101, 964], [101, 969], [114, 969], [114, 964], [120, 958], [120, 956], [122, 954], [122, 952], [124, 951], [124, 949], [126, 947], [131, 947], [131, 938], [126, 938], [124, 936], [124, 926], [88, 926]]",0.76,ASOK_AMA072.jpg,ASOK_AMA072,Andhra Pradesh,Āndhradeśa,Amarāvatī,Stūpa figuré ; Buddha entourré de dévots et piliers avec lions,1 A.D. ; 2 A.D. ; 3 A.D.,Stūpa ; panneau,bouddhisme,The British Museum,Maronet Léa
ASOK_TEL009_lotus_1629.png,lotus,"[[1668, 3225], [1692, 3487], [2833, 3510], [2824, 3258], [2833, 3000], [2740, 2935], [2646, 2771], [2553, 2645], [2225, 2649], [2010, 2659], [1865, 2776], [1692, 3028], [1668, 3225]]",0.99,ASOK_TEL009.JPG,ASOK_TEL009,Telangana,Āndhradeśa,Phanigiri,Demi-médaillons lotiformes et lion,3 A.D.,Stūpa ; frise,bouddhisme,Telangana Department of Heritage,Maronet Léa
ASOK_TEL009_lotus_1630.png,lotus,"[[1668, 1868], [1697, 1971], [1804, 1943], [1860, 1929], [1898, 1859], [2001, 1934], [2164, 1962], [2403, 1985], [2595, 1891], [2698, 1863], [2763, 1943], [2829, 1948], [2871, 1162], [1678, 1162], [1697, 1569], [1668, 1868]]",0.99,ASOK_TEL009.JPG,ASOK_TEL009,Telangana,Āndhradeśa,Phanigiri,Demi-médaillons lotiformes et lion,3 A.D.,Stūpa ; frise,bouddhisme,Telangana Department of Heritage,Maronet Léa
ASOK_TEL009_lion_1631.png,lion,"[[1224, 4479], [1296, 4524], [1399, 4515], [1380, 4450], [1418, 4375], [1600, 4356], [1769, 4337], [1881, 4314], [1975, 4407], [2269, 4440], [2227, 4520], [2297, 4543], [2587, 4534], [2728, 4548], [2793, 4515], [2779, 4421], [2676, 4384], [2559, 4375], [2564, 4319], [2676, 4258], [2878, 4305], [2924, 4211], [2948, 4052], [2849, 3982], [2718, 3911], [2545, 3940], [2302, 4066], [2157, 4089], [1979, 4019], [1815, 3972], [1642, 3982], [1523, 4066], [1492, 4182], [1473, 4196], [1325, 4284], [1224, 4479]]",0.99,ASOK_TEL009.JPG,ASOK_TEL009,Telangana,Āndhradeśa,Phanigiri,Demi-médaillons lotiformes et lion,3 A.D.,Stūpa ; frise,bouddhisme,Telangana Department of Heritage,Maronet Léa
ASOK_KANE004_éléphant_1664.png,éléphant,"[[87, 836], [181, 989], [297, 950], [379, 992], [382, 1080], [323, 1134], [277, 1278], [232, 1494], [351, 1500], [498, 1474], [507, 1432], [496, 1341], [549, 1346], [663, 1443], [697, 1494], [989, 1471], [1077, 1443], [1071, 1375], [1014, 1312], [955, 1264], [960, 1191], [1009, 1168], [1009, 1080], [938, 1046], [878, 1046], [813, 1083], [793, 986], [807, 867], [912, 910], [997, 879], [1020, 626], [941, 513], [864, 451], [697, 431], [586, 414], [504, 411], [433, 448], [354, 448], [238, 462], [204, 524], [90, 672], [87, 836]]",1.0,ASOK_KANE004.jpg,ASOK_KANE004,Maharashtra,Mahārāṣṭra,Kānherī,Haut de chapiteau avec éléphant et personnages,1 B.C.,Grotte ; pilier ; chapiteau,bouddhisme,In situ,Maronet Léa
ASOK_KANE004_éléphant_1665.png,éléphant,"[[1085, 1432], [1340, 1443], [1695, 1443], [1916, 1443], [2043, 1429], [2126, 1423], [2194, 1417], [2253, 1403], [2245, 1412], [2321, 1417], [2480, 1415], [2571, 1383], [2568, 1449], [2766, 1474], [2931, 1474], [2905, 1335], [2931, 1236], [2868, 1128], [2749, 1049], [2715, 1012], [2786, 958], [2882, 802], [2885, 652], [2834, 459], [2783, 388], [2661, 374], [2565, 385], [2514, 357], [2406, 402], [2298, 402], [2194, 476], [2131, 544], [2123, 604], [2134, 672], [2049, 680], [1958, 686], [1887, 714], [1873, 768], [1921, 777], [1981, 856], [1978, 964], [1936, 910], [1873, 859], [1777, 839], [1737, 814], [1703, 782], [1610, 836], [1491, 893], [1428, 958], [1400, 1023], [1394, 1128], [1425, 1188], [1286, 1205], [1165, 1219], [1085, 1432]]",1.0,ASOK_KANE004.jpg,ASOK_KANE004,Maharashtra,Mahārāṣṭra,Kānherī,Haut de chapiteau avec éléphant et personnages,1 B.C.,Grotte ; pilier ; chapiteau,bouddhisme,In situ,Maronet Léa
ASOK_AMA053_lotus_1669.png,lotus,"[[7, 2707], [29, 2850], [1220, 2845], [1246, 2796], [1268, 2580], [1236, 2443], [1225, 2370], [1232, 2332], [1236, 2220], [1246, 2153], [1198, 2134], [1131, 2138], [1090, 2182], [1030, 2128], [862, 2039], [709, 2005], [585, 2002], [373, 2058], [267, 2128], [210, 2176], [173, 2180], [119, 2147], [65, 2135], [20, 2156], [38, 2226], [23, 2329], [14, 2380], [25, 2456], [7, 2707]]",0.98,ASOK_AMA053.jpg,ASOK_AMA053,Andhra Pradesh,Āndhradeśa,Amarāvatī,Pilier de balustrade avec demi-médaillon lotiforme ; scènes de dévotion au Buddha aniconique et roi (cakravartin) entouré de sa cour,1 A.D. ; 2 A.D. ; 3 A.D.,Stūpa ; balustrade ; pilier,bouddhisme,Chennai Government Museum,Maronet Léa
ASOK_AMA053_lion_1670.png,lion,"[[665, 3001], [676, 3007], [680, 2988], [698, 2986], [715, 2967], [740, 2967], [766, 2980], [782, 2991], [817, 2999], [864, 2996], [884, 2983], [892, 2951], [864, 2947], [861, 2926], [895, 2916], [906, 2896], [881, 2878], [849, 2878], [825, 2890], [816, 2922], [781, 2910], [743, 2896], [712, 2899], [689, 2925], [686, 2954], [667, 2963], [665, 3001]]",0.99,ASOK_AMA053.jpg,ASOK_AMA053,Andhra Pradesh,Āndhradeśa,Amarāvatī,Pilier de balustrade avec demi-médaillon lotiforme ; scènes de dévotion au Buddha aniconique et roi (cakravartin) entouré de sa cour,1 A.D. ; 2 A.D. ; 3 A.D.,Stūpa ; balustrade ; pilier,bouddhisme,Chennai Government Museum,Maronet Léa
ASOK_AMA053_lion_1671.png,lion,"[[305, 2998], [328, 2999], [346, 2979], [372, 2972], [385, 2958], [423, 2980], [462, 2996], [500, 2988], [541, 2988], [563, 2966], [534, 2942], [528, 2919], [566, 2932], [566, 2906], [554, 2878], [524, 2877], [493, 2902], [476, 2934], [432, 2922], [400, 2900], [363, 2899], [346, 2940], [328, 2961], [305, 2998]]",1.0,ASOK_AMA053.jpg,ASOK_AMA053,Andhra Pradesh,Āndhradeśa,Amarāvatī,Pilier de balustrade avec demi-médaillon lotiforme ; scènes de dévotion au Buddha aniconique et roi (cakravartin) entouré de sa cour,1 A.D. ; 2 A.D. ; 3 A.D.,Stūpa ; balustrade ; pilier,bouddhisme,Chennai Government Museum,Maronet Léa
ASOK_AND001_lion_1735.png,lion,"[[1950, 3012], [1978, 3032], [2076, 3036], [2161, 3044], [2230, 3028], [2287, 3028], [2352, 3020], [2507, 3044], [2604, 3032], [2710, 3052], [2877, 3048], [2921, 3073], [3031, 3057], [3011, 2955], [3035, 2918], [3011, 2817], [2942, 2792], [2889, 2695], [2860, 2621], [2893, 2556], [2986, 2573], [2974, 2516], [3027, 2483], [3007, 2402], [2946, 2349], [2799, 2276], [2702, 2312], [2625, 2418], [2608, 2544], [2596, 2691], [2495, 2748], [2340, 2715], [2210, 2715], [2092, 2768], [1974, 2861], [1950, 3012]]",1.0,ASOK_AND001.JPG,ASOK_AND001,Andhra Pradesh,Āndhradeśa,Ghaṇṭasala,Pilier d'Aśoka avec lions et roue,3 A.D.,Stūpa ; panneau ; bordure,bouddhisme,The Metropolitan Museum of Art (MET),Maronet Léa
ASOK_AND001_lion_1748.png,lion,"[[575, 2979], [612, 3077], [718, 3065], [787, 3036], [872, 3044], [1023, 3044], [1084, 3016], [1218, 3028], [1267, 3040], [1507, 3040], [1653, 3020], [1653, 2963], [1555, 2804], [1429, 2735], [1311, 2691], [1161, 2711], [1047, 2662], [1015, 2512], [949, 2398], [876, 2312], [738, 2353], [689, 2426], [636, 2491], [636, 2605], [710, 2699], [779, 2707], [665, 2804], [592, 2825], [604, 2935], [575, 2979]]",0.99,ASOK_AND001.JPG,ASOK_AND001,Andhra Pradesh,Āndhradeśa,Ghaṇṭasala,Pilier d'Aśoka avec lions et roue,3 A.D.,Stūpa ; panneau ; bordure,bouddhisme,The Metropolitan Museum of Art (MET),Maronet Léa
ASOK_KANE006_éléphant_1782.png,éléphant,"[[129, 905], [134, 989], [210, 1135], [207, 1186], [221, 1251], [191, 1279], [165, 1402], [533, 1400], [522, 1363], [477, 1273], [483, 1172], [559, 1138], [606, 1110], [646, 1079], [651, 1043], [668, 1001], [674, 944], [708, 936], [739, 902], [786, 899], [845, 902], [814, 950], [873, 981], [910, 967], [916, 874], [930, 804], [977, 745], [1006, 717], [1056, 731], [1050, 694], [1022, 632], [1070, 658], [1160, 666], [1213, 644], [1222, 610], [1317, 562], [1374, 492], [1410, 486], [1444, 469], [1489, 436], [1489, 379], [1455, 346], [1360, 363], [1312, 422], [1250, 481], [1166, 481], [1070, 410], [1028, 405], [952, 365], [862, 363], [789, 433], [685, 526], [578, 571], [452, 624], [345, 672], [210, 764], [129, 905]]",0.99,ASOK_KANE006.jpg,ASOK_KANE006,Maharashtra,Mahārāṣṭra,Kānherī,Haut de chapiteau avec éléphants ondoyant un stūpa et nāgas en dévotion,1 B.C.,Grotte ; pilier ; chapiteau,bouddhisme,In situ,Maronet Léa
ASOK_BHA162_oie_1806.png,oie,"[[1814, 575], [1847, 664], [1912, 622], [1973, 632], [2048, 646], [1997, 772], [1945, 875], [1936, 1020], [1978, 1146], [2090, 1226], [2170, 1221], [2226, 1202], [2212, 1254], [2142, 1319], [2244, 1319], [2287, 1268], [2324, 1245], [2441, 1235], [2474, 1319], [2633, 1333], [2694, 1212], [2694, 1095], [2642, 964], [2535, 856], [2357, 809], [2146, 777], [2193, 650], [2160, 552], [2090, 473], [1987, 459], [1912, 463], [1884, 533], [1814, 575]]",0.98,ASOK_BHA162.JPG,ASOK_BHA162,Madhya Pradesh,Madhyapradeśa,Bhārhut,Vase d'abondance ; fleurs de lotus et oiseau,2 B.C.,Stūpa ; balustrade ; pilier,bouddhisme,Allahabad Municipal Museum,Maronet Léa
ASOK_BHA162_lotus_1813.png,lotus,"[[2151, 468], [2160, 533], [2207, 660], [2319, 767], [2460, 814], [2553, 814], [2647, 898], [2726, 1034], [2750, 1146], [2661, 1324], [2956, 1338], [2993, 1193], [2946, 1081], [3124, 781], [3241, 777], [3250, 571], [3180, 529], [2661, 496], [2544, 496], [2446, 505], [2282, 473], [2151, 468]]",0.97,ASOK_BHA162.JPG,ASOK_BHA162,Madhya Pradesh,Madhyapradeśa,Bhārhut,Vase d'abondance ; fleurs de lotus et oiseau,2 B.C.,Stūpa ; balustrade ; pilier,bouddhisme,Allahabad Municipal Museum,Maronet Léa
ASOK_BHA162_lotus_1814.png,lotus,"[[317, 697], [378, 763], [481, 772], [570, 950], [616, 1067], [570, 1160], [481, 1296], [724, 1305], [925, 1310], [813, 1085], [869, 978], [1028, 777], [1150, 749], [1304, 721], [1393, 683], [1487, 590], [1496, 487], [1393, 468], [1332, 463], [1210, 459], [1108, 487], [1084, 449], [972, 435], [686, 435], [354, 426], [317, 697]]",0.97,ASOK_BHA162.JPG,ASOK_BHA162,Madhya Pradesh,Madhyapradeśa,Bhārhut,Vase d'abondance ; fleurs de lotus et oiseau,2 B.C.,Stūpa ; balustrade ; pilier,bouddhisme,Allahabad Municipal Museum,Maronet Léa
ASOK_BHA162_oie_1815.png,oie,"[[911, 1118], [916, 1282], [981, 1305], [1126, 1254], [1210, 1230], [1267, 1240], [1248, 1315], [1444, 1315], [1538, 1301], [1487, 1216], [1589, 997], [1636, 819], [1646, 706], [1795, 683], [1767, 599], [1547, 580], [1496, 669], [1468, 800], [1384, 786], [1168, 781], [1042, 842], [1009, 917], [911, 1118]]",0.98,ASOK_BHA162.JPG,ASOK_BHA162,Madhya Pradesh,Madhyapradeśa,Bhārhut,Vase d'abondance ; fleurs de lotus et oiseau,2 B.C.,Stūpa ; balustrade ; pilier,bouddhisme,Allahabad Municipal Museum,Maronet Léa
ASOK_BHA162_lotus_1816.png,lotus,"[[1566, 1146], [1580, 1216], [1678, 1245], [1758, 1235], [1800, 1179], [1795, 1043], [1777, 926], [1819, 730], [1767, 725], [1692, 945], [1599, 1025], [1566, 1146]]",1.0,ASOK_BHA162.JPG,ASOK_BHA162,Madhya Pradesh,Madhyapradeśa,Bhārhut,Vase d'abondance ; fleurs de lotus et oiseau,2 B.C.,Stūpa ; balustrade ; pilier,bouddhisme,Allahabad Municipal Museum,Maronet Léa
ASOK_BHA162_lotus_1817.png,lotus,"[[1786, 936], [1809, 1193], [1870, 1207], [1954, 1188], [1973, 1085], [1973, 866], [1894, 809], [1884, 706], [1837, 674], [1823, 837], [1786, 936]]",0.97,ASOK_BHA162.JPG,ASOK_BHA162,Madhya Pradesh,Madhyapradeśa,Bhārhut,Vase d'abondance ; fleurs de lotus et oiseau,2 B.C.,Stūpa ; balustrade ; pilier,bouddhisme,Allahabad Municipal Museum,Maronet Léa
ASOK_BHA162_lotus_1818.png,lotus,"[[1182, 2059], [1253, 2166], [1332, 2194], [1589, 2260], [1664, 2358], [1702, 2386], [1678, 2269], [1561, 2180], [1388, 2143], [1276, 2101], [1393, 2077], [1706, 2087], [1800, 2091], [1688, 1867], [1524, 1638], [1304, 1446], [1304, 1600], [1299, 1773], [1243, 1867], [1182, 2059]]",0.98,ASOK_BHA162.JPG,ASOK_BHA162,Madhya Pradesh,Madhyapradeśa,Bhārhut,Vase d'abondance ; fleurs de lotus et oiseau,2 B.C.,Stūpa ; balustrade ; pilier,bouddhisme,Allahabad Municipal Museum,Maronet Léa
ASOK_BHA162_lotus_1819.png,lotus,"[[364, 1394], [382, 1764], [415, 1839], [462, 1909], [527, 1928], [579, 1946], [663, 1932], [761, 1909], [860, 1946], [986, 2059], [986, 1998], [902, 1881], [761, 1834], [621, 1843], [775, 1652], [869, 1525], [1033, 1418], [364, 1394]]",0.99,ASOK_BHA162.JPG,ASOK_BHA162,Madhya Pradesh,Madhyapradeśa,Bhārhut,Vase d'abondance ; fleurs de lotus et oiseau,2 B.C.,Stūpa ; balustrade ; pilier,bouddhisme,Allahabad Municipal Museum,Maronet Léa
ASOK_BHA162_lotus_1820.png,lotus,"[[958, 1801], [986, 1942], [1037, 2054], [1126, 2180], [1192, 2232], [1281, 2246], [1351, 2274], [1487, 2297], [1585, 2386], [1557, 2283], [1393, 2199], [1248, 2185], [1159, 2054], [1164, 1960], [1206, 1867], [1196, 1675], [1126, 1483], [1065, 1404], [967, 1577], [958, 1801]]",0.98,ASOK_BHA162.JPG,ASOK_BHA162,Madhya Pradesh,Madhyapradeśa,Bhārhut,Vase d'abondance ; fleurs de lotus et oiseau,2 B.C.,Stūpa ; balustrade ; pilier,bouddhisme,Allahabad Municipal Museum,Maronet Léa
ASOK_BHA162_lotus_1821.png,lotus,"[[602, 3228], [766, 3355], [991, 3462], [1187, 3542], [1342, 3556], [1463, 3546], [1346, 3294], [1318, 3153], [1398, 3088], [1458, 3013], [1473, 2905], [1524, 2877], [1575, 2905], [1613, 2891], [1533, 2803], [1351, 2826], [1182, 2915], [1089, 2934], [1009, 2990], [892, 3093], [794, 3200], [686, 3214], [602, 3228]]",0.97,ASOK_BHA162.JPG,ASOK_BHA162,Madhya Pradesh,Madhyapradeśa,Bhārhut,Vase d'abondance ; fleurs de lotus et oiseau,2 B.C.,Stūpa ; balustrade ; pilier,bouddhisme,Allahabad Municipal Museum,Maronet Léa
ASOK_BHA162_lotus_1822.png,lotus,"[[1309, 1404], [1515, 1605], [1613, 1731], [1786, 1951], [1791, 2063], [1772, 2395], [1753, 2854], [1791, 2910], [1828, 2643], [1866, 2110], [1884, 1960], [1945, 1881], [1997, 1806], [2118, 1647], [2244, 1511], [2380, 1441], [1880, 1418], [1309, 1404]]",0.98,ASOK_BHA162.JPG,ASOK_BHA162,Madhya Pradesh,Madhyapradeśa,Bhārhut,Vase d'abondance ; fleurs de lotus et oiseau,2 B.C.,Stūpa ; balustrade ; pilier,bouddhisme,Allahabad Municipal Museum,Maronet Léa
ASOK_BHA162_lotus_1823.png,lotus,"[[378, 1806], [387, 2573], [485, 2550], [570, 2536], [658, 2494], [813, 2526], [822, 2330], [841, 2204], [883, 2068], [874, 2017], [841, 1942], [719, 1942], [584, 1960], [453, 1946], [378, 1806]]",0.97,ASOK_BHA162.JPG,ASOK_BHA162,Madhya Pradesh,Madhyapradeśa,Bhārhut,Vase d'abondance ; fleurs de lotus et oiseau,2 B.C.,Stūpa ; balustrade ; pilier,bouddhisme,Allahabad Municipal Museum,Maronet Léa
ASOK_BHA162_lotus_1824.png,lotus,"[[813, 2344], [813, 2484], [846, 2629], [1009, 2910], [1117, 2779], [1201, 2653], [1318, 2583], [1393, 2550], [1440, 2489], [1487, 2466], [1533, 2456], [1641, 2447], [1772, 2545], [1739, 2428], [1716, 2391], [1604, 2363], [1496, 2363], [1454, 2363], [1379, 2321], [1295, 2279], [1210, 2260], [1042, 2138], [902, 2054], [846, 2148], [813, 2344]]",1.0,ASOK_BHA162.JPG,ASOK_BHA162,Madhya Pradesh,Madhyapradeśa,Bhārhut,Vase d'abondance ; fleurs de lotus et oiseau,2 B.C.,Stūpa ; balustrade ; pilier,bouddhisme,Allahabad Municipal Museum,Maronet Léa
ASOK_BHA162_lotus_1825.png,lotus,"[[392, 2873], [415, 2994], [485, 3060], [541, 3093], [658, 3130], [799, 3167], [864, 3125], [827, 3027], [794, 2905], [771, 2770], [766, 2676], [710, 2587], [761, 2583], [864, 2667], [846, 2583], [738, 2526], [635, 2559], [527, 2629], [406, 2700], [392, 2873]]",1.0,ASOK_BHA162.JPG,ASOK_BHA162,Madhya Pradesh,Madhyapradeśa,Bhārhut,Vase d'abondance ; fleurs de lotus et oiseau,2 B.C.,Stūpa ; balustrade ; pilier,bouddhisme,Allahabad Municipal Museum,Maronet Léa
ASOK_BHA162_lotus_1826.png,lotus,"[[1945, 2091], [2053, 2091], [2156, 2054], [2305, 2035], [2436, 2049], [2338, 2077], [2174, 2138], [2109, 2180], [2193, 2199], [2301, 2143], [2432, 2119], [2506, 2082], [2544, 2012], [2525, 1890], [2455, 1661], [2408, 1474], [2277, 1577], [2123, 1717], [2006, 1914], [1945, 2091]]",1.0,ASOK_BHA162.JPG,ASOK_BHA162,Madhya Pradesh,Madhyapradeśa,Bhārhut,Vase d'abondance ; fleurs de lotus et oiseau,2 B.C.,Stūpa ; balustrade ; pilier,bouddhisme,Allahabad Municipal Museum,Maronet Léa
ASOK_BHA162_lotus_1827.png,lotus,"[[1828, 2803], [1866, 2770], [1917, 2517], [1978, 2321], [2067, 2279], [2067, 2335], [2109, 2424], [2282, 2550], [2301, 2615], [2287, 2826], [2240, 2952], [2333, 2934], [2404, 2891], [2553, 2817], [2619, 2723], [2731, 2578], [2783, 2452], [2839, 2325], [2857, 2138], [2759, 1956], [2656, 2073], [2549, 2171], [2324, 2185], [2142, 2194], [1992, 2222], [1875, 2372], [1842, 2541], [1828, 2803]]",1.0,ASOK_BHA162.JPG,ASOK_BHA162,Madhya Pradesh,Madhyapradeśa,Bhārhut,Vase d'abondance ; fleurs de lotus et oiseau,2 B.C.,Stūpa ; balustrade ; pilier,bouddhisme,Allahabad Municipal Museum,Maronet Léa
ASOK_BHA162_lotus_1828.png,lotus,"[[2432, 2166], [2558, 2138], [2581, 2040], [2661, 1951], [2726, 1867], [2740, 1811], [2764, 1656], [2703, 1493], [2652, 1436], [2600, 1539], [2502, 1689], [2511, 1834], [2563, 1904], [2567, 1970], [2502, 2101], [2432, 2166]]",0.97,ASOK_BHA162.JPG,ASOK_BHA162,Madhya Pradesh,Madhyapradeśa,Bhārhut,Vase d'abondance ; fleurs de lotus et oiseau,2 B.C.,Stūpa ; balustrade ; pilier,bouddhisme,Allahabad Municipal Museum,Maronet Léa
ASOK_BHA162_lotus_1829.png,lotus,"[[2754, 1834], [2839, 2059], [2862, 2110], [2853, 2250], [2932, 2222], [3002, 2115], [3115, 1932], [3260, 1876], [3283, 1460], [2900, 1464], [2820, 1539], [2754, 1834]]",1.0,ASOK_BHA162.JPG,ASOK_BHA162,Madhya Pradesh,Madhyapradeśa,Bhārhut,Vase d'abondance ; fleurs de lotus et oiseau,2 B.C.,Stūpa ; balustrade ; pilier,bouddhisme,Allahabad Municipal Museum,Maronet Léa
ASOK_BHA162_lotus_1830.png,lotus,"[[2825, 2400], [2937, 2367], [2970, 2344], [3035, 2353], [3124, 2419], [3232, 2442], [3241, 2162], [3190, 2152], [3045, 2199], [2951, 2293], [2848, 2349], [2825, 2400]]",0.99,ASOK_BHA162.JPG,ASOK_BHA162,Madhya Pradesh,Madhyapradeśa,Bhārhut,Vase d'abondance ; fleurs de lotus et oiseau,2 B.C.,Stūpa ; balustrade ; pilier,bouddhisme,Allahabad Municipal Museum,Maronet Léa
ASOK_BHA162_lotus_1831.png,lotus,"[[2661, 2690], [2722, 2686], [2769, 2653], [2811, 2526], [2853, 2489], [2867, 2578], [2946, 2700], [3016, 3051], [2965, 3214], [3002, 3224], [3143, 3158], [3255, 3065], [3264, 2891], [3227, 2480], [3082, 2447], [3035, 2428], [2946, 2400], [2825, 2428], [2740, 2583], [2661, 2690]]",0.97,ASOK_BHA162.JPG,ASOK_BHA162,Madhya Pradesh,Madhyapradeśa,Bhārhut,Vase d'abondance ; fleurs de lotus et oiseau,2 B.C.,Stūpa ; balustrade ; pilier,bouddhisme,Allahabad Municipal Museum,Maronet Léa
ASOK_BHA162_lotus_1832.png,lotus,"[[2413, 2891], [2497, 2891], [2581, 2877], [2712, 2849], [2717, 3004], [2764, 3088], [2834, 3177], [2946, 3205], [2979, 2929], [2942, 2789], [2834, 2742], [2764, 2732], [2694, 2751], [2595, 2831], [2464, 2854], [2413, 2891]]",1.0,ASOK_BHA162.JPG,ASOK_BHA162,Madhya Pradesh,Madhyapradeśa,Bhārhut,Vase d'abondance ; fleurs de lotus et oiseau,2 B.C.,Stūpa ; balustrade ; pilier,bouddhisme,Allahabad Municipal Museum,Maronet Léa
ASOK_BHA162_lotus_1833.png,lotus,"[[2043, 2868], [2057, 2920], [2099, 3008], [2142, 3088], [2188, 3097], [2277, 3102], [2198, 3373], [2071, 3607], [2198, 3626], [2375, 3575], [2558, 3514], [2759, 3429], [3012, 3275], [2909, 3228], [2764, 3167], [2698, 3093], [2623, 3032], [2553, 2971], [2474, 2924], [2390, 2929], [2310, 2952], [2244, 2994], [2184, 3022], [2151, 2971], [2043, 2868]]",0.97,ASOK_BHA162.JPG,ASOK_BHA162,Madhya Pradesh,Madhyapradeśa,Bhārhut,Vase d'abondance ; fleurs de lotus et oiseau,2 B.C.,Stūpa ; balustrade ; pilier,bouddhisme,Allahabad Municipal Museum,Maronet Léa
ASOK_AMA009_lotus_1866.png,lotus,"[[124, 358], [170, 381], [212, 391], [263, 400], [318, 391], [360, 375], [398, 350], [422, 328], [460, 359], [500, 359], [497, 304], [499, 279], [496, 250], [498, 215], [500, 139], [149, 144], [151, 220], [149, 286], [124, 358]]",1.0,ASOK_AMA009.jpg,ASOK_AMA009,Andhra Pradesh,Āndhradeśa,Amarāvatī,Pilier de balustrade avec médaillons lotiformes ; scènes de dévotion au Buddha aniconique ; avec roi nāga et nāginis,1 A.D. ; 2 A.D. ; 3 A.D.,Stūpa ; balustrade ; pilier,bouddhisme,The British Museum,Maronet Léa
ASOK_AMA009_lotus_1867.png,lotus,"[[16, 1436], [517, 1439], [518, 1381], [517, 1285], [513, 1237], [515, 1192], [490, 1194], [461, 1206], [440, 1224], [359, 1177], [280, 1155], [202, 1168], [147, 1191], [95, 1228], [59, 1199], [23, 1192], [17, 1308], [16, 1436]]",0.98,ASOK_AMA009.jpg,ASOK_AMA009,Andhra Pradesh,Āndhradeśa,Amarāvatī,Pilier de balustrade avec médaillons lotiformes ; scènes de dévotion au Buddha aniconique ; avec roi nāga et nāginis,1 A.D. ; 2 A.D. ; 3 A.D.,Stūpa ; balustrade ; pilier,bouddhisme,The British Museum,Maronet Léa
ASOK_KANE005_éléphant_1934.png,éléphant,"[[182, 578], [276, 600], [186, 627], [227, 771], [213, 888], [227, 1005], [227, 1154], [209, 1243], [317, 1261], [429, 1252], [712, 1230], [933, 1216], [924, 1131], [879, 1082], [856, 969], [811, 942], [712, 942], [645, 947], [694, 821], [627, 740], [640, 686], [690, 663], [757, 582], [757, 528], [798, 492], [798, 443], [820, 384], [753, 344], [690, 357], [640, 281], [573, 272], [479, 330], [461, 299], [321, 326], [254, 411], [186, 452], [182, 578]]",1.0,ASOK_KANE005.jpg,ASOK_KANE005,Maharashtra,Mahārāṣṭra,Kānherī,Haut de chapiteau avec éléphant et personnages,1 B.C.,Grotte ; pilier ; chapiteau,bouddhisme,In situ,Maronet Léa
ASOK_KANE005_éléphant_1935.png,éléphant,"[[937, 1113], [937, 1221], [1931, 1225], [2350, 1230], [2642, 1234], [2714, 1293], [2687, 1095], [2683, 951], [2701, 767], [2701, 627], [2615, 483], [2575, 371], [2485, 321], [2399, 308], [2264, 276], [2143, 308], [2080, 362], [1936, 470], [1864, 488], [1837, 560], [1765, 587], [1886, 623], [1895, 699], [1837, 803], [1814, 861], [1738, 803], [1729, 749], [1608, 767], [1527, 812], [1401, 812], [1369, 866], [1302, 884], [1279, 812], [1185, 866], [1207, 960], [1077, 951], [969, 987], [937, 1113]]",1.0,ASOK_KANE005.jpg,ASOK_KANE005,Maharashtra,Mahārāṣṭra,Kānherī,Haut de chapiteau avec éléphant et personnages,1 B.C.,Grotte ; pilier ; chapiteau,bouddhisme,In situ,Maronet Léa
ASOK_AMA054_lotus_1936.png,lotus,"[[26, 2793], [1155, 2815], [1155, 2235], [1098, 2235], [1027, 2247], [918, 2173], [698, 2097], [545, 2091], [392, 2137], [282, 2189], [319, 2293], [209, 2418], [41, 2525], [26, 2793]]",0.98,ASOK_AMA054.jpg,ASOK_AMA054,Andhra Pradesh,Āndhradeśa,Amarāvatī,Pilier de balustrade avec demi-médaillon lotiforme ; scène du jātaka de Mandhata (cakravartin),1 A.D. ; 2 A.D. ; 3 A.D.,Stūpa ; balustrade ; pilier,bouddhisme,Chennai Government Museum,Maronet Léa
ASOK_TEL004_lotus_1969.png,lotus,"[[1854, 3553], [2236, 3577], [2826, 3597], [2830, 3183], [2838, 3085], [2777, 3061], [2704, 3097], [2578, 3004], [2391, 2947], [2204, 2971], [2009, 3061], [1935, 3044], [1879, 3040], [1854, 3553]]",0.97,ASOK_TEL004.JPG,ASOK_TEL004,Telangana,Āndhradeśa,Phanigiri,Médaillon et demi-médaillons lotiformes et taureaux,3 A.D.,Stūpa ; frise,bouddhisme,Telangana Department of Heritage,Maronet Léa
ASOK_TEL004_lotus_1971.png,lotus,"[[1874, 2227], [1940, 2247], [1984, 2247], [2021, 2203], [2114, 2288], [2265, 2333], [2415, 2337], [2558, 2325], [2667, 2272], [2724, 2223], [2781, 2264], [2858, 2268], [2867, 1731], [1907, 1739], [1895, 2073], [1874, 2227]]",1.0,ASOK_TEL004.JPG,ASOK_TEL004,Telangana,Āndhradeśa,Phanigiri,Médaillon et demi-médaillons lotiformes et taureaux,3 A.D.,Stūpa ; frise,bouddhisme,Telangana Department of Heritage,Maronet Léa
ASOK_TEL004_lotus_1972.png,lotus,"[[464, 2524], [472, 2833], [602, 3036], [834, 3227], [1110, 3292], [1374, 3268], [1504, 3227], [1679, 3073], [1805, 2878], [1846, 2691], [1854, 2491], [1797, 2276], [1639, 2101], [1439, 1951], [1175, 1934], [931, 1942], [760, 2020], [618, 2150], [533, 2264], [492, 2361], [464, 2524]]",0.98,ASOK_TEL004.JPG,ASOK_TEL004,Telangana,Āndhradeśa,Phanigiri,Médaillon et demi-médaillons lotiformes et taureaux,3 A.D.,Stūpa ; frise,bouddhisme,Telangana Department of Heritage,Maronet Léa
ASOK_TEL004_taureau_1973.png,taureau,"[[0, 3861], [2, 4139], [107, 4190], [207, 4190], [177, 4269], [274, 4316], [364, 4304], [451, 4255], [532, 4237], [628, 4286], [699, 4326], [784, 4322], [831, 4288], [849, 4229], [701, 4172], [575, 4145], [622, 4070], [673, 4038], [766, 4048], [811, 4034], [835, 3979], [837, 3916], [728, 3867], [638, 3816], [573, 3794], [525, 3802], [479, 3832], [438, 3849], [414, 3885], [364, 3889], [270, 3865], [246, 3806], [220, 3883], [105, 3899], [0, 3861]]",0.97,ASOK_TEL004.JPG,ASOK_TEL004,Telangana,Āndhradeśa,Phanigiri,Médaillon et demi-médaillons lotiformes et taureaux,3 A.D.,Stūpa ; frise,bouddhisme,Telangana Department of Heritage,Maronet Léa
ASOK_TEL004_taureau_1976.png,taureau,"[[974, 4195], [999, 4336], [1041, 4343], [1085, 4343], [1120, 4318], [1104, 4276], [1088, 4255], [1099, 4204], [1157, 4174], [1283, 4176], [1371, 4160], [1427, 4183], [1478, 4262], [1578, 4325], [1687, 4320], [1694, 4355], [1761, 4360], [1989, 4371], [2057, 4369], [2156, 4383], [2198, 4362], [2203, 4308], [2103, 4248], [1998, 4248], [1968, 4232], [1980, 4171], [2012, 4104], [2089, 4088], [2147, 4113], [2187, 4109], [2194, 4081], [2252, 4046], [2263, 4006], [2256, 3967], [2145, 3904], [2101, 3853], [2026, 3853], [1952, 3853], [1926, 3879], [1806, 3858], [1745, 3825], [1787, 3900], [1843, 3944], [1813, 3995], [1789, 3958], [1708, 3890], [1601, 3855], [1562, 3876], [1592, 3934], [1627, 4025], [1583, 4027], [1527, 3995], [1469, 3932], [1378, 3886], [1271, 3881], [1211, 3900], [1167, 3960], [1095, 4067], [1058, 4081], [974, 4195]]",1.0,ASOK_TEL004.JPG,ASOK_TEL004,Telangana,Āndhradeśa,Phanigiri,Médaillon et demi-médaillons lotiformes et taureaux,3 A.D.,Stūpa ; frise,bouddhisme,Telangana Department of Heritage,Maronet Léa
ASOK_TEL004_taureau_1978.png,taureau,"[[2122, 4237], [2157, 4265], [2240, 4249], [2289, 4258], [2254, 4335], [2254, 4377], [2333, 4398], [2377, 4379], [2394, 4319], [2466, 4251], [2549, 4265], [2679, 4263], [2777, 4254], [2826, 4293], [2954, 4351], [3058, 4356], [3065, 4409], [3105, 4421], [3235, 4426], [3297, 4412], [3358, 4377], [3456, 4370], [3456, 4268], [3418, 4263], [3360, 4275], [3388, 4226], [3455, 4175], [3453, 3926], [3397, 3910], [3349, 3933], [3291, 3933], [3249, 3912], [3214, 3916], [3230, 3968], [3207, 3977], [3133, 3935], [3033, 3938], [2979, 3986], [2968, 4056], [2914, 4040], [2844, 3975], [2751, 3935], [2652, 3945], [2559, 3956], [2438, 4021], [2340, 4058], [2317, 4130], [2263, 4116], [2198, 4158], [2122, 4237]]",0.98,ASOK_TEL004.JPG,ASOK_TEL004,Telangana,Āndhradeśa,Phanigiri,Médaillon et demi-médaillons lotiformes et taureaux,3 A.D.,Stūpa ; frise,bouddhisme,Telangana Department of Heritage,Maronet Léa
ASOK_TEL004_lotus_1979.png,lotus,"[[0, 2852], [0, 3470], [451, 3486], [476, 2920], [419, 2918], [367, 2962], [341, 2954], [227, 2892], [123, 2850], [62, 2840], [0, 2852]]",0.99,ASOK_TEL004.JPG,ASOK_TEL004,Telangana,Āndhradeśa,Phanigiri,Médaillon et demi-médaillons lotiformes et taureaux,3 A.D.,Stūpa ; frise,bouddhisme,Telangana Department of Heritage,Maronet Léa
ASOK_TEL004_lotus_1980.png,lotus,"[[1, 2348], [106, 2353], [230, 2313], [318, 2275], [394, 2319], [454, 2303], [484, 1740], [2, 1704], [1, 2348]]",1.0,ASOK_TEL004.JPG,ASOK_TEL004,Telangana,Āndhradeśa,Phanigiri,Médaillon et demi-médaillons lotiformes et taureaux,3 A.D.,Stūpa ; frise,bouddhisme,Telangana Department of Heritage,Maronet Léa
ASOK_KANE003_éléphant_1986.png,éléphant,"[[239, 1358], [281, 1569], [582, 1554], [642, 1562], [842, 1577], [917, 1584], [929, 1487], [891, 1332], [902, 1140], [895, 1027], [778, 884], [729, 741], [597, 635], [443, 635], [311, 673], [251, 771], [243, 1053], [247, 1185], [239, 1358]]",0.97,ASOK_KANE003.jpg,ASOK_KANE003,Maharashtra,Mahārāṣṭra,Kānherī,Haut de chapiteau avec éléphant et personnages,1 B.C.,Grotte ; pilier ; chapiteau,bouddhisme,In situ,Maronet Léa
ASOK_KANE003_éléphant_1987.png,éléphant,"[[922, 1502], [929, 1585], [1208, 1585], [1453, 1573], [1675, 1585], [1739, 1532], [2052, 1475], [2063, 1547], [2120, 1551], [2293, 1547], [2447, 1434], [2447, 1562], [2779, 1536], [2779, 1460], [2681, 1370], [2688, 1279], [2669, 1151], [2726, 1053], [2813, 1072], [2963, 1072], [2963, 876], [2911, 794], [2798, 692], [2730, 568], [2624, 488], [2474, 439], [2342, 451], [2270, 556], [2172, 665], [2233, 699], [2202, 748], [2071, 748], [1973, 790], [2063, 861], [1980, 1023], [2022, 1046], [2022, 1080], [1965, 1133], [1863, 1042], [1909, 971], [1931, 903], [1811, 858], [1796, 778], [1720, 812], [1581, 888], [1637, 914], [1690, 978], [1622, 1027], [1479, 1042], [1506, 1114], [1408, 1084], [1381, 974], [1329, 967], [1264, 1020], [1182, 1117], [1178, 1230], [1223, 1325], [1072, 1389], [1023, 1475], [922, 1502]]",1.0,ASOK_KANE003.jpg,ASOK_KANE003,Maharashtra,Mahārāṣṭra,Kānherī,Haut de chapiteau avec éléphant et personnages,1 B.C.,Grotte ; pilier ; chapiteau,bouddhisme,In situ,Maronet Léa
ASOK_NAG002b_lotus_2075.png,lotus,"[[201, 156], [201, 228], [205, 228], [208, 231], [209, 231], [210, 232], [211, 232], [212, 233], [215, 233], [216, 234], [220, 234], [221, 235], [223, 235], [224, 237], [246, 237], [247, 235], [254, 235], [258, 231], [259, 231], [260, 230], [263, 230], [264, 229], [266, 229], [267, 228], [268, 228], [269, 227], [272, 227], [273, 226], [274, 226], [279, 221], [279, 220], [280, 219], [280, 214], [282, 212], [283, 212], [284, 211], [285, 211], [287, 209], [288, 209], [290, 207], [291, 207], [296, 202], [296, 201], [300, 197], [300, 196], [303, 193], [303, 191], [306, 188], [307, 188], [310, 186], [312, 186], [313, 187], [316, 187], [317, 186], [321, 186], [326, 181], [327, 181], [330, 178], [330, 176], [332, 174], [334, 174], [335, 173], [339, 173], [341, 171], [342, 171], [344, 169], [344, 167], [347, 164], [349, 164], [350, 163], [353, 163], [354, 162], [356, 162], [357, 161], [359, 161], [360, 160], [361, 160], [362, 159], [364, 159], [365, 158], [367, 158], [368, 157], [371, 157], [372, 156], [375, 156], [376, 155], [383, 155], [384, 154], [385, 154], [389, 150], [389, 149], [392, 146], [392, 145], [398, 139], [398, 138], [401, 135], [401, 134], [402, 133], [402, 130], [403, 129], [403, 122], [402, 121], [402, 118], [401, 117], [401, 116], [400, 115], [400, 114], [397, 111], [397, 110], [393, 106], [393, 105], [389, 101], [388, 101], [387, 99], [383, 99], [378, 94], [378, 93], [376, 92], [376, 91], [375, 90], [375, 88], [374, 87], [374, 86], [372, 84], [372, 83], [369, 80], [369, 79], [367, 77], [367, 76], [365, 74], [365, 73], [363, 71], [363, 70], [361, 68], [360, 68], [359, 67], [358, 67], [356, 65], [355, 65], [354, 64], [352, 64], [351, 63], [349, 63], [348, 62], [346, 62], [345, 61], [343, 61], [342, 60], [341, 60], [334, 53], [333, 53], [330, 50], [329, 50], [326, 47], [325, 47], [323, 45], [323, 44], [322, 44], [319, 41], [318, 41], [316, 39], [315, 39], [310, 34], [310, 33], [306, 29], [306, 28], [304, 26], [303, 26], [299, 22], [298, 22], [297, 21], [293, 21], [292, 20], [291, 20], [290, 19], [288, 19], [287, 18], [285, 18], [284, 17], [282, 17], [281, 16], [279, 16], [278, 15], [277, 15], [276, 14], [275, 14], [271, 10], [270, 10], [265, 5], [264, 5], [263, 4], [263, 0], [233, 0], [233, 11], [232, 12], [232, 20], [231, 21], [231, 27], [230, 28], [230, 30], [229, 31], [229, 33], [228, 34], [228, 40], [227, 41], [227, 43], [226, 44], [226, 46], [225, 47], [225, 51], [224, 52], [224, 62], [223, 63], [223, 66], [222, 67], [222, 68], [221, 69], [221, 70], [220, 71], [220, 74], [219, 75], [219, 76], [218, 77], [218, 79], [217, 80], [217, 83], [216, 84], [216, 94], [215, 95], [215, 101], [214, 102], [214, 104], [213, 105], [213, 108], [212, 109], [212, 115], [211, 116], [211, 119], [210, 120], [210, 122], [209, 123], [209, 127], [208, 128], [208, 138], [207, 139], [207, 146], [206, 147], [206, 152], [205, 153], [205, 155], [204, 156], [201, 156]]",0.77,ASOK_NAG002b.jpg,ASOK_NAG002b,Andhra Pradesh,Āndhradeśa,Nāgārjunakoṇḍa,Demi-médaillon lotiforme et lion,3 A.D.,Pilier,bouddhisme,In situ,Maronet Léa
ASOK_KANE004_éléphant_2196.png,éléphant,"[[1697, 778], [1697, 1446], [1750, 1446], [1753, 1449], [1798, 1449], [1801, 1446], [1835, 1446], [1838, 1443], [1859, 1443], [1862, 1441], [1886, 1441], [1888, 1438], [1907, 1438], [1910, 1435], [1926, 1435], [1928, 1433], [1955, 1433], [1957, 1435], [1989, 1435], [1992, 1433], [2011, 1433], [2013, 1430], [2037, 1430], [2040, 1427], [2056, 1427], [2058, 1425], [2098, 1425], [2101, 1422], [2120, 1422], [2122, 1419], [2133, 1419], [2136, 1417], [2141, 1417], [2144, 1414], [2146, 1414], [2149, 1411], [2154, 1411], [2157, 1409], [2160, 1409], [2162, 1406], [2165, 1406], [2157, 1398], [2157, 1395], [2165, 1387], [2168, 1387], [2170, 1385], [2162, 1377], [2160, 1377], [2157, 1374], [2149, 1374], [2149, 1377], [2146, 1379], [2146, 1382], [2144, 1385], [2144, 1387], [2149, 1393], [2149, 1398], [2146, 1401], [2144, 1401], [2141, 1403], [2136, 1403], [2133, 1406], [2122, 1406], [2117, 1401], [2117, 1390], [2120, 1387], [2120, 1379], [2117, 1377], [2117, 1374], [2114, 1371], [2114, 1369], [2109, 1363], [2109, 1356], [2101, 1356], [2098, 1353], [2098, 1348], [2096, 1345], [2098, 1342], [2098, 1337], [2104, 1332], [2106, 1332], [2109, 1329], [2112, 1329], [2117, 1324], [2117, 1321], [2122, 1316], [2125, 1316], [2128, 1313], [2146, 1313], [2149, 1310], [2157, 1310], [2160, 1308], [2173, 1308], [2176, 1305], [2178, 1305], [2181, 1302], [2183, 1302], [2186, 1300], [2205, 1300], [2207, 1297], [2213, 1297], [2215, 1294], [2223, 1294], [2226, 1292], [2226, 1273], [2229, 1270], [2229, 1257], [2226, 1254], [2226, 1246], [2231, 1241], [2231, 1239], [2234, 1236], [2237, 1236], [2239, 1233], [2242, 1233], [2245, 1231], [2247, 1231], [2250, 1228], [2255, 1228], [2258, 1231], [2271, 1231], [2274, 1233], [2274, 1236], [2277, 1239], [2277, 1241], [2282, 1246], [2282, 1249], [2285, 1252], [2285, 1260], [2287, 1262], [2287, 1268], [2290, 1270], [2290, 1273], [2303, 1273], [2306, 1276], [2306, 1284], [2298, 1292], [2303, 1297], [2303, 1300], [2298, 1305], [2293, 1305], [2287, 1310], [2287, 1324], [2290, 1326], [2290, 1366], [2287, 1369], [2287, 1387], [2290, 1390], [2290, 1393], [2293, 1395], [2293, 1401], [2301, 1409], [2311, 1409], [2314, 1411], [2316, 1409], [2330, 1409], [2332, 1406], [2348, 1406], [2351, 1409], [2359, 1409], [2367, 1417], [2367, 1419], [2378, 1419], [2383, 1414], [2412, 1414], [2415, 1417], [2441, 1417], [2444, 1419], [2463, 1419], [2465, 1422], [2500, 1422], [2503, 1419], [2519, 1419], [2521, 1417], [2532, 1417], [2535, 1414], [2543, 1414], [2545, 1411], [2556, 1411], [2561, 1417], [2561, 1430], [2566, 1435], [2566, 1438], [2569, 1441], [2569, 1443], [2572, 1446], [2574, 1446], [2577, 1449], [2580, 1449], [2582, 1451], [2598, 1451], [2601, 1454], [2625, 1454], [2628, 1457], [2638, 1457], [2641, 1459], [2644, 1459], [2646, 1462], [2646, 1470], [2755, 1470], [2755, 1462], [2758, 1459], [2769, 1459], [2771, 1457], [2795, 1457], [2798, 1459], [2803, 1459], [2806, 1462], [2806, 1470], [2827, 1470], [2827, 1462], [2830, 1459], [2832, 1459], [2835, 1457], [2843, 1457], [2846, 1454], [2875, 1454], [2878, 1457], [2883, 1457], [2886, 1459], [2896, 1459], [2896, 1177], [2888, 1177], [2883, 1172], [2883, 1167], [2880, 1164], [2880, 1161], [2870, 1151], [2870, 1148], [2864, 1143], [2864, 1140], [2859, 1135], [2859, 1132], [2854, 1127], [2854, 1124], [2851, 1122], [2851, 1119], [2846, 1114], [2846, 1111], [2840, 1106], [2840, 1103], [2835, 1098], [2835, 1095], [2827, 1087], [2827, 1084], [2824, 1084], [2811, 1071], [2808, 1071], [2806, 1068], [2803, 1068], [2798, 1063], [2795, 1063], [2793, 1060], [2790, 1060], [2785, 1055], [2790, 1050], [2793, 1050], [2798, 1044], [2798, 1028], [2800, 1026], [2800, 1020], [2798, 1018], [2798, 1015], [2803, 1010], [2811, 1010], [2814, 1007], [2816, 1007], [2819, 1004], [2822, 1004], [2824, 1002], [2824, 994], [2830, 989], [2830, 986], [2832, 983], [2832, 981], [2835, 978], [2835, 967], [2838, 965], [2838, 962], [2840, 959], [2840, 949], [2843, 946], [2843, 938], [2846, 935], [2846, 930], [2848, 927], [2848, 925], [2851, 922], [2851, 919], [2854, 917], [2854, 895], [2862, 887], [2864, 887], [2864, 882], [2859, 877], [2859, 874], [2856, 872], [2856, 864], [2854, 861], [2854, 858], [2851, 856], [2851, 845], [2848, 842], [2848, 840], [2846, 837], [2843, 837], [2838, 832], [2838, 829], [2832, 824], [2832, 821], [2822, 810], [2822, 808], [2819, 805], [2819, 800], [2822, 797], [2824, 797], [2827, 794], [2832, 794], [2838, 789], [2838, 784], [2846, 776], [2864, 776], [2867, 773], [2867, 770], [2870, 768], [2870, 765], [2872, 763], [2872, 755], [2875, 752], [2875, 744], [2872, 741], [2872, 739], [2875, 736], [2875, 733], [2878, 731], [2878, 728], [2880, 725], [2880, 715], [2883, 712], [2883, 701], [2888, 696], [2896, 696], [2896, 677], [2888, 677], [2886, 675], [2886, 672], [2883, 669], [2883, 664], [2880, 661], [2880, 632], [2875, 627], [2872, 627], [2870, 624], [2867, 624], [2864, 622], [2864, 619], [2862, 616], [2862, 608], [2856, 603], [2856, 590], [2859, 587], [2859, 574], [2862, 571], [2862, 560], [2864, 558], [2864, 534], [2862, 531], [2862, 521], [2859, 518], [2859, 499], [2856, 497], [2856, 491], [2854, 489], [2854, 486], [2848, 481], [2848, 478], [2840, 470], [2840, 459], [2838, 457], [2838, 417], [2835, 414], [2835, 412], [2832, 409], [2830, 409], [2819, 398], [2819, 396], [2816, 396], [2811, 390], [2808, 390], [2806, 388], [2803, 388], [2800, 385], [2779, 385], [2777, 388], [2763, 388], [2761, 385], [2755, 385], [2753, 382], [2747, 382], [2745, 380], [2742, 380], [2737, 374], [2737, 366], [2601, 366], [2601, 374], [2596, 380], [2590, 380], [2588, 382], [2582, 382], [2580, 385], [2566, 385], [2564, 382], [2558, 382], [2556, 380], [2548, 380], [2543, 374], [2543, 366], [2431, 366], [2431, 377], [2428, 380], [2423, 380], [2420, 382], [2418, 382], [2415, 385], [2412, 385], [2410, 388], [2380, 388], [2378, 390], [2351, 390], [2348, 393], [2332, 393], [2330, 396], [2327, 396], [2324, 398], [2322, 398], [2319, 401], [2311, 401], [2308, 404], [2301, 404], [2298, 406], [2293, 406], [2290, 409], [2287, 409], [2285, 412], [2282, 412], [2279, 414], [2274, 414], [2271, 417], [2266, 417], [2263, 419], [2261, 419], [2258, 422], [2253, 422], [2250, 425], [2247, 425], [2239, 433], [2237, 433], [2231, 438], [2229, 438], [2223, 443], [2221, 443], [2210, 454], [2207, 454], [2194, 467], [2191, 467], [2173, 486], [2173, 489], [2162, 499], [2162, 502], [2160, 505], [2160, 507], [2157, 510], [2157, 513], [2154, 515], [2154, 518], [2152, 521], [2152, 523], [2149, 526], [2149, 529], [2146, 531], [2146, 534], [2141, 539], [2141, 542], [2138, 544], [2138, 547], [2133, 552], [2133, 555], [2122, 566], [2120, 566], [2106, 579], [2104, 579], [2093, 590], [2093, 603], [2096, 606], [2096, 611], [2093, 614], [2093, 622], [2120, 622], [2122, 624], [2128, 624], [2136, 632], [2136, 638], [2138, 640], [2138, 648], [2141, 651], [2141, 669], [2138, 672], [2138, 683], [2141, 685], [2141, 693], [2144, 696], [2144, 699], [2146, 701], [2146, 704], [2149, 707], [2149, 709], [2152, 712], [2152, 715], [2154, 717], [2154, 720], [2157, 723], [2157, 731], [2160, 733], [2160, 741], [2162, 744], [2162, 757], [2165, 760], [2165, 765], [2168, 768], [2168, 770], [2170, 773], [2170, 776], [2173, 778], [2173, 781], [2176, 784], [2176, 786], [2178, 789], [2178, 794], [2181, 797], [2181, 800], [2183, 802], [2183, 805], [2186, 808], [2186, 810], [2189, 813], [2189, 818], [2191, 821], [2191, 826], [2194, 829], [2194, 834], [2197, 837], [2197, 845], [2199, 848], [2199, 858], [2197, 861], [2194, 861], [2191, 864], [2181, 864], [2176, 858], [2162, 858], [2160, 856], [2160, 845], [2152, 837], [2136, 837], [2133, 834], [2114, 834], [2112, 832], [2112, 829], [2109, 826], [2109, 824], [2101, 824], [2096, 818], [2096, 813], [2093, 810], [2093, 802], [2090, 800], [2090, 797], [2088, 794], [2080, 794], [2077, 792], [2077, 781], [2074, 778], [2074, 776], [2072, 773], [2072, 757], [2069, 755], [2069, 752], [2066, 749], [2064, 749], [2056, 741], [2056, 733], [2061, 728], [2058, 728], [2051, 720], [2048, 720], [2045, 717], [2021, 717], [2019, 720], [2016, 720], [2013, 723], [2011, 723], [2008, 725], [2003, 725], [1997, 731], [1995, 731], [1987, 739], [1984, 739], [1984, 741], [1973, 752], [1973, 760], [1971, 763], [1971, 768], [1960, 778], [1949, 778], [1947, 781], [1944, 781], [1941, 784], [1939, 784], [1936, 781], [1926, 781], [1923, 778], [1918, 778], [1915, 776], [1912, 776], [1910, 773], [1907, 773], [1904, 770], [1902, 770], [1899, 768], [1896, 768], [1894, 765], [1891, 765], [1888, 763], [1886, 763], [1883, 760], [1878, 760], [1875, 757], [1864, 757], [1862, 755], [1822, 755], [1819, 757], [1808, 757], [1806, 760], [1798, 760], [1795, 763], [1782, 763], [1779, 765], [1761, 765], [1758, 768], [1750, 768], [1747, 770], [1739, 770], [1737, 773], [1734, 773], [1731, 776], [1723, 776], [1721, 778], [1697, 778]]",0.51,ASOK_KANE004.jpg,ASOK_KANE004,Maharashtra,Mahārāṣṭra,Kānherī,Haut de chapiteau avec éléphant et personnages,1 B.C.,Grotte ; pilier ; chapiteau,bouddhisme,In situ,Maronet Léa
ASOK_TEL004_lotus_2498.png,lotus,"[[1805, 1731], [1805, 2097], [1818, 2097], [1822, 2102], [1835, 2102], [1839, 2106], [1835, 2110], [1805, 2110], [1805, 2392], [2547, 2392], [2547, 2379], [2555, 2370], [2559, 2375], [2559, 2392], [2772, 2392], [2772, 1731], [1805, 1731]]",0.57,ASOK_TEL004.JPG,ASOK_TEL004,Telangana,Āndhradeśa,Phanigiri,Médaillon et demi-médaillons lotiformes et taureaux,3 A.D.,Stūpa ; frise,bouddhisme,Telangana Department of Heritage,Maronet Léa
ASOK_KANE003_lotus_2512.png,lotus,"[[2683, 1205], [2683, 1383], [2691, 1383], [2696, 1388], [2696, 1391], [2709, 1404], [2712, 1404], [2731, 1422], [2731, 1425], [2739, 1433], [2741, 1433], [2744, 1436], [2747, 1436], [2749, 1438], [2749, 1441], [2760, 1452], [2760, 1454], [2768, 1462], [2768, 1465], [2770, 1468], [2770, 1473], [2773, 1476], [2773, 1489], [2800, 1489], [2800, 1481], [2808, 1473], [2810, 1473], [2816, 1468], [2818, 1468], [2821, 1465], [2826, 1465], [2832, 1460], [2834, 1460], [2837, 1457], [2842, 1457], [2845, 1454], [2850, 1454], [2853, 1452], [2858, 1452], [2861, 1449], [2869, 1449], [2871, 1446], [2877, 1446], [2879, 1444], [2885, 1444], [2887, 1441], [2893, 1441], [2895, 1438], [2903, 1438], [2906, 1436], [2909, 1436], [2911, 1433], [2919, 1433], [2922, 1430], [2930, 1430], [2933, 1428], [2943, 1428], [2946, 1430], [2988, 1430], [2991, 1428], [3010, 1428], [3010, 1322], [3002, 1322], [2999, 1319], [2999, 1292], [2996, 1290], [2996, 1260], [2994, 1258], [2994, 1250], [2991, 1247], [2991, 1242], [2988, 1239], [2988, 1234], [2986, 1231], [2986, 1223], [2983, 1221], [2983, 1197], [2986, 1194], [2986, 1191], [2988, 1189], [2988, 1183], [2991, 1181], [2991, 1176], [2994, 1173], [2994, 1165], [2996, 1162], [2996, 1149], [2994, 1146], [2994, 1138], [2991, 1136], [2991, 1130], [2988, 1128], [2988, 1125], [2986, 1122], [2986, 1117], [2983, 1114], [2983, 1109], [2980, 1107], [2980, 1104], [2978, 1101], [2978, 1099], [2975, 1096], [2975, 1093], [2972, 1091], [2972, 1088], [2967, 1083], [2967, 1080], [2964, 1080], [2959, 1075], [2956, 1075], [2954, 1072], [2951, 1072], [2943, 1064], [2943, 1056], [2800, 1056], [2800, 1064], [2797, 1067], [2797, 1069], [2773, 1093], [2773, 1096], [2770, 1099], [2770, 1101], [2768, 1104], [2768, 1107], [2765, 1109], [2760, 1109], [2755, 1114], [2752, 1114], [2749, 1117], [2747, 1117], [2747, 1128], [2749, 1130], [2749, 1152], [2747, 1154], [2747, 1160], [2741, 1165], [2739, 1165], [2739, 1168], [2736, 1170], [2736, 1173], [2733, 1176], [2731, 1176], [2728, 1178], [2728, 1181], [2723, 1186], [2717, 1186], [2712, 1191], [2709, 1191], [2704, 1197], [2704, 1199], [2699, 1205], [2683, 1205]]",0.95,ASOK_KANE003.jpg,ASOK_KANE003,Maharashtra,Mahārāṣṭra,Kānherī,Haut de chapiteau avec éléphant et personnages,1 B.C.,Grotte ; pilier ; chapiteau,bouddhisme,In situ,Maronet Léa
ASOK_AND002_cheval_2735.png,cheval,"[[2225, 1988], [2225, 2171], [2242, 2171], [2247, 2176], [2251, 2176], [2255, 2180], [2264, 2180], [2268, 2184], [2277, 2184], [2281, 2188], [2285, 2188], [2289, 2193], [2294, 2193], [2298, 2197], [2302, 2197], [2306, 2201], [2332, 2201], [2336, 2197], [2345, 2197], [2349, 2193], [2353, 2193], [2358, 2188], [2366, 2188], [2370, 2184], [2379, 2184], [2383, 2180], [2396, 2180], [2409, 2193], [2409, 2218], [2413, 2223], [2413, 2274], [2409, 2278], [2409, 2286], [2404, 2291], [2404, 2299], [2400, 2304], [2400, 2316], [2396, 2321], [2396, 2325], [2392, 2329], [2392, 2338], [2387, 2342], [2387, 2346], [2383, 2350], [2383, 2359], [2379, 2363], [2379, 2372], [2375, 2376], [2375, 2402], [2379, 2406], [2379, 2453], [2370, 2461], [2370, 2466], [2366, 2470], [2366, 2483], [2370, 2487], [2370, 2491], [2375, 2495], [2375, 2504], [2383, 2512], [2383, 2517], [2400, 2534], [2400, 2538], [2409, 2547], [2409, 2551], [2413, 2555], [2413, 2559], [2417, 2564], [2417, 2568], [2421, 2572], [2421, 2589], [2426, 2593], [2426, 2606], [2430, 2610], [2430, 2619], [2434, 2623], [2434, 2628], [2443, 2636], [2443, 2640], [2447, 2645], [2447, 2649], [2451, 2653], [2451, 2657], [2456, 2662], [2456, 2666], [2460, 2670], [2460, 2674], [2464, 2679], [2464, 2687], [2468, 2691], [2468, 2713], [2473, 2717], [2473, 2747], [2477, 2751], [2477, 2828], [2473, 2832], [2473, 2862], [2468, 2866], [2468, 2875], [2464, 2879], [2464, 2896], [2460, 2900], [2460, 2913], [2456, 2917], [2456, 2926], [2447, 2934], [2447, 2939], [2443, 2943], [2439, 2943], [2439, 2947], [2430, 2956], [2430, 2960], [2421, 2969], [2421, 2973], [2413, 2981], [2413, 2986], [2404, 2994], [2404, 2998], [2400, 3003], [2400, 3007], [2392, 3015], [2392, 3020], [2387, 3024], [2387, 3028], [2383, 3033], [2383, 3037], [2379, 3041], [2379, 3045], [2375, 3050], [2375, 3096], [2549, 3096], [2549, 3084], [2554, 3079], [2554, 3075], [2562, 3067], [2562, 3062], [2566, 3058], [2566, 3054], [2571, 3050], [2571, 3045], [2575, 3041], [2575, 3037], [2583, 3028], [2583, 3024], [2588, 3020], [2588, 3015], [2592, 3011], [2592, 3007], [2601, 2998], [2601, 2986], [2605, 2981], [2605, 2977], [2601, 2973], [2601, 2964], [2596, 2960], [2596, 2952], [2592, 2947], [2592, 2943], [2605, 2930], [2609, 2930], [2618, 2922], [2618, 2913], [2622, 2909], [2622, 2896], [2626, 2892], [2622, 2888], [2622, 2871], [2618, 2866], [2618, 2853], [2613, 2849], [2613, 2841], [2609, 2836], [2609, 2828], [2605, 2824], [2605, 2781], [2601, 2777], [2601, 2755], [2596, 2751], [2596, 2713], [2601, 2709], [2601, 2704], [2605, 2700], [2605, 2696], [2626, 2674], [2630, 2674], [2635, 2670], [2677, 2670], [2682, 2674], [2754, 2674], [2758, 2679], [2814, 2679], [2818, 2683], [2882, 2683], [2886, 2687], [2907, 2687], [2912, 2691], [2916, 2691], [2937, 2713], [2937, 2717], [2946, 2726], [2946, 2743], [2950, 2747], [2950, 2768], [2954, 2772], [2954, 2802], [2950, 2807], [2950, 2819], [2946, 2824], [2946, 2828], [2942, 2832], [2942, 2836], [2933, 2845], [2933, 2858], [2929, 2862], [2929, 2866], [2925, 2871], [2925, 2875], [2920, 2879], [2920, 2883], [2916, 2888], [2916, 2900], [2912, 2905], [2912, 2926], [2907, 2930], [2907, 2943], [2903, 2947], [2903, 2956], [2899, 2960], [2899, 2986], [2895, 2990], [2895, 2994], [2890, 2998], [2890, 3003], [2882, 3011], [2882, 3015], [2878, 3020], [2878, 3024], [2873, 3028], [2873, 3033], [2869, 3037], [2869, 3045], [2865, 3050], [2865, 3058], [2839, 3084], [2839, 3096], [2984, 3096], [2984, 3084], [3006, 3062], [3010, 3062], [3014, 3058], [3014, 3054], [3023, 3045], [3027, 3045], [3031, 3041], [3044, 3041], [3048, 3037], [3052, 3037], [3057, 3033], [3065, 3033], [3069, 3028], [3078, 3028], [3078, 3024], [3087, 3015], [3087, 2986], [3082, 2981], [3082, 2973], [3078, 2969], [3078, 2964], [3074, 2960], [3074, 2952], [3069, 2947], [3069, 2939], [3065, 2934], [3065, 2871], [3069, 2866], [3069, 2849], [3074, 2845], [3074, 2828], [3078, 2824], [3078, 2811], [3082, 2807], [3082, 2802], [3087, 2798], [3087, 2794], [3091, 2790], [3091, 2777], [3095, 2772], [3095, 2709], [3099, 2704], [3099, 2662], [3095, 2657], [3095, 2645], [3091, 2640], [3091, 2636], [3087, 2632], [3087, 2628], [3082, 2623], [3082, 2615], [3087, 2610], [3087, 2602], [3078, 2593], [3078, 2581], [3082, 2576], [3082, 2572], [3095, 2559], [3099, 2559], [3108, 2551], [3112, 2551], [3116, 2547], [3129, 2547], [3138, 2555], [3138, 2564], [3142, 2568], [3142, 2576], [3146, 2581], [3146, 2589], [3150, 2593], [3150, 2606], [3155, 2610], [3155, 2615], [3159, 2619], [3159, 2628], [3163, 2632], [3163, 2640], [3168, 2645], [3168, 2653], [3172, 2657], [3172, 2666], [3185, 2679], [3185, 2683], [3193, 2691], [3193, 2696], [3206, 2709], [3210, 2709], [3219, 2717], [3219, 2721], [3240, 2743], [3240, 2747], [3253, 2760], [3253, 2768], [3257, 2772], [3257, 2811], [3261, 2815], [3261, 2832], [3266, 2836], [3266, 2853], [3270, 2858], [3270, 2913], [3266, 2917], [3266, 2939], [3261, 2943], [3261, 2960], [3257, 2964], [3257, 2973], [3253, 2977], [3253, 2981], [3244, 2990], [3244, 2994], [3240, 2998], [3240, 3003], [3231, 3011], [3231, 3020], [3227, 3024], [3227, 3096], [3376, 3096], [3376, 3079], [3381, 3075], [3381, 3067], [3385, 3062], [3385, 3045], [3389, 3041], [3389, 3011], [3393, 3007], [3393, 3003], [3406, 2990], [3411, 2990], [3423, 2977], [3423, 2973], [3428, 2969], [3428, 2964], [3432, 2960], [3432, 2952], [3436, 2947], [3436, 2917], [3440, 2913], [3440, 2900], [3445, 2896], [3445, 2879], [3432, 2866], [3432, 2807], [3440, 2798], [3440, 2794], [3445, 2790], [3445, 2777], [3449, 2772], [3449, 2768], [3457, 2760], [3457, 2755], [3466, 2747], [3466, 2743], [3474, 2734], [3474, 2730], [3479, 2726], [3479, 2717], [3483, 2713], [3483, 2709], [3487, 2704], [3487, 2700], [3492, 2696], [3492, 2687], [3496, 2683], [3496, 2670], [3500, 2666], [3500, 2662], [3504, 2657], [3504, 2653], [3509, 2649], [3509, 2640], [3513, 2636], [3513, 2623], [3517, 2619], [3517, 2610], [3521, 2606], [3534, 2606], [3534, 2585], [3521, 2585], [3517, 2581], [3517, 2568], [3513, 2564], [3513, 2542], [3509, 2538], [3509, 2517], [3504, 2512], [3504, 2491], [3500, 2487], [3500, 2474], [3496, 2470], [3496, 2461], [3492, 2457], [3492, 2448], [3487, 2444], [3487, 2440], [3479, 2431], [3479, 2427], [3470, 2419], [3470, 2414], [3453, 2397], [3453, 2393], [3449, 2393], [3423, 2367], [3419, 2367], [3411, 2359], [3406, 2359], [3398, 2350], [3393, 2350], [3372, 2329], [3368, 2329], [3304, 2265], [3300, 2265], [3295, 2261], [3287, 2261], [3283, 2257], [3180, 2257], [3176, 2261], [3116, 2261], [3112, 2265], [3057, 2265], [3052, 2269], [3014, 2269], [3010, 2274], [2984, 2274], [2980, 2269], [2959, 2269], [2954, 2265], [2942, 2265], [2937, 2261], [2916, 2261], [2912, 2257], [2903, 2257], [2899, 2252], [2886, 2252], [2882, 2248], [2865, 2248], [2861, 2244], [2852, 2244], [2835, 2227], [2835, 2223], [2831, 2218], [2831, 2210], [2826, 2205], [2826, 2201], [2822, 2197], [2822, 2193], [2818, 2188], [2818, 2184], [2809, 2176], [2809, 2171], [2805, 2167], [2805, 2159], [2801, 2154], [2801, 2107], [2797, 2103], [2797, 2095], [2792, 2090], [2792, 2082], [2788, 2078], [2788, 2065], [2784, 2061], [2784, 2056], [2788, 2052], [2788, 2022], [2792, 2018], [2792, 2001], [2797, 1997], [2797, 1984], [2801, 1980], [2809, 1980], [2814, 1975], [2826, 1975], [2826, 1967], [2822, 1962], [2822, 1958], [2818, 1954], [2814, 1954], [2801, 1941], [2771, 1941], [2767, 1937], [2763, 1937], [2758, 1933], [2754, 1933], [2728, 1907], [2728, 1903], [2720, 1894], [2720, 1890], [2716, 1886], [2716, 1881], [2707, 1873], [2707, 1869], [2703, 1864], [2703, 1860], [2694, 1852], [2694, 1847], [2682, 1835], [2682, 1830], [2664, 1813], [2660, 1813], [2643, 1796], [2639, 1796], [2630, 1788], [2626, 1788], [2622, 1783], [2613, 1783], [2609, 1779], [2605, 1779], [2601, 1775], [2596, 1775], [2592, 1771], [2588, 1771], [2583, 1766], [2579, 1766], [2575, 1762], [2571, 1762], [2566, 1758], [2562, 1758], [2558, 1754], [2554, 1754], [2549, 1749], [2545, 1749], [2541, 1745], [2537, 1745], [2532, 1741], [2528, 1741], [2511, 1724], [2507, 1724], [2485, 1702], [2481, 1702], [2473, 1694], [2468, 1694], [2464, 1690], [2456, 1690], [2451, 1685], [2447, 1685], [2443, 1681], [2430, 1681], [2426, 1677], [2404, 1677], [2400, 1673], [2379, 1673], [2375, 1677], [2366, 1677], [2362, 1681], [2358, 1681], [2358, 1711], [2375, 1728], [2379, 1728], [2383, 1732], [2392, 1732], [2409, 1749], [2409, 1758], [2413, 1762], [2413, 1771], [2417, 1775], [2417, 1779], [2421, 1783], [2421, 1792], [2430, 1800], [2430, 1813], [2413, 1830], [2409, 1830], [2396, 1843], [2383, 1843], [2379, 1847], [2349, 1847], [2345, 1852], [2340, 1852], [2336, 1856], [2328, 1856], [2323, 1860], [2319, 1860], [2302, 1877], [2302, 1881], [2294, 1890], [2294, 1894], [2289, 1899], [2289, 1903], [2281, 1911], [2281, 1916], [2277, 1920], [2277, 1924], [2272, 1928], [2272, 1937], [2268, 1941], [2268, 1945], [2264, 1950], [2264, 1954], [2251, 1967], [2251, 1971], [2247, 1975], [2247, 1980], [2238, 1988], [2225, 1988]]",0.93,ASOK_AND002.JPG,ASOK_AND002,Andhra Pradesh,Āndhradeśa,Dupāḍu,Portail avec cheval et médaillons lotiformes,1 A.D.,Stūpa ; frise,bouddhisme,Amaravati Heritage Centre and Museum,Maronet Léa
ASOK_MAT058_lotus_2994.png,lotus,"[[3735, 132], [3735, 308], [3762, 308], [3767, 312], [3771, 312], [3775, 317], [3780, 317], [3798, 335], [3803, 335], [3825, 357], [3825, 362], [3834, 370], [3834, 375], [3852, 393], [3852, 398], [3861, 407], [3861, 411], [3875, 425], [3875, 429], [3901, 456], [3901, 461], [3915, 474], [3915, 479], [3920, 483], [3924, 483], [3946, 506], [3946, 510], [3951, 510], [3960, 519], [3965, 519], [3983, 537], [3987, 537], [3992, 542], [3996, 542], [4000, 546], [4005, 546], [4009, 551], [4014, 551], [4018, 555], [4028, 555], [4032, 560], [4041, 560], [4046, 564], [4050, 564], [4055, 569], [4059, 569], [4063, 573], [4072, 573], [4077, 577], [4086, 577], [4091, 582], [4104, 582], [4109, 587], [4113, 587], [4117, 591], [4117, 604], [4230, 604], [4230, 591], [4234, 587], [4266, 587], [4271, 582], [4302, 582], [4307, 577], [4329, 577], [4334, 573], [4351, 573], [4356, 569], [4379, 569], [4383, 564], [4401, 564], [4405, 560], [4433, 560], [4437, 555], [4459, 555], [4464, 551], [4473, 551], [4478, 546], [4482, 546], [4487, 542], [4491, 542], [4496, 537], [4500, 537], [4505, 533], [4509, 533], [4518, 524], [4522, 524], [4541, 506], [4545, 506], [4563, 488], [4568, 488], [4585, 470], [4590, 470], [4604, 456], [4608, 456], [4635, 429], [4639, 429], [4639, 425], [4649, 416], [4649, 411], [4653, 407], [4653, 398], [4658, 393], [4658, 375], [4662, 370], [4662, 357], [4667, 353], [4667, 344], [4671, 339], [4671, 335], [4680, 326], [4680, 321], [4684, 317], [4684, 312], [4689, 308], [4689, 303], [4716, 276], [4721, 276], [4725, 272], [4729, 272], [4734, 267], [4739, 267], [4747, 258], [4752, 258], [4752, 254], [4757, 249], [4757, 244], [4766, 236], [4766, 231], [4770, 226], [4770, 222], [4779, 213], [4792, 213], [4792, 96], [4779, 96], [4770, 87], [4770, 69], [4199, 69], [4199, 82], [4194, 87], [4176, 87], [4172, 91], [4117, 91], [4113, 87], [4086, 87], [4082, 82], [4082, 69], [3915, 69], [3915, 82], [3911, 87], [3901, 87], [3897, 91], [3870, 91], [3866, 96], [3838, 96], [3834, 100], [3825, 100], [3821, 105], [3807, 105], [3803, 109], [3794, 109], [3789, 114], [3784, 114], [3780, 118], [3775, 118], [3771, 123], [3767, 123], [3762, 127], [3758, 127], [3753, 132], [3735, 132]]",0.94,ASOK_MAT058.JPG,ASOK_MAT058,Uttar Pradesh,Mathurā,Mathurā,Balustrade avec médaillons,1 B.C.,Balustrade,indéterminée,Mathura Government Museum,Maronet Léa
ASOK_MAT058_lotus_2995.png,lotus,"[[2529, 1316], [2529, 1784], [2543, 1784], [2552, 1793], [2552, 1797], [2556, 1802], [2556, 1806], [2570, 1820], [2570, 1824], [2574, 1829], [2574, 1833], [2628, 1887], [2628, 1892], [2632, 1892], [2660, 1919], [2664, 1919], [2673, 1928], [2678, 1928], [2682, 1932], [2686, 1932], [2695, 1941], [2700, 1941], [2704, 1946], [2709, 1946], [2714, 1950], [2718, 1950], [2723, 1955], [2727, 1955], [2736, 1964], [2741, 1964], [2749, 1973], [2754, 1973], [2768, 1986], [2772, 1986], [2777, 1991], [2781, 1991], [2790, 2000], [2795, 2000], [2799, 2004], [2803, 2004], [2808, 2009], [2812, 2009], [2821, 2018], [2826, 2018], [2831, 2022], [2840, 2022], [2844, 2027], [2853, 2027], [2857, 2031], [2871, 2031], [2875, 2036], [2966, 2036], [2970, 2040], [2992, 2040], [2997, 2036], [3100, 2036], [3105, 2031], [3114, 2031], [3119, 2027], [3128, 2027], [3132, 2022], [3137, 2022], [3141, 2018], [3150, 2018], [3159, 2009], [3173, 2009], [3177, 2004], [3186, 2004], [3191, 2000], [3195, 2000], [3200, 1995], [3204, 1995], [3208, 1991], [3217, 1991], [3222, 1986], [3227, 1986], [3231, 1982], [3285, 1982], [3290, 1977], [3299, 1977], [3303, 1973], [3325, 1973], [3330, 1968], [3330, 1964], [3334, 1959], [3344, 1959], [3348, 1964], [3348, 1968], [3353, 1973], [3357, 1973], [3357, 1955], [3362, 1950], [3362, 1946], [3371, 1937], [3375, 1937], [3379, 1941], [3379, 1946], [3384, 1950], [3384, 1973], [3388, 1977], [3447, 1977], [3452, 1973], [3470, 1973], [3474, 1977], [3515, 1977], [3515, 1712], [3501, 1712], [3496, 1707], [3496, 1703], [3492, 1698], [3492, 1685], [3496, 1680], [3496, 1667], [3501, 1662], [3515, 1662], [3515, 1649], [3501, 1649], [3496, 1644], [3496, 1640], [3492, 1635], [3492, 1626], [3487, 1622], [3487, 1604], [3483, 1599], [3483, 1563], [3487, 1559], [3487, 1464], [3483, 1460], [3483, 1446], [3479, 1442], [3479, 1433], [3474, 1428], [3474, 1424], [3470, 1419], [3470, 1415], [3465, 1410], [3465, 1406], [3461, 1401], [3461, 1392], [3456, 1388], [3456, 1379], [3452, 1374], [3452, 1370], [3447, 1365], [3447, 1361], [3442, 1356], [3442, 1347], [3438, 1343], [3438, 1334], [3429, 1325], [3429, 1320], [3425, 1316], [3425, 1311], [3420, 1307], [3420, 1302], [3416, 1298], [3416, 1293], [3407, 1284], [3407, 1280], [3402, 1275], [3402, 1271], [3384, 1252], [3384, 1248], [3357, 1221], [3353, 1221], [3348, 1217], [3348, 1212], [3344, 1208], [3339, 1208], [3334, 1203], [3334, 1199], [3294, 1158], [3294, 1154], [3290, 1154], [3262, 1127], [3258, 1127], [3245, 1113], [3240, 1113], [3236, 1108], [3231, 1108], [3222, 1100], [3217, 1100], [3213, 1095], [3208, 1095], [3204, 1090], [3200, 1090], [3195, 1086], [3186, 1086], [3182, 1081], [3168, 1081], [3163, 1077], [3154, 1077], [3150, 1073], [3150, 1059], [2866, 1059], [2866, 1073], [2862, 1077], [2857, 1077], [2853, 1081], [2840, 1081], [2835, 1086], [2826, 1086], [2821, 1090], [2812, 1090], [2808, 1095], [2799, 1095], [2795, 1100], [2786, 1100], [2781, 1104], [2772, 1104], [2768, 1108], [2763, 1108], [2758, 1113], [2754, 1113], [2749, 1117], [2745, 1117], [2736, 1127], [2732, 1127], [2723, 1135], [2718, 1135], [2709, 1145], [2704, 1145], [2695, 1154], [2691, 1154], [2678, 1167], [2673, 1167], [2655, 1185], [2650, 1185], [2587, 1248], [2587, 1252], [2578, 1262], [2574, 1262], [2570, 1266], [2570, 1271], [2556, 1284], [2556, 1289], [2552, 1293], [2552, 1302], [2547, 1307], [2547, 1311], [2543, 1316], [2529, 1316]]",0.97,ASOK_MAT058.JPG,ASOK_MAT058,Uttar Pradesh,Mathurā,Mathurā,Balustrade avec médaillons,1 B.C.,Balustrade,indéterminée,Mathura Government Museum,Maronet Léa
ASOK_KAN047c_oie_3033.png,oie,"[[2079, 1460], [2079, 1550], [2093, 1550], [2097, 1545], [2097, 1536], [2106, 1527], [2111, 1527], [2115, 1523], [2156, 1523], [2160, 1527], [2169, 1527], [2174, 1532], [2178, 1532], [2183, 1536], [2201, 1536], [2205, 1541], [2255, 1541], [2259, 1545], [2268, 1545], [2277, 1554], [2277, 1559], [2282, 1563], [2282, 1577], [2300, 1595], [2304, 1595], [2308, 1599], [2313, 1599], [2318, 1604], [2322, 1604], [2327, 1608], [2331, 1608], [2336, 1613], [2344, 1613], [2349, 1617], [2353, 1617], [2367, 1631], [2372, 1631], [2376, 1635], [2385, 1635], [2403, 1653], [2407, 1653], [2412, 1658], [2416, 1658], [2426, 1667], [2426, 1671], [2435, 1680], [2435, 1685], [2439, 1689], [2439, 1698], [2435, 1703], [2435, 1712], [2439, 1716], [2439, 1721], [2435, 1725], [2435, 1730], [2426, 1738], [2426, 1757], [2421, 1761], [2362, 1761], [2358, 1757], [2336, 1757], [2331, 1752], [2322, 1752], [2318, 1748], [2313, 1748], [2308, 1743], [2304, 1743], [2300, 1738], [2291, 1738], [2277, 1725], [2272, 1725], [2228, 1680], [2223, 1680], [2214, 1671], [2214, 1667], [2201, 1653], [2196, 1653], [2187, 1644], [2183, 1644], [2178, 1640], [2169, 1640], [2164, 1635], [2115, 1635], [2106, 1644], [2106, 1649], [2093, 1662], [2079, 1662], [2079, 1829], [2093, 1829], [2101, 1838], [2101, 1842], [2106, 1847], [2106, 1856], [2111, 1860], [2111, 1874], [2115, 1878], [2115, 1887], [2120, 1892], [2120, 1896], [2124, 1901], [2124, 1905], [2129, 1910], [2129, 1914], [2133, 1919], [2133, 1923], [2138, 1928], [2138, 1932], [2142, 1937], [2142, 1941], [2147, 1946], [2147, 1950], [2151, 1955], [2151, 1959], [2156, 1964], [2156, 1968], [2160, 1973], [2160, 1977], [2164, 1982], [2164, 1986], [2169, 1991], [2169, 1995], [2174, 2000], [2174, 2004], [2178, 2009], [2178, 2013], [2183, 2018], [2183, 2022], [2187, 2027], [2187, 2031], [2191, 2036], [2191, 2040], [2196, 2045], [2196, 2054], [2201, 2058], [2201, 2072], [2205, 2076], [2205, 2085], [2214, 2094], [2214, 2099], [2218, 2103], [2223, 2103], [2228, 2108], [2232, 2108], [2241, 2117], [2245, 2117], [2250, 2121], [2259, 2121], [2264, 2126], [2272, 2126], [2277, 2130], [2295, 2130], [2300, 2135], [2349, 2135], [2353, 2139], [2376, 2139], [2381, 2144], [2426, 2144], [2430, 2148], [2461, 2148], [2466, 2144], [2578, 2144], [2587, 2153], [2606, 2153], [2610, 2148], [2619, 2148], [2624, 2144], [2641, 2144], [2646, 2148], [2650, 2148], [2660, 2157], [2664, 2157], [2682, 2175], [2686, 2175], [2695, 2184], [2700, 2184], [2709, 2193], [2718, 2193], [2723, 2198], [2727, 2198], [2732, 2202], [2732, 2225], [2763, 2225], [2763, 2207], [2758, 2202], [2758, 2189], [2763, 2184], [2768, 2184], [2777, 2175], [2777, 2171], [2772, 2171], [2749, 2148], [2749, 2144], [2741, 2135], [2732, 2135], [2727, 2130], [2718, 2130], [2714, 2126], [2704, 2126], [2700, 2121], [2691, 2121], [2686, 2117], [2686, 2103], [2673, 2090], [2673, 2085], [2655, 2085], [2646, 2076], [2646, 2018], [2641, 2013], [2641, 1986], [2646, 1982], [2660, 1982], [2664, 1986], [2682, 1986], [2686, 1991], [2700, 1991], [2704, 1995], [2700, 2000], [2691, 2000], [2691, 2004], [2686, 2009], [2695, 2009], [2700, 2013], [2741, 2013], [2754, 2027], [2758, 2027], [2763, 2031], [2781, 2031], [2786, 2027], [2799, 2027], [2803, 2022], [2821, 2022], [2826, 2027], [2831, 2027], [2840, 2036], [2849, 2036], [2857, 2045], [2857, 2049], [2875, 2067], [2875, 2094], [2880, 2099], [2880, 2112], [2885, 2117], [2885, 2121], [2889, 2121], [2894, 2126], [2898, 2126], [2903, 2130], [2948, 2130], [2974, 2157], [2979, 2157], [2988, 2166], [2992, 2166], [2997, 2171], [3024, 2171], [3029, 2175], [3074, 2175], [3078, 2171], [3110, 2171], [3114, 2166], [3123, 2166], [3128, 2162], [3137, 2162], [3141, 2157], [3150, 2157], [3154, 2153], [3163, 2153], [3168, 2148], [3177, 2148], [3182, 2144], [3195, 2144], [3200, 2139], [3217, 2139], [3222, 2135], [3231, 2135], [3236, 2130], [3240, 2130], [3249, 2121], [3254, 2121], [3271, 2103], [3281, 2103], [3285, 2099], [3290, 2099], [3294, 2094], [3299, 2094], [3321, 2072], [3321, 2067], [3348, 2040], [3353, 2040], [3384, 2009], [3388, 2009], [3411, 1986], [3416, 1986], [3438, 1964], [3438, 1959], [3447, 1950], [3452, 1950], [3452, 1946], [3456, 1941], [3456, 1928], [3461, 1923], [3465, 1923], [3470, 1928], [3470, 1950], [3465, 1955], [3465, 1964], [3461, 1968], [3461, 1977], [3452, 1986], [3452, 1991], [3442, 2000], [3442, 2009], [3438, 2013], [3438, 2022], [3433, 2027], [3433, 2031], [3429, 2036], [3429, 2040], [3425, 2045], [3425, 2054], [3420, 2058], [3420, 2085], [3425, 2090], [3425, 2099], [3438, 2112], [3438, 2117], [3442, 2121], [3452, 2121], [3456, 2126], [3461, 2126], [3465, 2130], [3470, 2130], [3474, 2135], [3479, 2135], [3483, 2139], [3496, 2139], [3496, 1847], [3483, 1847], [3483, 1865], [3474, 1874], [3461, 1874], [3456, 1869], [3452, 1869], [3447, 1865], [3442, 1865], [3438, 1860], [3438, 1856], [3425, 1842], [3420, 1842], [3416, 1838], [3411, 1838], [3398, 1824], [3398, 1820], [3388, 1811], [3384, 1811], [3379, 1806], [3375, 1806], [3366, 1797], [3366, 1748], [3362, 1743], [3366, 1738], [3366, 1730], [3379, 1716], [3384, 1716], [3411, 1689], [3411, 1685], [3407, 1680], [3407, 1676], [3398, 1667], [3393, 1667], [3388, 1662], [3353, 1662], [3348, 1667], [3344, 1667], [3339, 1671], [3334, 1671], [3325, 1680], [3321, 1680], [3308, 1694], [3303, 1694], [3294, 1703], [3290, 1703], [3281, 1712], [3276, 1712], [3271, 1716], [3267, 1716], [3262, 1721], [3254, 1721], [3249, 1725], [3240, 1725], [3236, 1730], [3231, 1730], [3227, 1734], [3217, 1734], [3213, 1738], [3182, 1738], [3177, 1734], [3177, 1730], [3173, 1725], [3173, 1716], [3177, 1712], [3177, 1707], [3195, 1689], [3195, 1685], [3200, 1680], [3200, 1676], [3204, 1671], [3204, 1667], [3208, 1662], [3208, 1658], [3213, 1653], [3213, 1586], [3217, 1581], [3217, 1572], [3222, 1567], [3222, 1559], [3227, 1554], [3227, 1545], [3231, 1541], [3231, 1514], [3236, 1509], [3236, 1396], [3231, 1392], [3231, 1383], [3222, 1374], [3222, 1370], [3217, 1370], [3208, 1361], [3208, 1347], [2983, 1347], [2983, 1361], [2966, 1379], [2966, 1383], [2961, 1388], [2961, 1392], [2957, 1396], [2957, 1401], [2952, 1406], [2952, 1410], [2948, 1415], [2948, 1424], [2943, 1428], [2943, 1433], [2934, 1442], [2934, 1446], [2929, 1451], [2929, 1455], [2920, 1464], [2916, 1464], [2907, 1473], [2903, 1473], [2898, 1478], [2889, 1478], [2885, 1482], [2880, 1482], [2875, 1487], [2866, 1487], [2862, 1491], [2849, 1491], [2844, 1496], [2821, 1496], [2817, 1500], [2808, 1500], [2803, 1505], [2799, 1505], [2795, 1509], [2786, 1509], [2781, 1514], [2777, 1514], [2768, 1523], [2763, 1523], [2758, 1527], [2754, 1527], [2749, 1532], [2745, 1532], [2704, 1572], [2704, 1577], [2655, 1626], [2646, 1626], [2641, 1622], [2637, 1622], [2628, 1613], [2628, 1608], [2615, 1595], [2615, 1590], [2610, 1586], [2610, 1581], [2606, 1577], [2606, 1572], [2601, 1567], [2601, 1563], [2587, 1550], [2583, 1550], [2556, 1523], [2552, 1523], [2547, 1518], [2543, 1518], [2538, 1514], [2529, 1514], [2524, 1509], [2520, 1509], [2515, 1505], [2511, 1505], [2507, 1500], [2502, 1500], [2498, 1496], [2493, 1496], [2489, 1491], [2484, 1491], [2480, 1487], [2470, 1487], [2466, 1482], [2453, 1482], [2448, 1478], [2439, 1478], [2435, 1473], [2426, 1473], [2421, 1469], [2412, 1469], [2407, 1464], [2399, 1464], [2394, 1460], [2390, 1460], [2385, 1455], [2381, 1455], [2376, 1451], [2372, 1451], [2367, 1446], [2362, 1446], [2358, 1442], [2353, 1442], [2344, 1433], [2340, 1433], [2331, 1424], [2327, 1424], [2322, 1419], [2318, 1419], [2313, 1415], [2304, 1415], [2300, 1410], [2291, 1410], [2286, 1406], [2268, 1406], [2264, 1401], [2241, 1401], [2237, 1406], [2223, 1406], [2218, 1410], [2214, 1410], [2210, 1415], [2205, 1415], [2201, 1419], [2196, 1419], [2191, 1424], [2183, 1424], [2178, 1428], [2174, 1428], [2169, 1433], [2164, 1433], [2160, 1437], [2151, 1437], [2147, 1442], [2142, 1442], [2138, 1446], [2129, 1446], [2124, 1451], [2115, 1451], [2111, 1455], [2101, 1455], [2097, 1460], [2079, 1460]]",0.91,ASOK_KAN047c.JPG,ASOK_KAN047c,Karnataka,Āndhradeśa,Kaṇagaṇahaḷḷi,Tentation de Māra et vénération du Buddha,1 B.C. ; 1 A.D. ; 2 A.D. ; 3 A.D. ,Stūpa ; panneau,bouddhisme,In situ,Maronet Léa
ASOK_KAN047c_lotus_3034.png,lotus,"[[4923, 2108], [4923, 2135], [4941, 2153], [4945, 2153], [4950, 2157], [5013, 2157], [5018, 2162], [5022, 2162], [5026, 2166], [5144, 2166], [5148, 2162], [5166, 2162], [5171, 2157], [5179, 2157], [5184, 2153], [5202, 2153], [5207, 2148], [5211, 2153], [5225, 2153], [5229, 2157], [5265, 2157], [5270, 2162], [5350, 2162], [5355, 2157], [5427, 2157], [5431, 2153], [5436, 2153], [5441, 2148], [5445, 2148], [5454, 2139], [5454, 2135], [5463, 2126], [5468, 2126], [5468, 1770], [5458, 1770], [5454, 1766], [5450, 1766], [5445, 1761], [5441, 1761], [5436, 1757], [5431, 1757], [5427, 1752], [5423, 1752], [5418, 1748], [5409, 1748], [5405, 1743], [5400, 1743], [5391, 1734], [5386, 1734], [5382, 1730], [5368, 1730], [5364, 1725], [5360, 1725], [5355, 1721], [5350, 1721], [5342, 1712], [5337, 1712], [5333, 1707], [5328, 1707], [5323, 1703], [5319, 1703], [5315, 1698], [5305, 1698], [5301, 1694], [5292, 1694], [5287, 1689], [5283, 1689], [5279, 1685], [5274, 1685], [5270, 1680], [5265, 1680], [5260, 1676], [5242, 1676], [5234, 1667], [5234, 1649], [5238, 1644], [5238, 1640], [5279, 1599], [5283, 1599], [5287, 1595], [5297, 1595], [5305, 1586], [5310, 1586], [5315, 1581], [5323, 1581], [5328, 1577], [5337, 1577], [5350, 1590], [5350, 1595], [5355, 1595], [5360, 1599], [5368, 1599], [5373, 1604], [5382, 1604], [5386, 1608], [5450, 1608], [5454, 1613], [5458, 1613], [5463, 1617], [5468, 1617], [5468, 1478], [5458, 1478], [5450, 1469], [5450, 1455], [5333, 1455], [5333, 1473], [5305, 1500], [5301, 1500], [5297, 1505], [5292, 1505], [5287, 1509], [5283, 1509], [5274, 1518], [5270, 1518], [5175, 1613], [5175, 1617], [5152, 1640], [5152, 1644], [5144, 1653], [5144, 1658], [5134, 1667], [5134, 1671], [5130, 1676], [5130, 1680], [5126, 1685], [5126, 1689], [5116, 1698], [5116, 1703], [5112, 1707], [5112, 1712], [5108, 1716], [5108, 1721], [5103, 1725], [5103, 1730], [5085, 1748], [5085, 1752], [5076, 1761], [5076, 1770], [5071, 1775], [5071, 1779], [5067, 1784], [5067, 1793], [5063, 1797], [5063, 1806], [5049, 1820], [5049, 1824], [5040, 1833], [5040, 1838], [5036, 1842], [5036, 1847], [5026, 1856], [5026, 1860], [5022, 1865], [5022, 1869], [5018, 1874], [5018, 1878], [5013, 1883], [5013, 1901], [5008, 1905], [5008, 1932], [5013, 1937], [5013, 1941], [5018, 1946], [5018, 1950], [5022, 1955], [5022, 1968], [5018, 1973], [5018, 1991], [5013, 1995], [5013, 2000], [5000, 2013], [5000, 2018], [4991, 2027], [4991, 2031], [4981, 2040], [4977, 2040], [4955, 2063], [4955, 2067], [4937, 2085], [4937, 2090], [4928, 2099], [4928, 2103], [4923, 2108]]",0.41,ASOK_KAN047c.JPG,ASOK_KAN047c,Karnataka,Āndhradeśa,Kaṇagaṇahaḷḷi,Tentation de Māra et vénération du Buddha,1 B.C. ; 1 A.D. ; 2 A.D. ; 3 A.D. ,Stūpa ; panneau,bouddhisme,In situ,Maronet Léa
ASOK_MAT058_lion_3049.png,lion,"[[3823, 3048], [3832, 3157], [3902, 3211], [4020, 3202], [3978, 3295], [3886, 3446], [3961, 3555], [4230, 3572], [4515, 3580], [4591, 3597], [4801, 3521], [4876, 3295], [4759, 3068], [4581, 2899], [4524, 2899], [4457, 2918], [4409, 2988], [4394, 3033], [4321, 2955], [4242, 2957], [4222, 3031], [4247, 3053], [4300, 3081], [4274, 3142], [4222, 3138], [4159, 3028], [4137, 2979], [4089, 2928], [3983, 2925], [3924, 2964], [3894, 3011], [3823, 3048]]",0.97,ASOK_MAT058.JPG,ASOK_MAT058,Uttar Pradesh,Mathurā,Mathurā,Balustrade avec médaillons,1 B.C.,Balustrade,indéterminée,Mathura Government Museum,Maronet Léa
ASOK_AMA003_lion_3057.png,lion,"[[1017, 169], [1017, 189], [1025, 189], [1030, 194], [1032, 194], [1034, 196], [1037, 196], [1039, 199], [1042, 199], [1044, 201], [1049, 201], [1052, 204], [1054, 204], [1057, 206], [1057, 209], [1059, 211], [1059, 216], [1061, 218], [1061, 221], [1064, 223], [1064, 226], [1084, 245], [1084, 248], [1088, 253], [1088, 255], [1091, 255], [1096, 260], [1096, 270], [1098, 272], [1098, 287], [1101, 290], [1101, 297], [1103, 297], [1106, 299], [1133, 299], [1133, 292], [1130, 290], [1130, 287], [1128, 285], [1128, 270], [1130, 267], [1130, 265], [1135, 260], [1140, 260], [1142, 258], [1155, 258], [1157, 255], [1167, 255], [1169, 253], [1179, 253], [1187, 260], [1187, 263], [1189, 265], [1189, 267], [1192, 270], [1192, 275], [1194, 277], [1194, 292], [1192, 294], [1192, 299], [1189, 302], [1189, 304], [1187, 307], [1187, 309], [1189, 309], [1194, 314], [1196, 314], [1199, 317], [1201, 317], [1204, 319], [1204, 326], [1211, 326], [1211, 319], [1223, 307], [1223, 287], [1236, 275], [1238, 275], [1248, 265], [1248, 258], [1250, 255], [1250, 245], [1248, 243], [1248, 236], [1250, 233], [1250, 231], [1248, 228], [1248, 216], [1246, 213], [1246, 211], [1241, 206], [1241, 204], [1233, 196], [1233, 194], [1221, 182], [1216, 182], [1214, 179], [1211, 179], [1209, 177], [1204, 177], [1201, 179], [1199, 179], [1196, 182], [1187, 182], [1184, 184], [1167, 184], [1165, 186], [1157, 186], [1155, 184], [1150, 184], [1147, 182], [1145, 182], [1142, 179], [1142, 177], [1138, 172], [1138, 169], [1135, 167], [1133, 167], [1130, 164], [1125, 164], [1123, 162], [1108, 162], [1106, 159], [1103, 159], [1101, 157], [1098, 157], [1091, 150], [1091, 142], [1032, 142], [1032, 155], [1030, 157], [1030, 164], [1025, 169], [1017, 169]]",0.44,ASOK_AMA003.jpg,ASOK_AMA003,Andhra Pradesh,Āndhradeśa,Amarāvatī,Pilier de balustrade avec médaillons lotiformes ; éléphants ; dévotion au stupa et ganas,1 A.D. ; 2 A.D. ; 3 A.D.,Stūpa ; balustrade ; pilier,bouddhisme,The British Museum,Maronet Léa
ASOK_KAN047c_lotus_3083.png,lotus,"[[1653, 2040], [1674, 2141], [1796, 2242], [2006, 2242], [2144, 2196], [2195, 2070], [2123, 1910], [2010, 1876], [2077, 1675], [2195, 1532], [2073, 1511], [1918, 1717], [1880, 1851], [1745, 1893], [1653, 2040]]",1.0,ASOK_KAN047c.JPG,ASOK_KAN047c,Karnataka,Āndhradeśa,Kaṇagaṇahaḷḷi,Tentation de Māra et vénération du Buddha,1 B.C. ; 1 A.D. ; 2 A.D. ; 3 A.D. ,Stūpa ; panneau,bouddhisme,In situ,Maronet Léa
ASOK_KAN047c_lotus_3084.png,lotus,"[[133, 2233], [662, 2204], [587, 2074], [495, 1931], [440, 1847], [398, 1721], [356, 1507], [280, 1515], [293, 1746], [268, 1872], [217, 2040], [138, 2120], [133, 2233]]",0.98,ASOK_KAN047c.JPG,ASOK_KAN047c,Karnataka,Āndhradeśa,Kaṇagaṇahaḷḷi,Tentation de Māra et vénération du Buddha,1 B.C. ; 1 A.D. ; 2 A.D. ; 3 A.D. ,Stūpa ; panneau,bouddhisme,In situ,Maronet Léa
ASOK_AMA003_lotus_3085.png,lotus,"[[129, 403], [129, 529], [160, 649], [154, 892], [207, 882], [273, 854], [321, 819], [425, 882], [518, 922], [557, 907], [558, 889], [605, 873], [631, 841], [787, 839], [812, 883], [839, 885], [878, 914], [1013, 859], [1099, 799], [1172, 836], [1279, 843], [1277, 795], [1255, 752], [1220, 641], [1228, 589], [1199, 558], [1217, 522], [1247, 398], [1256, 324], [886, 313], [499, 317], [260, 349], [152, 376], [129, 403]]",1.0,ASOK_AMA003.jpg,ASOK_AMA003,Andhra Pradesh,Āndhradeśa,Amarāvatī,Pilier de balustrade avec médaillons lotiformes ; éléphants ; dévotion au stupa et ganas,1 A.D. ; 2 A.D. ; 3 A.D.,Stūpa ; balustrade ; pilier,bouddhisme,The British Museum,Maronet Léa
ASOK_KAN047c_oie_3086.png,oie,"[[257, 1490], [400, 1541], [404, 1637], [492, 1902], [664, 2103], [782, 2133], [996, 2112], [975, 2162], [866, 2271], [1013, 2263], [1130, 2162], [1365, 2170], [1630, 2099], [1693, 1994], [1848, 1847], [1823, 1704], [1659, 1629], [1567, 1629], [1462, 1595], [1353, 1629], [1168, 1520], [966, 1536], [832, 1625], [731, 1734], [685, 1704], [660, 1532], [584, 1385], [463, 1377], [324, 1431], [257, 1490]]",0.99,ASOK_KAN047c.JPG,ASOK_KAN047c,Karnataka,Āndhradeśa,Kaṇagaṇahaḷḷi,Tentation de Māra et vénération du Buddha,1 B.C. ; 1 A.D. ; 2 A.D. ; 3 A.D. ,Stūpa ; panneau,bouddhisme,In situ,Maronet Léa
ASOK_KAN047c_oie_3087.png,oie,"[[3859, 1616], [3889, 1679], [4023, 1637], [4078, 1654], [4111, 1847], [4216, 2036], [4346, 2120], [4334, 2170], [4430, 2162], [4556, 2133], [4699, 2124], [4921, 2070], [5009, 1935], [5009, 1843], [5005, 1738], [4909, 1696], [4833, 1667], [4711, 1515], [4669, 1612], [4590, 1620], [4430, 1587], [4334, 1625], [4258, 1675], [4195, 1562], [4048, 1444], [3922, 1444], [3884, 1570], [3859, 1616]]",0.97,ASOK_KAN047c.JPG,ASOK_KAN047c,Karnataka,Āndhradeśa,Kaṇagaṇahaḷḷi,Tentation de Māra et vénération du Buddha,1 B.C. ; 1 A.D. ; 2 A.D. ; 3 A.D. ,Stūpa ; panneau,bouddhisme,In situ,Maronet Léa
ASOK_AMA003_éléphant_3088.png,éléphant,"[[766, 262], [785, 291], [796, 309], [841, 302], [862, 257], [862, 286], [889, 301], [909, 301], [916, 280], [901, 268], [914, 242], [933, 243], [935, 286], [922, 305], [956, 309], [976, 266], [996, 287], [989, 307], [1029, 307], [1019, 282], [1013, 248], [1018, 234], [1030, 268], [1037, 296], [1062, 284], [1039, 261], [1028, 238], [1028, 207], [982, 168], [928, 148], [864, 140], [811, 131], [785, 161], [768, 209], [766, 262]]",0.99,ASOK_AMA003.jpg,ASOK_AMA003,Andhra Pradesh,Āndhradeśa,Amarāvatī,Pilier de balustrade avec médaillons lotiformes ; éléphants ; dévotion au stupa et ganas,1 A.D. ; 2 A.D. ; 3 A.D.,Stūpa ; balustrade ; pilier,bouddhisme,The British Museum,Maronet Léa
ASOK_AMA003_éléphant_3089.png,éléphant,"[[346, 318], [378, 318], [391, 297], [411, 315], [441, 316], [441, 292], [447, 275], [470, 282], [459, 312], [511, 309], [506, 275], [516, 272], [543, 312], [579, 312], [581, 290], [603, 275], [607, 241], [588, 154], [548, 144], [500, 164], [430, 168], [382, 187], [350, 216], [352, 246], [367, 284], [346, 318]]",0.98,ASOK_AMA003.jpg,ASOK_AMA003,Andhra Pradesh,Āndhradeśa,Amarāvatī,Pilier de balustrade avec médaillons lotiformes ; éléphants ; dévotion au stupa et ganas,1 A.D. ; 2 A.D. ; 3 A.D.,Stūpa ; balustrade ; pilier,bouddhisme,The British Museum,Maronet Léa
ASOK_AMA003_lion_3090.png,lion,"[[139, 326], [151, 368], [170, 365], [182, 341], [189, 355], [212, 349], [212, 323], [246, 312], [243, 345], [294, 334], [299, 299], [321, 330], [352, 318], [326, 278], [321, 255], [320, 223], [338, 231], [357, 208], [357, 187], [335, 160], [299, 163], [268, 188], [257, 175], [231, 188], [219, 209], [226, 234], [169, 232], [146, 256], [158, 300], [139, 326]]",1.0,ASOK_AMA003.jpg,ASOK_AMA003,Andhra Pradesh,Āndhradeśa,Amarāvatī,Pilier de balustrade avec médaillons lotiformes ; éléphants ; dévotion au stupa et ganas,1 A.D. ; 2 A.D. ; 3 A.D.,Stūpa ; balustrade ; pilier,bouddhisme,The British Museum,Maronet Léa
ASOK_NAG079b_éléphant_3206.png,éléphant,"[[1011, 1545], [1036, 1830], [1137, 2099], [1288, 2166], [1473, 2233], [1615, 2183], [1599, 2418], [1548, 2905], [1456, 2947], [1431, 3140], [1850, 3115], [1817, 2897], [1867, 2787], [2060, 3148], [2203, 3157], [2295, 2821], [2136, 2754], [2069, 2661], [2270, 2502], [2480, 2258], [2774, 2384], [2715, 2485], [2690, 2695], [2934, 2813], [2925, 2905], [2749, 3039], [2740, 3148], [3320, 3148], [3412, 2897], [3395, 2787], [3286, 2754], [3311, 2661], [3563, 2452], [3462, 2737], [3370, 3098], [3605, 3098], [3614, 2829], [3588, 2636], [3706, 2384], [3807, 2074], [3781, 1805], [3479, 1511], [3177, 1301], [2959, 1167], [2690, 1159], [2489, 1066], [2279, 957], [2102, 730], [1960, 688], [1808, 663], [1582, 840], [1405, 907], [1280, 1150], [1095, 1318], [1011, 1545]]",0.97,ASOK_NAG079b.JPG,ASOK_NAG079b,Andhra Pradesh,Āndhradeśa,Nāgārjunakoṇḍa,,3 A.D.,Stūpa ; panneau,bouddhisme,Nagarjunakonda Archaeological Museum,Maronet Léa
ASOK_NAG079b_éléphant_3207.png,éléphant,"[[2287, 966], [2631, 1117], [2841, 1159], [3043, 1209], [3244, 1301], [3471, 1335], [3647, 1201], [3672, 1024], [3672, 840], [3765, 831], [3832, 739], [3832, 613], [3748, 529], [3580, 529], [3462, 697], [3471, 915], [3446, 1058], [3311, 1008], [3152, 814], [2975, 646], [2883, 487], [2606, 487], [2514, 621], [2321, 772], [2287, 966]]",1.0,ASOK_NAG079b.JPG,ASOK_NAG079b,Andhra Pradesh,Āndhradeśa,Nāgārjunakoṇḍa,,3 A.D.,Stūpa ; panneau,bouddhisme,Nagarjunakonda Archaeological Museum,Maronet Léa
ASOK_NAG079b_éléphant_3208.png,éléphant,"[[3647, 1175], [3815, 1369], [3916, 1503], [3865, 1637], [3840, 1830], [3765, 1965], [3647, 2091], [3823, 2099], [3815, 2628], [3781, 3123], [4092, 3123], [4117, 2846], [4126, 2661], [4226, 2628], [4420, 2603], [4512, 2762], [4504, 2972], [4504, 3115], [4856, 3115], [4865, 2762], [4932, 2225], [4848, 1830], [4881, 1545], [4982, 1259], [4965, 831], [4772, 814], [4697, 672], [4562, 605], [4394, 672], [4168, 613], [4000, 714], [3849, 714], [3698, 840], [3647, 1175]]",0.99,ASOK_NAG079b.JPG,ASOK_NAG079b,Andhra Pradesh,Āndhradeśa,Nāgārjunakoṇḍa,,3 A.D.,Stūpa ; panneau,bouddhisme,Nagarjunakonda Archaeological Museum,Maronet Léa
ASOK_CHAN001_lotus_3231.png,lotus,"[[1507, 2733], [1525, 2854], [1578, 2848], [1677, 2812], [1741, 2779], [1791, 2826], [1866, 2843], [1919, 2841], [1928, 2680], [1899, 2632], [1935, 2588], [1944, 2493], [1944, 2407], [1897, 2398], [1774, 2409], [1741, 2455], [1697, 2429], [1619, 2400], [1516, 2376], [1511, 2462], [1511, 2561], [1558, 2614], [1518, 2665], [1507, 2733]]",0.98,ASOK_CHAN001.JPG,ASOK_CHAN001,Andhra Pradesh,Āndhradeśa,Chandavaram,Panneau avec scènes narratives,1 A.D.,Stūpa ; panneau,bouddhisme,Telangana State Archaeology Museum,Maronet Léa
ASOK_CHAN001_lotus_3232.png,lotus,"[[1048, 2804], [1086, 2804], [1165, 2784], [1218, 2751], [1227, 2784], [1306, 2837], [1399, 2837], [1448, 2845], [1430, 2775], [1441, 2729], [1432, 2656], [1370, 2614], [1406, 2614], [1448, 2563], [1452, 2493], [1452, 2385], [1419, 2385], [1322, 2405], [1260, 2431], [1194, 2385], [1126, 2398], [1066, 2385], [1062, 2499], [1077, 2570], [1119, 2603], [1075, 2636], [1071, 2687], [1048, 2804]]",0.97,ASOK_CHAN001.JPG,ASOK_CHAN001,Andhra Pradesh,Āndhradeśa,Chandavaram,Panneau avec scènes narratives,1 A.D.,Stūpa ; panneau,bouddhisme,Telangana State Archaeology Museum,Maronet Léa
ASOK_CHAN001_lotus_3233.png,lotus,"[[1977, 2854], [2107, 2841], [2177, 2834], [2219, 2782], [2257, 2823], [2332, 2854], [2404, 2865], [2407, 2768], [2407, 2671], [2369, 2632], [2422, 2583], [2420, 2517], [2415, 2407], [2347, 2413], [2257, 2416], [2208, 2457], [2157, 2418], [2058, 2413], [1988, 2400], [1992, 2455], [1988, 2546], [2003, 2607], [2034, 2643], [2008, 2673], [2003, 2751], [1977, 2854]]",1.0,ASOK_CHAN001.JPG,ASOK_CHAN001,Andhra Pradesh,Āndhradeśa,Chandavaram,Panneau avec scènes narratives,1 A.D.,Stūpa ; panneau,bouddhisme,Telangana State Archaeology Museum,Maronet Léa
ASOK_CHAN001_lotus_3234.png,lotus,"[[2464, 2402], [2466, 2462], [2477, 2576], [2548, 2634], [2477, 2724], [2473, 2852], [2581, 2861], [2660, 2812], [2717, 2806], [2764, 2852], [2885, 2854], [2883, 2698], [2825, 2634], [2874, 2610], [2905, 2541], [2918, 2413], [2786, 2424], [2709, 2468], [2678, 2422], [2576, 2407], [2464, 2402]]",0.98,ASOK_CHAN001.JPG,ASOK_CHAN001,Andhra Pradesh,Āndhradeśa,Chandavaram,Panneau avec scènes narratives,1 A.D.,Stūpa ; panneau,bouddhisme,Telangana State Archaeology Museum,Maronet Léa
ASOK_NAG050_lotus_3275.png,lotus,"[[116, 575], [122, 715], [166, 848], [260, 947], [421, 1016], [561, 1034], [708, 1003], [814, 940], [898, 844], [950, 725], [956, 614], [954, 516], [908, 401], [816, 290], [682, 215], [532, 188], [390, 207], [283, 272], [181, 374], [150, 455], [116, 575]]",0.99,ASOK_NAG050.jpg,ASOK_NAG050,Andhra Pradesh,Āndhradeśa,Nāgārjunakoṇḍa,,3 A.D.,Stūpa ; panneau,bouddhisme,Nagarjunakonda Archaeological Museum,Maronet Léa
ASOK_MAT058_lotus_3563.png,lotus,"[[3735, 140], [3735, 307], [3753, 307], [3758, 311], [3767, 311], [3771, 316], [3776, 316], [3785, 325], [3789, 325], [3794, 329], [3798, 329], [3825, 356], [3825, 361], [3834, 370], [3834, 374], [3852, 392], [3852, 397], [3857, 401], [3857, 406], [3875, 424], [3875, 429], [3951, 505], [3956, 505], [3987, 537], [3992, 537], [3996, 541], [4001, 541], [4005, 546], [4010, 546], [4014, 550], [4018, 550], [4023, 555], [4032, 555], [4037, 559], [4046, 559], [4050, 564], [4055, 564], [4059, 568], [4068, 568], [4073, 573], [4077, 573], [4081, 577], [4091, 577], [4095, 582], [4109, 582], [4113, 586], [4122, 586], [4127, 591], [4127, 604], [4190, 604], [4190, 591], [4194, 586], [4217, 586], [4221, 582], [4338, 582], [4343, 577], [4352, 577], [4356, 582], [4360, 582], [4365, 577], [4397, 577], [4401, 573], [4415, 573], [4419, 568], [4442, 568], [4446, 564], [4460, 564], [4464, 559], [4473, 559], [4477, 555], [4487, 555], [4496, 546], [4500, 546], [4505, 541], [4509, 541], [4518, 532], [4523, 532], [4545, 510], [4550, 510], [4572, 487], [4577, 487], [4599, 465], [4604, 465], [4648, 419], [4648, 415], [4653, 410], [4653, 401], [4658, 397], [4658, 374], [4662, 370], [4662, 352], [4667, 347], [4667, 338], [4676, 329], [4676, 325], [4680, 320], [4680, 316], [4721, 275], [4725, 275], [4730, 271], [4739, 271], [4757, 253], [4757, 248], [4761, 244], [4761, 239], [4770, 230], [4770, 226], [4775, 221], [4775, 217], [4779, 212], [4793, 212], [4793, 95], [4779, 95], [4765, 82], [4765, 68], [3920, 68], [3920, 82], [3915, 86], [3911, 86], [3906, 91], [3897, 91], [3893, 95], [3884, 95], [3879, 100], [3866, 100], [3861, 104], [3848, 104], [3843, 109], [3825, 109], [3821, 113], [3807, 113], [3803, 118], [3794, 118], [3789, 122], [3780, 122], [3776, 127], [3771, 127], [3767, 131], [3762, 131], [3758, 136], [3753, 136], [3749, 140], [3735, 140]]",0.94,ASOK_MAT058.JPG,ASOK_MAT058,Uttar Pradesh,Mathurā,Mathurā,Balustrade avec médaillons,1 B.C.,Balustrade,indéterminée,Mathura Government Museum,Maronet Léa
ASOK_MAT058_lotus_3564.png,lotus,"[[2529, 1306], [2529, 1779], [2543, 1779], [2552, 1788], [2552, 1792], [2556, 1797], [2556, 1801], [2565, 1810], [2565, 1815], [2570, 1819], [2570, 1824], [2588, 1842], [2588, 1847], [2660, 1919], [2664, 1919], [2673, 1928], [2678, 1928], [2682, 1932], [2687, 1932], [2696, 1941], [2700, 1941], [2705, 1946], [2709, 1946], [2714, 1950], [2718, 1950], [2727, 1959], [2732, 1959], [2736, 1964], [2741, 1964], [2759, 1982], [2763, 1982], [2772, 1991], [2777, 1991], [2786, 2000], [2790, 2000], [2794, 2004], [2799, 2004], [2804, 2009], [2808, 2009], [2822, 2022], [2831, 2022], [2835, 2027], [2840, 2027], [2844, 2031], [2853, 2031], [2858, 2036], [2885, 2036], [2889, 2040], [3065, 2040], [3069, 2036], [3110, 2036], [3114, 2031], [3119, 2031], [3123, 2027], [3132, 2027], [3136, 2022], [3146, 2022], [3150, 2018], [3155, 2018], [3159, 2013], [3164, 2013], [3168, 2009], [3177, 2009], [3182, 2004], [3186, 2004], [3191, 2000], [3195, 2000], [3200, 1995], [3204, 1995], [3209, 1991], [3213, 1991], [3218, 1986], [3222, 1986], [3227, 1982], [3236, 1982], [3240, 1977], [3263, 1977], [3267, 1982], [3285, 1982], [3290, 1977], [3303, 1977], [3307, 1973], [3334, 1973], [3339, 1977], [3344, 1977], [3353, 1986], [3357, 1986], [3362, 1991], [3393, 1991], [3398, 1986], [3402, 1986], [3407, 1982], [3429, 1982], [3434, 1977], [3483, 1977], [3488, 1982], [3497, 1982], [3501, 1986], [3515, 1986], [3515, 1702], [3501, 1702], [3497, 1698], [3497, 1689], [3492, 1684], [3492, 1630], [3488, 1626], [3488, 1612], [3483, 1608], [3483, 1594], [3479, 1590], [3479, 1558], [3483, 1554], [3483, 1464], [3479, 1459], [3479, 1446], [3474, 1441], [3474, 1432], [3470, 1428], [3470, 1423], [3465, 1419], [3465, 1414], [3461, 1410], [3461, 1405], [3456, 1401], [3456, 1387], [3452, 1383], [3452, 1374], [3447, 1369], [3447, 1365], [3443, 1360], [3443, 1351], [3438, 1347], [3438, 1342], [3434, 1338], [3434, 1333], [3429, 1329], [3429, 1324], [3425, 1320], [3425, 1315], [3420, 1311], [3420, 1306], [3416, 1302], [3416, 1297], [3407, 1288], [3407, 1284], [3402, 1279], [3402, 1275], [3398, 1270], [3398, 1266], [3366, 1234], [3366, 1230], [3362, 1225], [3357, 1225], [3299, 1167], [3299, 1162], [3281, 1144], [3276, 1144], [3258, 1126], [3254, 1126], [3245, 1117], [3240, 1117], [3231, 1108], [3227, 1108], [3218, 1099], [3209, 1099], [3204, 1095], [3200, 1095], [3195, 1090], [3186, 1090], [3182, 1086], [3168, 1086], [3164, 1081], [3141, 1081], [3136, 1077], [3128, 1077], [3123, 1072], [3123, 1059], [2871, 1059], [2871, 1072], [2867, 1077], [2862, 1077], [2858, 1081], [2849, 1081], [2844, 1086], [2835, 1086], [2831, 1090], [2822, 1090], [2817, 1095], [2808, 1095], [2804, 1099], [2794, 1099], [2790, 1104], [2786, 1104], [2781, 1108], [2777, 1108], [2772, 1113], [2763, 1113], [2759, 1117], [2754, 1117], [2750, 1122], [2745, 1122], [2736, 1131], [2732, 1131], [2727, 1135], [2723, 1135], [2718, 1140], [2714, 1140], [2709, 1144], [2705, 1144], [2700, 1149], [2696, 1149], [2687, 1158], [2682, 1158], [2669, 1171], [2664, 1171], [2646, 1189], [2642, 1189], [2588, 1243], [2588, 1248], [2565, 1270], [2565, 1275], [2561, 1279], [2556, 1279], [2552, 1284], [2552, 1288], [2547, 1293], [2547, 1302], [2543, 1306], [2529, 1306]]",0.97,ASOK_MAT058.JPG,ASOK_MAT058,Uttar Pradesh,Mathurā,Mathurā,Balustrade avec médaillons,1 B.C.,Balustrade,indéterminée,Mathura Government Museum,Maronet Léa
ASOK_KAN051e_lotus_3921.png,lotus,"[[2539, 841], [2539, 921], [2554, 921], [2558, 925], [2562, 925], [2565, 928], [2581, 928], [2584, 932], [2565, 951], [2565, 955], [2562, 959], [2562, 963], [2550, 974], [2539, 974], [2539, 1410], [2550, 1410], [2554, 1406], [2558, 1406], [2565, 1398], [2569, 1398], [2573, 1402], [2577, 1402], [2588, 1413], [2588, 1417], [2592, 1421], [2592, 1425], [2600, 1432], [2600, 1436], [2603, 1440], [2603, 1444], [2607, 1448], [2607, 1455], [2611, 1459], [2611, 1463], [2619, 1470], [2619, 1474], [2622, 1478], [2622, 1482], [2626, 1485], [2626, 1489], [2630, 1493], [2630, 1497], [2645, 1512], [2645, 1516], [2683, 1554], [2683, 1557], [2725, 1599], [2728, 1599], [2732, 1603], [2740, 1603], [2744, 1607], [2755, 1607], [2759, 1611], [2770, 1611], [2774, 1614], [2785, 1614], [2789, 1618], [2797, 1618], [2800, 1622], [2808, 1622], [2812, 1626], [2816, 1626], [2819, 1629], [2823, 1629], [2827, 1633], [2831, 1633], [2835, 1637], [2838, 1637], [2842, 1641], [2846, 1641], [2853, 1648], [2857, 1648], [2861, 1652], [2865, 1652], [2869, 1656], [2872, 1656], [2876, 1660], [2884, 1660], [2888, 1664], [2891, 1664], [2899, 1671], [2903, 1671], [2907, 1675], [2907, 1686], [2918, 1686], [2918, 1675], [2925, 1667], [2925, 1664], [2937, 1652], [2941, 1652], [2944, 1648], [2967, 1648], [2971, 1652], [2990, 1652], [2994, 1656], [3009, 1656], [3016, 1664], [3020, 1664], [3024, 1667], [3028, 1664], [3039, 1664], [3043, 1667], [3054, 1667], [3062, 1675], [3062, 1686], [3221, 1686], [3221, 1675], [3217, 1671], [3217, 1667], [3213, 1664], [3213, 1660], [3210, 1656], [3210, 1648], [3206, 1645], [3210, 1641], [3210, 1637], [3213, 1633], [3213, 1629], [3232, 1611], [3240, 1611], [3244, 1607], [3251, 1607], [3255, 1603], [3282, 1603], [3285, 1599], [3289, 1599], [3293, 1595], [3301, 1595], [3304, 1592], [3308, 1592], [3312, 1588], [3323, 1588], [3327, 1584], [3350, 1584], [3361, 1573], [3361, 1569], [3369, 1561], [3369, 1527], [3365, 1523], [3365, 1501], [3369, 1497], [3369, 1493], [3373, 1489], [3373, 1485], [3376, 1482], [3376, 1478], [3380, 1474], [3380, 1470], [3384, 1467], [3384, 1463], [3388, 1459], [3388, 1455], [3392, 1451], [3392, 1448], [3395, 1444], [3395, 1440], [3399, 1436], [3399, 1432], [3403, 1429], [3403, 1425], [3411, 1417], [3411, 1413], [3414, 1410], [3414, 1406], [3418, 1402], [3418, 1398], [3422, 1395], [3422, 1391], [3426, 1387], [3426, 1379], [3429, 1376], [3429, 1368], [3433, 1364], [3433, 1341], [3437, 1338], [3437, 1311], [3441, 1307], [3441, 1296], [3445, 1292], [3445, 1288], [3448, 1285], [3460, 1285], [3460, 1122], [3448, 1122], [3445, 1118], [3445, 1114], [3441, 1110], [3441, 1099], [3437, 1095], [3437, 1091], [3429, 1084], [3429, 1076], [3426, 1072], [3426, 1065], [3422, 1061], [3422, 1057], [3418, 1053], [3418, 1050], [3414, 1046], [3414, 1042], [3411, 1038], [3411, 1035], [3407, 1031], [3407, 1027], [3403, 1027], [3395, 1019], [3395, 1016], [3380, 1000], [3380, 997], [3350, 966], [3346, 966], [3339, 959], [3339, 955], [3335, 951], [3335, 947], [3331, 944], [3331, 940], [3323, 932], [3323, 928], [3316, 921], [3316, 917], [3308, 909], [3308, 906], [3304, 902], [3304, 887], [3335, 856], [3335, 853], [3346, 841], [3346, 837], [3354, 830], [3354, 826], [3361, 819], [3361, 811], [3365, 807], [3365, 803], [3376, 792], [3376, 788], [3380, 784], [3380, 781], [3388, 773], [3392, 773], [3395, 769], [3411, 769], [3414, 765], [3433, 765], [3437, 769], [3445, 769], [3448, 773], [3460, 773], [3460, 675], [2846, 675], [2846, 690], [2842, 693], [2842, 716], [2838, 720], [2838, 724], [2831, 731], [2827, 731], [2819, 739], [2816, 739], [2812, 743], [2797, 743], [2793, 747], [2789, 747], [2759, 777], [2759, 781], [2747, 792], [2744, 792], [2740, 796], [2732, 796], [2728, 792], [2728, 788], [2717, 777], [2717, 773], [2713, 769], [2713, 762], [2706, 754], [2702, 754], [2694, 762], [2691, 762], [2687, 765], [2687, 769], [2683, 773], [2679, 773], [2668, 784], [2664, 784], [2660, 788], [2626, 788], [2622, 792], [2615, 792], [2611, 796], [2607, 796], [2603, 800], [2600, 800], [2569, 830], [2565, 830], [2554, 841], [2539, 841]]",0.65,ASOK_KAN051e.JPG,ASOK_KAN051e,Karnataka,Āndhradeśa,Kaṇagaṇahaḷḷi,Ṣaḍdantajātaka I et II,1 B.C. ; 1 A.D. ; 2 A.D. ; 3 A.D. ,Stūpa ; panneau,bouddhisme,In situ,Maronet Léa
ASOK_KAN051e_lotus_3923.png,lotus,"[[3475, 1004], [3475, 1023], [3479, 1027], [3479, 1035], [3486, 1042], [3490, 1042], [3501, 1053], [3501, 1061], [3505, 1065], [3505, 1072], [3509, 1076], [3509, 1084], [3505, 1088], [3505, 1107], [3513, 1114], [3513, 1118], [3517, 1122], [3517, 1125], [3520, 1129], [3520, 1133], [3528, 1141], [3528, 1144], [3520, 1152], [3520, 1156], [3517, 1160], [3517, 1163], [3513, 1167], [3513, 1175], [3509, 1179], [3509, 1190], [3513, 1194], [3513, 1197], [3517, 1201], [3517, 1216], [3524, 1224], [3524, 1228], [3532, 1235], [3532, 1251], [3543, 1262], [3543, 1266], [3547, 1269], [3547, 1273], [3551, 1277], [3551, 1281], [3558, 1281], [3573, 1296], [3573, 1300], [3577, 1304], [3577, 1307], [3581, 1311], [3585, 1311], [3589, 1315], [3600, 1315], [3604, 1319], [3611, 1319], [3615, 1323], [3619, 1323], [3623, 1326], [3630, 1326], [3634, 1330], [3642, 1330], [3664, 1353], [3664, 1368], [3668, 1368], [3672, 1372], [3676, 1372], [3680, 1376], [3683, 1376], [3687, 1379], [3702, 1379], [3706, 1376], [3714, 1376], [3717, 1372], [3721, 1372], [3725, 1368], [3744, 1368], [3748, 1372], [3752, 1372], [3755, 1368], [3767, 1368], [3771, 1364], [3771, 1360], [3778, 1353], [3782, 1353], [3786, 1349], [3797, 1349], [3801, 1353], [3801, 1360], [3824, 1383], [3824, 1387], [3827, 1391], [3831, 1391], [3839, 1398], [3843, 1395], [3843, 1391], [3850, 1383], [3850, 1379], [3854, 1376], [3869, 1376], [3869, 1311], [3858, 1311], [3854, 1307], [3854, 1304], [3850, 1300], [3850, 1292], [3846, 1288], [3846, 1281], [3843, 1277], [3843, 1266], [3839, 1262], [3839, 1213], [3835, 1209], [3835, 1194], [3831, 1190], [3831, 1148], [3827, 1144], [3827, 1125], [3824, 1122], [3824, 1118], [3820, 1114], [3820, 1107], [3816, 1103], [3816, 1099], [3805, 1088], [3805, 1080], [3801, 1076], [3801, 1072], [3797, 1069], [3797, 1065], [3793, 1061], [3793, 1057], [3789, 1053], [3789, 1050], [3786, 1046], [3786, 1042], [3778, 1035], [3778, 1031], [3774, 1027], [3774, 1023], [3771, 1019], [3771, 1016], [3767, 1012], [3767, 1008], [3759, 1000], [3759, 997], [3755, 993], [3755, 989], [3752, 985], [3752, 981], [3744, 974], [3744, 970], [3736, 963], [3736, 959], [3729, 951], [3729, 947], [3721, 940], [3721, 936], [3710, 925], [3710, 921], [3702, 913], [3702, 909], [3687, 894], [3683, 894], [3668, 879], [3664, 879], [3653, 868], [3649, 868], [3645, 864], [3645, 860], [3627, 841], [3623, 841], [3611, 830], [3608, 830], [3600, 822], [3596, 822], [3592, 819], [3585, 819], [3581, 815], [3573, 815], [3570, 811], [3539, 811], [3532, 819], [3528, 819], [3524, 822], [3517, 822], [3509, 830], [3509, 853], [3505, 856], [3505, 868], [3501, 872], [3501, 883], [3494, 891], [3494, 894], [3490, 898], [3486, 898], [3483, 902], [3483, 913], [3498, 928], [3498, 932], [3494, 936], [3494, 951], [3490, 955], [3490, 966], [3486, 970], [3486, 974], [3483, 978], [3483, 993], [3479, 997], [3479, 1000], [3475, 1004]]",0.28,ASOK_KAN051e.JPG,ASOK_KAN051e,Karnataka,Āndhradeśa,Kaṇagaṇahaḷḷi,Ṣaḍdantajātaka I et II,1 B.C. ; 1 A.D. ; 2 A.D. ; 3 A.D. ,Stūpa ; panneau,bouddhisme,In situ,Maronet Léa
ASOK_NAG028a_cheval_4011.png,cheval,"[[1540, 1532], [1582, 1776], [1766, 1851], [1850, 1834], [1792, 2086], [1792, 2355], [1892, 2506], [1918, 2741], [1817, 2876], [1918, 3018], [1918, 3463], [1825, 3614], [2044, 3640], [2111, 3337], [2153, 3169], [2505, 3253], [2623, 3211], [2631, 3111], [2371, 3077], [2195, 3018], [2111, 2934], [2111, 2817], [2505, 2674], [2514, 2557], [2791, 2599], [3177, 2615], [3202, 2867], [3353, 2976], [3513, 2985], [3295, 3430], [3362, 3631], [3546, 3505], [3546, 3270], [3630, 3144], [3781, 2985], [4075, 3094], [4109, 3312], [4168, 3640], [4285, 3598], [4260, 3346], [4235, 3111], [4176, 2951], [4235, 2876], [4101, 1960], [4033, 1818], [3798, 1876], [3706, 1834], [3521, 1826], [3320, 1902], [3211, 2103], [2934, 2179], [2757, 2229], [2489, 2179], [2514, 2078], [2816, 1851], [2698, 1851], [2606, 1776], [2572, 1557], [2522, 1196], [2354, 1003], [2111, 961], [1993, 945], [2119, 869], [2262, 852], [2262, 701], [2136, 667], [1834, 684], [1691, 861], [1691, 1121], [1632, 1348], [1540, 1532]]",0.97,ASOK_NAG028a.JPG,ASOK_NAG028a,Andhra Pradesh,Āndhradeśa,Nāgārjunakoṇḍa,,3 A.D.,Stūpa ; panneau,bouddhisme,Nagarjunakonda Archaeological Museum,Maronet Léa
ASOK_AMA013_lotus_4020.png,lotus,"[[231, 1135], [277, 1649], [489, 2053], [833, 2283], [1343, 2416], [1687, 2407], [2087, 2310], [2417, 2081], [2642, 1782], [2771, 1360], [2707, 873], [2528, 515], [2229, 294], [1811, 115], [1334, 97], [952, 221], [668, 428], [420, 708], [415, 671], [231, 1135]]",0.97,ASOK_AMA013.jpg,ASOK_AMA013,Andhra Pradesh,Āndhradeśa,Amarāvatī,Grand médaillon lotiforme,2 A.D.,Stūpa ; balustrade,bouddhisme,The British Museum,Maronet Léa
ASOK_AMA014_lotus_4023.png,lotus,"[[210, 1073], [231, 1493], [363, 1774], [631, 2059], [950, 2212], [1315, 2297], [1766, 2276], [2085, 2157], [2370, 1880], [2565, 1506], [2608, 1328], [2612, 919], [2480, 588], [2242, 324], [1974, 150], [1707, 78], [1294, 61], [1107, 48], [941, 103], [856, 167], [712, 226], [588, 384], [512, 490], [359, 520], [265, 788], [210, 1073]]",0.98,ASOK_AMA014.jpg,ASOK_AMA014,Andhra Pradesh,Āndhradeśa,Amarāvatī,Grand médaillon lotiforme,2 A.D.,Stūpa ; balustrade,bouddhisme,The British Museum,Maronet Léa
ASOK_NAG035a_éléphant_4096.png,éléphant,"[[1155, 1188], [1193, 1794], [1414, 1826], [1521, 1889], [1571, 2059], [1502, 2129], [1388, 2312], [1344, 2533], [1167, 2747], [1155, 3360], [1344, 3385], [1470, 3265], [1628, 3088], [1843, 3259], [1950, 3530], [2076, 3530], [2152, 3240], [2152, 3069], [2045, 3050], [1988, 2981], [2070, 2873], [2297, 2501], [2398, 2501], [2714, 2558], [2708, 2987], [2619, 3107], [2575, 3284], [2449, 3284], [2367, 3372], [2367, 3543], [2765, 3581], [2828, 3524], [2992, 3170], [3093, 2867], [3472, 3139], [3592, 3322], [3579, 3555], [3787, 3587], [3939, 3442], [3996, 3296], [3876, 3151], [3794, 3000], [3667, 2823], [3806, 2488], [3939, 2267], [3983, 2148], [3895, 1939], [3724, 1706], [3617, 1687], [3415, 1605], [3307, 1680], [3061, 1750], [2935, 1699], [3030, 1504], [3112, 1314], [2948, 1308], [2910, 1491], [2821, 1548], [2607, 1693], [2430, 1661], [2531, 1403], [2550, 1220], [2190, 1232], [2026, 1119], [1729, 961], [1401, 1005], [1357, 1112], [1155, 1188]]",0.98,ASOK_NAG035a.JPG,ASOK_NAG035a,Andhra Pradesh,Āndhradeśa,Nāgārjunakoṇḍa,,3 A.D.,Stūpa ; panneau,bouddhisme,Nagarjunakonda Archaeological Museum,Maronet Léa
ASOK_AMA055_lotus_4159.png,lotus,"[[185, 523], [198, 951], [341, 1115], [552, 1216], [940, 1211], [1067, 1157], [1197, 1052], [1280, 920], [1340, 718], [1293, 427], [1260, 261], [1152, 165], [1013, 49], [738, 31], [590, 49], [391, 131], [263, 273], [214, 344], [185, 523]]",0.99,ASOK_AMA055.jpg,ASOK_AMA055,Andhra Pradesh,Āndhradeśa,Amarāvatī,Montant de balustrade avec médaillon lotiforme,1 A.D. ; 2 A.D. ; 3 A.D.,Stūpa ; balustrade,bouddhisme,Chennai Government Museum,Maronet Léa
ASOK_AMA060_lotus_4172.png,lotus,"[[85, 551], [105, 661], [159, 773], [246, 874], [381, 948], [681, 958], [803, 911], [928, 808], [1002, 669], [1023, 506], [964, 332], [855, 205], [737, 139], [605, 117], [435, 120], [291, 166], [175, 283], [100, 421], [85, 551]]",0.98,ASOK_AMA060.jpg,ASOK_AMA060,Andhra Pradesh,Āndhradeśa,Amarāvatī,Montant de balustrade avec médaillon lotiforme,1 A.D. ; 2 A.D. ; 3 A.D.,Stūpa ; balustrade,bouddhisme,Chennai Government Museum,Maronet Léa
ASOK_AMA072_lion_4212.png,lion,"[[499, 897], [526, 906], [552, 907], [569, 907], [598, 908], [599, 863], [591, 828], [591, 782], [571, 776], [549, 784], [549, 825], [512, 841], [500, 868], [499, 897]]",0.99,ASOK_AMA072.jpg,ASOK_AMA072,Andhra Pradesh,Āndhradeśa,Amarāvatī,Stūpa figuré ; Buddha entourré de dévots et piliers avec lions,1 A.D. ; 2 A.D. ; 3 A.D.,Stūpa ; panneau,bouddhisme,The British Museum,Maronet Léa
ASOK_AMA072_lion_4214.png,lion,"[[478, 686], [481, 705], [495, 714], [483, 720], [482, 761], [480, 796], [549, 800], [552, 785], [577, 775], [535, 719], [531, 670], [503, 669], [490, 676], [478, 686]]",1.0,ASOK_AMA072.jpg,ASOK_AMA072,Andhra Pradesh,Āndhradeśa,Amarāvatī,Stūpa figuré ; Buddha entourré de dévots et piliers avec lions,1 A.D. ; 2 A.D. ; 3 A.D.,Stūpa ; panneau,bouddhisme,The British Museum,Maronet Léa
ASOK_AMA072_lion_4216.png,lion,"[[250, 780], [263, 804], [293, 804], [341, 803], [332, 750], [321, 724], [318, 715], [331, 709], [331, 689], [316, 677], [288, 672], [275, 699], [273, 735], [254, 753], [250, 780]]",1.0,ASOK_AMA072.jpg,ASOK_AMA072,Andhra Pradesh,Āndhradeśa,Amarāvatī,Stūpa figuré ; Buddha entourré de dévots et piliers avec lions,1 A.D. ; 2 A.D. ; 3 A.D.,Stūpa ; panneau,bouddhisme,The British Museum,Maronet Léa
ASOK_AMA072_lion_4219.png,lion,"[[225, 843], [235, 889], [232, 904], [272, 904], [325, 894], [325, 863], [304, 844], [274, 823], [261, 798], [231, 802], [225, 843]]",0.97,ASOK_AMA072.jpg,ASOK_AMA072,Andhra Pradesh,Āndhradeśa,Amarāvatī,Stūpa figuré ; Buddha entourré de dévots et piliers avec lions,1 A.D. ; 2 A.D. ; 3 A.D.,Stūpa ; panneau,bouddhisme,The British Museum,Maronet Léa
ASOK_NAG004b_lotus_4225.png,lotus,"[[23, 86], [23, 144], [104, 150], [233, 154], [231, 90], [233, 59], [229, 0], [197, 0], [182, 16], [173, 29], [160, 25], [125, 20], [96, 24], [75, 30], [56, 1], [31, 0], [26, 22], [23, 86]]",0.99,ASOK_NAG004b.jpg,ASOK_NAG004b,Andhra Pradesh,Āndhradeśa,Nāgārjunakoṇḍa,Demi-médaillon lotiforme et lion,3 A.D.,Pilier,bouddhisme,In situ,Maronet Léa
ASOK_NAG081f_lotus_4412.png,lotus,"[[3150, 2530], [3743, 2486], [3698, 2353], [3477, 2247], [3229, 2335], [3150, 2530]]",0.98,ASOK_NAG081f.JPG,ASOK_NAG081f,Andhra Pradesh,Āndhradeśa,Nāgārjunakoṇḍa,,3 A.D.,Stūpa ; panneau,bouddhisme,Nagarjunakonda Archaeological Museum,Maronet Léa
ASOK_NAG081f_lotus_4415.png,lotus,"[[4637, 2149], [4902, 2300], [5053, 2264], [5053, 2105], [4982, 1955], [4849, 1884], [4663, 1928], [4637, 2149]]",0.98,ASOK_NAG081f.JPG,ASOK_NAG081f,Andhra Pradesh,Āndhradeśa,Nāgārjunakoṇḍa,,3 A.D.,Stūpa ; panneau,bouddhisme,Nagarjunakonda Archaeological Museum,Maronet Léa
ASOK_NAG081f_oie_4418.png,oie,"[[609, 1574], [609, 1689], [821, 1662], [892, 1769], [751, 2105], [804, 2318], [937, 2441], [937, 2557], [1202, 2574], [1255, 2441], [1539, 2406], [1627, 2202], [1733, 1972], [1645, 1813], [1282, 1893], [1043, 1875], [1096, 1600], [999, 1423], [839, 1388], [742, 1494], [609, 1574]]",0.99,ASOK_NAG081f.JPG,ASOK_NAG081f,Andhra Pradesh,Āndhradeśa,Nāgārjunakoṇḍa,,3 A.D.,Stūpa ; panneau,bouddhisme,Nagarjunakonda Archaeological Museum,Maronet Léa
ASOK_NAG081f_lotus_4421.png,lotus,"[[317, 2256], [343, 2539], [680, 2486], [715, 2335], [662, 2167], [538, 2052], [414, 2087], [317, 2256]]",0.98,ASOK_NAG081f.JPG,ASOK_NAG081f,Andhra Pradesh,Āndhradeśa,Nāgārjunakoṇḍa,,3 A.D.,Stūpa ; panneau,bouddhisme,Nagarjunakonda Archaeological Museum,Maronet Léa
ASOK_NAG081f_lotus_4424.png,lotus,"[[1158, 1530], [1220, 1698], [1521, 1724], [1600, 1609], [1645, 1441], [1211, 1450], [1158, 1530]]",0.99,ASOK_NAG081f.JPG,ASOK_NAG081f,Andhra Pradesh,Āndhradeśa,Nāgārjunakoṇḍa,,3 A.D.,Stūpa ; panneau,bouddhisme,Nagarjunakonda Archaeological Museum,Maronet Léa
ASOK_NAG081f_lotus_4427.png,lotus,"[[1494, 2539], [2158, 2503], [2123, 2388], [1999, 2211], [1609, 2229], [1494, 2539]]",0.97,ASOK_NAG081f.JPG,ASOK_NAG081f,Andhra Pradesh,Āndhradeśa,Nāgārjunakoṇḍa,,3 A.D.,Stūpa ; panneau,bouddhisme,Nagarjunakonda Archaeological Museum,Maronet Léa
ASOK_AMA198_lion_4532.png,lion,"[[2272, 3116], [2272, 3169], [2324, 3183], [2412, 3151], [2451, 3193], [2595, 3151], [2693, 3172], [2707, 3134], [2658, 2997], [2542, 2895], [2524, 2719], [2479, 2677], [2377, 2660], [2293, 2737], [2303, 2821], [2345, 2870], [2314, 2951], [2310, 3109], [2272, 3116]]",1.0,ASOK_AMA198.JPG,ASOK_AMA198,Andhra Pradesh,Āndhradeśa,Amarāvatī,Stūpa ,1 A.D. ; 2 A.D.,Panneau,bouddhisme,New Delhi National Museum,Maronet Léa
ASOK_AMA198_lion_4534.png,lion,"[[2314, 3527], [2423, 3551], [2574, 3600], [2623, 3558], [2633, 3355], [2616, 3256], [2598, 3144], [2521, 3144], [2458, 3169], [2440, 3316], [2395, 3316], [2328, 3372], [2314, 3527]]",0.98,ASOK_AMA198.JPG,ASOK_AMA198,Andhra Pradesh,Āndhradeśa,Amarāvatī,Stūpa ,1 A.D. ; 2 A.D.,Panneau,bouddhisme,New Delhi National Museum,Maronet Léa
ASOK_AMA198_lion_4536.png,lion,"[[1103, 3323], [1103, 3432], [1120, 3583], [1243, 3579], [1415, 3506], [1419, 3390], [1289, 3299], [1264, 3141], [1134, 3141], [1103, 3323]]",0.99,ASOK_AMA198.JPG,ASOK_AMA198,Andhra Pradesh,Āndhradeśa,Amarāvatī,Stūpa ,1 A.D. ; 2 A.D.,Panneau,bouddhisme,New Delhi National Museum,Maronet Léa
ASOK_AMA198_lion_4538.png,lion,"[[535, 2817], [544, 3108], [673, 3135], [756, 3113], [737, 2928], [712, 2639], [631, 2610], [544, 2643], [535, 2817]]",0.98,ASOK_AMA198.JPG,ASOK_AMA198,Andhra Pradesh,Āndhradeśa,Amarāvatī,Stūpa ,1 A.D. ; 2 A.D.,Panneau,bouddhisme,New Delhi National Museum,Maronet Léa
ASOK_AMA198_lion_4540.png,lion,"[[2999, 2939], [2999, 3135], [3089, 3139], [3187, 3137], [3203, 2630], [3115, 2593], [3036, 2619], [2999, 2939]]",0.97,ASOK_AMA198.JPG,ASOK_AMA198,Andhra Pradesh,Āndhradeśa,Amarāvatī,Stūpa ,1 A.D. ; 2 A.D.,Panneau,bouddhisme,New Delhi National Museum,Maronet Léa
ASOK_AND005_lion_4991.png,lion,"[[2381, 2088], [2381, 2382], [2429, 2589], [2668, 2589], [2906, 2565], [3065, 2597], [3312, 2621], [3765, 2494], [4004, 2589], [3956, 2796], [4449, 2844], [4521, 2334], [4394, 1937], [4076, 1770], [3678, 1873], [3773, 1587], [3686, 1372], [3503, 1364], [3344, 1396], [3344, 1269], [3065, 1197], [2787, 1197], [2604, 1324], [2604, 1635], [2747, 1746], [2381, 2088]]",0.97,ASOK_AND005.JPG,ASOK_AND005,Andhra Pradesh,Āndhradeśa,Dupāḍu,Animaux ailés,1 A.D.,Stūpa ; frise,bouddhisme,Amaravati Heritage Centre and Museum,Maronet Léa
ASOK_AND015_lion_4996.png,lion,"[[3338, 1507], [3338, 1584], [3358, 1668], [3516, 1708], [3644, 1708], [3781, 1705], [3798, 1631], [3755, 1557], [3812, 1557], [3822, 1738], [3973, 1742], [3976, 1701], [3916, 1628], [3912, 1517], [3939, 1342], [3902, 1278], [3875, 1131], [3849, 1063], [3825, 983], [3785, 983], [3650, 983], [3640, 1144], [3650, 1231], [3647, 1315], [3432, 1389], [3338, 1507]]",0.98,ASOK_AND015.JPG,ASOK_AND015,Andhra Pradesh,Āndhradeśa,Uppugundur,Stūpa,2 A.D. ; 3 A.D.,Stūpa ; panneau,bouddhisme,Telangana State Archaeology Museum,Maronet Léa
ASOK_AND015_lion_4998.png,lion,"[[1269, 1711], [1420, 1688], [1420, 1658], [1521, 1691], [1666, 1691], [1907, 1675], [1914, 1550], [1887, 1463], [1773, 1359], [1625, 1285], [1592, 1231], [1609, 1131], [1595, 1067], [1585, 976], [1414, 966], [1367, 1043], [1350, 1174], [1313, 1295], [1326, 1379], [1326, 1638], [1273, 1671], [1269, 1711]]",1.0,ASOK_AND015.JPG,ASOK_AND015,Andhra Pradesh,Āndhradeśa,Uppugundur,Stūpa,2 A.D. ; 3 A.D.,Stūpa ; panneau,bouddhisme,Telangana State Archaeology Museum,Maronet Léa
ASOK_CHAN002_lotus_5012.png,lotus,"[[818, 1667], [843, 2305], [1061, 2750], [1363, 3069], [1859, 3405], [2421, 3522], [3244, 3497], [3647, 3321], [4067, 2951], [4378, 2397], [4445, 1683], [4411, 1205], [4059, 617], [3488, 181], [2950, 46], [2379, 46], [1850, 197], [1355, 558], [1002, 1079], [818, 1667]]",0.97,ASOK_CHAN002.JPG,ASOK_CHAN002,Andhra Pradesh,Āndhradeśa,Chandavaram,Montant de balustrade avec médaillon lotiforme,1 A.D. ; 2 A.D.,Stūpa ; panneau,bouddhisme,Telangana State Archaeology Museum,Maronet Léa
ASOK_CHAN004_lotus_5013.png,lotus,"[[2430, 936], [2455, 1339], [2665, 1473], [2959, 1465], [3219, 1348], [3295, 1163], [3286, 961], [2430, 936]]",0.98,ASOK_CHAN004.JPG,ASOK_CHAN004,Andhra Pradesh,Āndhradeśa,Chandavaram,Élément de balustrade,1 A.D.,Stūpa ; panneau,bouddhisme,Telangana State Archaeology Museum,Maronet Léa
ASOK_CHAN004_lotus_5014.png,lotus,"[[2413, 2103], [2497, 2363], [2740, 2531], [3017, 2531], [3227, 2338], [3269, 2137], [3244, 1868], [3110, 1692], [2757, 1675], [2480, 1767], [2413, 2103]]",0.99,ASOK_CHAN004.JPG,ASOK_CHAN004,Andhra Pradesh,Āndhradeśa,Chandavaram,Élément de balustrade,1 A.D.,Stūpa ; panneau,bouddhisme,Telangana State Archaeology Museum,Maronet Léa
ASOK_CHAN006_lotus_5016.png,lotus,"[[1469, 1395], [1925, 1422], [2162, 1360], [2276, 1167], [2083, 851], [1829, 807], [1697, 1071], [1469, 1395]]",0.99,ASOK_CHAN006.JPG,ASOK_CHAN006,Andhra Pradesh,Āndhradeśa,Chandavaram,Pūrṇakumbha (vase),1 A.D.,Stūpa ; panneau,bouddhisme,Telangana State Archaeology Museum,Maronet Léa
ASOK_CHAN006_lotus_5017.png,lotus,"[[2171, 412], [2267, 614], [2267, 843], [2338, 965], [2285, 1281], [2171, 1378], [2338, 1387], [2425, 1246], [2460, 983], [2504, 878], [2531, 597], [2706, 456], [2987, 255], [2311, 202], [2171, 412]]",0.97,ASOK_CHAN006.JPG,ASOK_CHAN006,Andhra Pradesh,Āndhradeśa,Chandavaram,Pūrṇakumbha (vase),1 A.D.,Stūpa ; panneau,bouddhisme,Telangana State Archaeology Museum,Maronet Léa
ASOK_CHAN006_lotus_5018.png,lotus,"[[2504, 948], [2636, 965], [2812, 851], [2996, 851], [3119, 658], [3092, 211], [2662, 483], [2636, 649], [2689, 851], [2504, 948]]",0.98,ASOK_CHAN006.JPG,ASOK_CHAN006,Andhra Pradesh,Āndhradeśa,Chandavaram,Pūrṇakumbha (vase),1 A.D.,Stūpa ; panneau,bouddhisme,Telangana State Archaeology Museum,Maronet Léa
ASOK_CHAN006_lotus_5019.png,lotus,"[[2390, 1387], [2417, 1492], [2592, 1439], [2697, 1510], [2996, 1501], [3171, 1334], [3145, 939], [2996, 834], [2838, 851], [2671, 904], [2566, 1097], [2566, 1308], [2390, 1387]]",0.99,ASOK_CHAN006.JPG,ASOK_CHAN006,Andhra Pradesh,Āndhradeśa,Chandavaram,Pūrṇakumbha (vase),1 A.D.,Stūpa ; panneau,bouddhisme,Telangana State Archaeology Museum,Maronet Léa
ASOK_CHAN007_lion_5020.png,lion,"[[3167, 2662], [3167, 2689], [3177, 2689], [3191, 2675], [3198, 2675], [3201, 2679], [3205, 2679], [3208, 2682], [3211, 2682], [3215, 2686], [3218, 2686], [3228, 2696], [3228, 2699], [3232, 2703], [3232, 2710], [3235, 2713], [3249, 2713], [3263, 2727], [3263, 2730], [3266, 2730], [3270, 2733], [3270, 2751], [3266, 2754], [3266, 2761], [3263, 2764], [3259, 2764], [3256, 2768], [3249, 2768], [3246, 2764], [3242, 2764], [3235, 2757], [3235, 2754], [3239, 2751], [3239, 2744], [3235, 2740], [3235, 2737], [3232, 2737], [3225, 2744], [3211, 2744], [3208, 2740], [3205, 2744], [3201, 2744], [3201, 2751], [3205, 2754], [3205, 2761], [3201, 2764], [3201, 2768], [3198, 2771], [3198, 2781], [3201, 2785], [3201, 2812], [3205, 2815], [3208, 2815], [3215, 2822], [3215, 2826], [3218, 2829], [3218, 2836], [3222, 2839], [3222, 2846], [3228, 2853], [3228, 2857], [3232, 2860], [3232, 2867], [3252, 2867], [3256, 2863], [3259, 2863], [3263, 2867], [3263, 2870], [3266, 2874], [3266, 2877], [3270, 2880], [3270, 2894], [3273, 2898], [3273, 2908], [3276, 2911], [3276, 2915], [3283, 2921], [3287, 2921], [3300, 2935], [3311, 2935], [3314, 2939], [3345, 2939], [3352, 2932], [3355, 2932], [3362, 2925], [3365, 2925], [3369, 2921], [3376, 2921], [3379, 2918], [3386, 2918], [3389, 2915], [3396, 2915], [3399, 2911], [3464, 2911], [3468, 2915], [3488, 2915], [3492, 2918], [3506, 2918], [3509, 2921], [3516, 2921], [3519, 2925], [3526, 2925], [3529, 2928], [3536, 2928], [3540, 2932], [3550, 2932], [3553, 2935], [3564, 2935], [3567, 2939], [3574, 2939], [3577, 2942], [3584, 2942], [3588, 2945], [3594, 2945], [3598, 2949], [3601, 2949], [3605, 2952], [3608, 2952], [3612, 2956], [3615, 2956], [3629, 2969], [3629, 2973], [3635, 2980], [3635, 2993], [3632, 2997], [3632, 3007], [3642, 3017], [3642, 3031], [3673, 3031], [3673, 3017], [3676, 3014], [3676, 2976], [3680, 2973], [3680, 2966], [3687, 2959], [3718, 2959], [3721, 2963], [3724, 2963], [3738, 2976], [3738, 2980], [3745, 2986], [3745, 2990], [3748, 2993], [3748, 3007], [3752, 3010], [3752, 3031], [3919, 3031], [3919, 3021], [3916, 3021], [3912, 3017], [3902, 3017], [3899, 3014], [3892, 3014], [3889, 3010], [3885, 3014], [3854, 3014], [3844, 3004], [3844, 2990], [3848, 2986], [3899, 2986], [3902, 2983], [3912, 2983], [3916, 2980], [3919, 2980], [3923, 2976], [3923, 2969], [3926, 2966], [3926, 2959], [3930, 2956], [3930, 2949], [3936, 2942], [3940, 2942], [3943, 2939], [3947, 2942], [3950, 2942], [3954, 2945], [3957, 2945], [3960, 2942], [3960, 2939], [3964, 2935], [3960, 2932], [3960, 2911], [3971, 2901], [3971, 2898], [3974, 2894], [3974, 2880], [3977, 2877], [3977, 2870], [3981, 2867], [3981, 2857], [3988, 2850], [3995, 2850], [3998, 2846], [4001, 2846], [4005, 2843], [4008, 2843], [4012, 2839], [4012, 2833], [4015, 2829], [4015, 2822], [4018, 2819], [4018, 2809], [4022, 2805], [4022, 2802], [4018, 2798], [4015, 2798], [4001, 2785], [4005, 2781], [4005, 2771], [4008, 2768], [4008, 2764], [4012, 2761], [4012, 2751], [4022, 2740], [4025, 2740], [4029, 2737], [4032, 2737], [4036, 2740], [4046, 2740], [4049, 2744], [4053, 2744], [4063, 2754], [4066, 2754], [4070, 2757], [4077, 2757], [4080, 2761], [4083, 2761], [4087, 2764], [4090, 2764], [4094, 2768], [4097, 2768], [4101, 2771], [4104, 2771], [4114, 2781], [4118, 2781], [4121, 2785], [4125, 2785], [4128, 2788], [4131, 2788], [4135, 2792], [4138, 2792], [4142, 2795], [4145, 2795], [4148, 2798], [4152, 2798], [4155, 2802], [4159, 2802], [4172, 2815], [4172, 2819], [4176, 2822], [4176, 2826], [4186, 2836], [4186, 2839], [4190, 2843], [4190, 2853], [4193, 2857], [4193, 2863], [4196, 2867], [4196, 2894], [4193, 2898], [4193, 2911], [4190, 2915], [4190, 2921], [4179, 2932], [4179, 2939], [4176, 2942], [4176, 2949], [4169, 2956], [4169, 2959], [4166, 2963], [4162, 2963], [4162, 2966], [4159, 2969], [4159, 2973], [4152, 2980], [4152, 2983], [4145, 2990], [4145, 2993], [4142, 2997], [4142, 3000], [4138, 3004], [4138, 3010], [4135, 3014], [4135, 3031], [4333, 3031], [4333, 3017], [4337, 3014], [4337, 3000], [4340, 2997], [4340, 2983], [4343, 2980], [4343, 2939], [4340, 2935], [4340, 2928], [4337, 2925], [4337, 2880], [4333, 2877], [4333, 2870], [4330, 2867], [4330, 2857], [4326, 2853], [4326, 2850], [4323, 2846], [4323, 2839], [4319, 2836], [4319, 2795], [4316, 2792], [4316, 2788], [4313, 2785], [4313, 2781], [4309, 2778], [4309, 2774], [4299, 2764], [4299, 2761], [4296, 2757], [4296, 2751], [4292, 2747], [4292, 2744], [4289, 2740], [4289, 2737], [4278, 2727], [4278, 2723], [4275, 2720], [4275, 2716], [4268, 2710], [4268, 2706], [4265, 2703], [4265, 2699], [4261, 2696], [4261, 2692], [4248, 2679], [4248, 2675], [4237, 2665], [4237, 2662], [4234, 2658], [4231, 2658], [4210, 2638], [4210, 2634], [4203, 2627], [4203, 2624], [4196, 2617], [4196, 2614], [4193, 2610], [4193, 2607], [4190, 2604], [4190, 2569], [4193, 2566], [4193, 2542], [4196, 2539], [4196, 2535], [4193, 2532], [4193, 2528], [4196, 2525], [4196, 2480], [4193, 2477], [4193, 2453], [4190, 2450], [4190, 2436], [4186, 2433], [4186, 2426], [4183, 2422], [4183, 2419], [4179, 2415], [4179, 2412], [4176, 2409], [4176, 2405], [4169, 2398], [4169, 2395], [4155, 2381], [4155, 2378], [4148, 2371], [4148, 2368], [4145, 2364], [4145, 2361], [4142, 2357], [4142, 2351], [4138, 2347], [4138, 2344], [4135, 2340], [4135, 2337], [4128, 2330], [4128, 2327], [4121, 2320], [4121, 2316], [4118, 2313], [4118, 2309], [4114, 2306], [4114, 2303], [4111, 2299], [4111, 2296], [4107, 2292], [4107, 2289], [4104, 2286], [4104, 2282], [4097, 2275], [4097, 2272], [4080, 2255], [4077, 2255], [4073, 2251], [4066, 2251], [4063, 2248], [4060, 2248], [4056, 2245], [4053, 2245], [4049, 2241], [4049, 2238], [4046, 2234], [4046, 2231], [4036, 2221], [4032, 2221], [4022, 2210], [4022, 2200], [3899, 2200], [3899, 2210], [3906, 2217], [3909, 2217], [3912, 2221], [3916, 2221], [3919, 2224], [3919, 2227], [3923, 2231], [3923, 2238], [3926, 2238], [3930, 2241], [3936, 2241], [3940, 2245], [3947, 2245], [3950, 2248], [3954, 2248], [3960, 2255], [3960, 2265], [3964, 2268], [3964, 2279], [3960, 2282], [3960, 2286], [3947, 2299], [3943, 2299], [3940, 2303], [3933, 2303], [3930, 2306], [3923, 2306], [3919, 2309], [3916, 2309], [3912, 2313], [3909, 2313], [3902, 2320], [3895, 2320], [3889, 2327], [3885, 2327], [3868, 2344], [3868, 2347], [3854, 2361], [3854, 2364], [3844, 2374], [3844, 2378], [3837, 2385], [3837, 2388], [3830, 2395], [3830, 2398], [3824, 2405], [3824, 2409], [3813, 2419], [3813, 2422], [3800, 2436], [3800, 2439], [3776, 2463], [3772, 2463], [3735, 2501], [3731, 2501], [3724, 2508], [3724, 2511], [3704, 2532], [3700, 2532], [3683, 2549], [3676, 2549], [3673, 2552], [3670, 2552], [3666, 2549], [3656, 2549], [3653, 2545], [3653, 2542], [3649, 2539], [3649, 2535], [3646, 2532], [3646, 2525], [3642, 2521], [3642, 2515], [3639, 2511], [3639, 2501], [3635, 2498], [3635, 2491], [3632, 2487], [3632, 2477], [3635, 2474], [3635, 2439], [3639, 2436], [3639, 2374], [3635, 2371], [3635, 2357], [3632, 2354], [3632, 2344], [3629, 2340], [3629, 2330], [3625, 2327], [3625, 2282], [3622, 2279], [3622, 2265], [3618, 2262], [3618, 2258], [3615, 2255], [3615, 2251], [3612, 2248], [3612, 2241], [3605, 2234], [3605, 2231], [3601, 2231], [3594, 2224], [3591, 2224], [3588, 2221], [3584, 2221], [3581, 2217], [3577, 2217], [3570, 2210], [3570, 2200], [3338, 2200], [3338, 2210], [3331, 2217], [3328, 2217], [3324, 2221], [3321, 2221], [3317, 2224], [3314, 2224], [3283, 2255], [3280, 2255], [3276, 2258], [3270, 2258], [3266, 2262], [3259, 2262], [3256, 2265], [3252, 2265], [3249, 2268], [3246, 2268], [3242, 2272], [3235, 2272], [3228, 2279], [3225, 2279], [3208, 2296], [3208, 2299], [3205, 2303], [3205, 2306], [3201, 2309], [3201, 2316], [3198, 2320], [3198, 2327], [3194, 2330], [3194, 2347], [3191, 2351], [3191, 2378], [3194, 2381], [3194, 2395], [3198, 2398], [3198, 2402], [3205, 2409], [3205, 2412], [3211, 2419], [3211, 2422], [3239, 2450], [3242, 2450], [3256, 2463], [3259, 2463], [3270, 2474], [3273, 2474], [3276, 2477], [3283, 2477], [3287, 2480], [3304, 2480], [3307, 2477], [3321, 2477], [3324, 2474], [3331, 2474], [3334, 2470], [3348, 2470], [3352, 2474], [3355, 2474], [3365, 2484], [3365, 2491], [3369, 2494], [3369, 2511], [3365, 2515], [3365, 2518], [3362, 2521], [3362, 2525], [3358, 2528], [3358, 2535], [3355, 2539], [3355, 2542], [3352, 2545], [3352, 2549], [3348, 2552], [3348, 2556], [3345, 2559], [3345, 2562], [3334, 2573], [3331, 2573], [3324, 2580], [3321, 2580], [3317, 2583], [3317, 2586], [3311, 2593], [3311, 2597], [3300, 2607], [3300, 2614], [3297, 2617], [3297, 2631], [3293, 2634], [3293, 2645], [3283, 2655], [3273, 2655], [3270, 2651], [3270, 2648], [3266, 2645], [3266, 2641], [3263, 2638], [3263, 2634], [3259, 2631], [3256, 2634], [3242, 2634], [3239, 2631], [3225, 2631], [3222, 2634], [3218, 2634], [3215, 2638], [3215, 2645], [3211, 2648], [3211, 2651], [3208, 2655], [3205, 2655], [3201, 2658], [3194, 2658], [3191, 2662], [3167, 2662]]",0.64,ASOK_CHAN007.JPG,ASOK_CHAN007,Andhra Pradesh,Āndhradeśa,Chandavaram,Panneau avec motifs décoratifs,1 A.D. ; 2 A.D.,Stūpa ; panneau,bouddhisme,Telangana State Archaeology Museum,Maronet Léa
ASOK_CHAN007_lion_5021.png,lion,"[[959, 2343], [997, 2501], [1092, 2501], [1142, 2526], [1098, 2728], [972, 2861], [972, 3012], [1136, 3044], [1161, 2924], [1433, 2949], [1470, 2855], [1641, 2855], [1786, 2766], [1856, 2785], [1982, 2880], [2064, 2924], [2007, 2993], [2020, 3075], [2196, 3069], [2127, 2741], [1975, 2690], [2032, 2507], [1957, 2381], [1944, 2267], [1761, 2217], [1584, 2261], [1622, 2185], [1496, 2160], [1420, 2198], [1376, 2230], [1268, 2173], [1079, 2204], [959, 2343]]",0.97,ASOK_CHAN007.JPG,ASOK_CHAN007,Andhra Pradesh,Āndhradeśa,Chandavaram,Panneau avec motifs décoratifs,1 A.D. ; 2 A.D.,Stūpa ; panneau,bouddhisme,Telangana State Archaeology Museum,Maronet Léa
ASOK_NAG002b_lotus_5026.png,lotus,"[[188, 431], [188, 683], [1046, 677], [1031, 10], [874, 77], [796, 152], [646, 113], [514, 115], [419, 141], [395, 107], [319, 39], [237, 5], [192, 202], [188, 431]]",0.99,ASOK_NAG002b.jpg,ASOK_NAG002b,Andhra Pradesh,Āndhradeśa,Nāgārjunakoṇḍa,Demi-médaillon lotiforme et lion,3 A.D.,Pilier,bouddhisme,In situ,Maronet Léa
ASOK_BODA132_cheval_5139.png,cheval,"[[436, 757], [448, 796], [461, 822], [441, 857], [451, 926], [495, 928], [491, 868], [526, 835], [547, 823], [576, 796], [629, 755], [675, 716], [702, 718], [719, 757], [750, 761], [760, 748], [738, 705], [761, 712], [776, 686], [737, 666], [711, 644], [684, 642], [652, 635], [638, 626], [675, 623], [689, 607], [684, 589], [670, 564], [640, 536], [616, 511], [594, 514], [571, 508], [552, 514], [547, 534], [522, 572], [514, 608], [526, 657], [533, 687], [474, 699], [446, 725], [436, 757]]",0.99,ASOK_BODA132.jpg,ASOK_BODA132,Bihar,Bihar,Bodhgayā,Sūrya sur son chariot,1 B.C.,Panneau,brahmanisme,Bodh Gaya Site Museum,Maronet Léa
ASOK_BODA132_cheval_5142.png,cheval,"[[608, 509], [619, 511], [630, 525], [654, 547], [675, 577], [687, 603], [680, 619], [673, 624], [636, 621], [640, 629], [675, 641], [710, 644], [727, 657], [747, 655], [765, 664], [778, 655], [770, 641], [749, 623], [728, 619], [710, 609], [697, 580], [722, 599], [741, 597], [751, 580], [750, 569], [740, 553], [730, 519], [715, 492], [698, 475], [667, 458], [639, 458], [622, 482], [608, 509]]",0.97,ASOK_BODA132.jpg,ASOK_BODA132,Bihar,Bihar,Bodhgayā,Sūrya sur son chariot,1 B.C.,Panneau,brahmanisme,Bodh Gaya Site Museum,Maronet Léa
ASOK_BODA132_cheval_5143.png,cheval,"[[113, 691], [113, 750], [139, 721], [158, 712], [174, 701], [165, 724], [155, 760], [178, 766], [188, 737], [216, 748], [250, 765], [280, 804], [326, 837], [351, 845], [375, 883], [381, 919], [450, 926], [434, 872], [424, 844], [423, 826], [445, 798], [439, 759], [408, 738], [375, 721], [362, 700], [360, 669], [364, 632], [358, 590], [338, 560], [335, 541], [321, 527], [289, 551], [265, 551], [249, 564], [229, 590], [217, 617], [201, 635], [201, 644], [213, 659], [194, 662], [165, 673], [136, 687], [113, 691]]",1.0,ASOK_BODA132.jpg,ASOK_BODA132,Bihar,Bihar,Bodhgayā,Sūrya sur son chariot,1 B.C.,Panneau,brahmanisme,Bodh Gaya Site Museum,Maronet Léa
ASOK_BODA132_cheval_5145.png,cheval,"[[108, 665], [110, 688], [151, 678], [212, 657], [201, 643], [203, 632], [220, 616], [232, 582], [264, 550], [277, 549], [273, 541], [262, 505], [230, 499], [202, 512], [168, 538], [120, 591], [112, 606], [125, 623], [162, 619], [167, 646], [108, 665]]",0.99,ASOK_BODA132.jpg,ASOK_BODA132,Bihar,Bihar,Bodhgayā,Sūrya sur son chariot,1 B.C.,Panneau,brahmanisme,Bodh Gaya Site Museum,Maronet Léa
ASOK_UTT031a_lion_5161.png,lion,"[[1611, 3285], [1735, 3383], [1932, 3388], [2071, 3340], [2134, 3258], [2177, 3052], [2378, 2687], [2479, 2582], [2632, 2697], [2992, 2731], [3352, 2755], [3131, 2961], [3083, 3085], [3126, 3306], [3779, 3330], [4153, 3321], [4230, 3205], [4345, 3009], [4393, 2702], [4369, 2452], [4278, 2265], [4086, 2078], [3918, 2016], [3745, 1982], [3429, 1805], [3294, 1661], [3261, 1335], [3289, 1037], [3208, 687], [3045, 486], [2791, 380], [2575, 371], [2225, 332], [2052, 385], [1937, 438], [1803, 558], [1649, 937], [1692, 1028], [1764, 1172], [1783, 1296], [1879, 1445], [2225, 1471], [2081, 1865], [2004, 2181], [2033, 2450], [1889, 2651], [1807, 2901], [1683, 2987], [1611, 3285]]",0.99,ASOK_UTT031a.JPG,ASOK_UTT031a,Uttar Pradesh,Mathurā,Vrindavan,Bodhisattva assis,1 A.D. ; 2 A.D.,Sculpture en ronde-bosse,bouddhisme,Mathura Government Museum,Maronet Léa
ASOK_UTT006a_lion_5162.png,lion,"[[723, 3641], [788, 3817], [898, 3902], [953, 3992], [1003, 4113], [1189, 4073], [1264, 3982], [1395, 3942], [1535, 3917], [1560, 3862], [1530, 3772], [1425, 3752], [1259, 3782], [1259, 3712], [1505, 3606], [1645, 3511], [1701, 3511], [1781, 3571], [1836, 3681], [2067, 3696], [2072, 3541], [1966, 3466], [1891, 3406], [1901, 3300], [1936, 3125], [1861, 2924], [1706, 2733], [1650, 2598], [1771, 2463], [1826, 2332], [1726, 2257], [1716, 2122], [1645, 2036], [1550, 1986], [1425, 2026], [1279, 2036], [1149, 2071], [1013, 2292], [953, 2553], [1104, 2929], [1109, 3095], [923, 3230], [763, 3345], [723, 3641]]",0.99,ASOK_UTT006a.JPG,ASOK_UTT006a,Uttar Pradesh,Mathurā,Jamalpur,Pilier de balustrade,1 A.D. ; 2 A.D.,Balustrade ; pilier,indéterminée,Lucknow State Museum,Maronet Léa
ASOK_TEL005_éléphant_5172.png,éléphant,"[[1599, 3911], [1662, 3920], [1713, 3931], [1667, 3997], [1687, 4037], [1768, 4037], [1808, 3945], [1865, 3903], [1971, 3897], [2037, 3960], [2025, 4020], [2062, 4040], [2125, 4034], [2163, 4003], [2094, 3957], [2094, 3874], [2177, 3885], [2240, 3920], [2311, 3957], [2311, 4011], [2346, 4031], [2406, 4043], [2423, 3994], [2412, 3923], [2466, 3928], [2555, 4011], [2621, 4011], [2655, 3957], [2566, 3903], [2460, 3820], [2512, 3794], [2641, 3777], [2618, 3808], [2615, 3862], [2658, 3900], [2741, 3914], [2812, 3891], [2875, 3811], [2878, 3739], [2904, 3691], [2881, 3636], [2824, 3631], [2741, 3585], [2646, 3522], [2523, 3516], [2432, 3550], [2360, 3571], [2254, 3571], [2011, 3556], [1842, 3599], [1765, 3665], [1733, 3754], [1682, 3822], [1607, 3857], [1599, 3911]]",0.97,ASOK_TEL005.JPG,ASOK_TEL005,Telangana,Āndhradeśa,Phanigiri,Médaillon et demi-médaillons lotiformes et éléphant,3 A.D.,Stūpa ; frise,bouddhisme,Telangana Department of Heritage,Maronet Léa
ASOK_TEL005_lotus_5173.png,lotus,"[[1627, 1851], [1684, 1918], [1627, 2127], [1632, 2359], [1661, 2549], [1661, 2621], [1637, 2697], [1632, 2915], [1951, 2915], [2069, 2915], [2359, 2930], [2578, 2934], [3001, 2934], [3015, 2687], [2972, 2540], [3015, 2369], [2996, 2160], [2977, 1989], [2996, 1832], [2996, 1585], [2944, 1518], [2777, 1561], [2673, 1647], [2416, 1585], [2212, 1594], [1984, 1632], [1875, 1556], [1708, 1518], [1637, 1594], [1627, 1851]]",0.99,ASOK_TEL005.JPG,ASOK_TEL005,Telangana,Āndhradeśa,Phanigiri,Médaillon et demi-médaillons lotiformes et éléphant,3 A.D.,Stūpa ; frise,bouddhisme,Telangana Department of Heritage,Maronet Léa
ASOK_TEL010_éléphant_5179.png,éléphant,"[[844, 2257], [999, 2312], [1094, 2344], [1040, 2421], [1058, 2539], [1135, 2548], [1235, 2557], [1253, 2439], [1408, 2276], [1562, 2216], [1739, 2230], [1899, 2344], [1912, 2489], [1971, 2544], [2094, 2553], [2189, 2512], [2189, 2444], [2076, 2366], [2048, 2257], [2026, 2139], [2221, 2121], [2226, 2167], [2312, 2257], [2521, 2330], [2535, 2471], [2685, 2544], [2821, 2503], [2830, 2398], [2816, 2307], [2676, 2203], [2794, 2221], [2926, 2326], [3116, 2516], [3230, 2521], [3312, 2453], [3339, 2344], [3162, 2266], [3035, 2148], [2926, 2026], [3094, 1994], [3312, 1939], [3284, 2135], [3353, 2244], [3480, 2257], [3662, 2235], [3812, 2112], [3889, 1967], [3889, 1767], [3975, 1680], [3980, 1598], [3825, 1598], [3730, 1544], [3421, 1389], [3234, 1330], [3130, 1280], [2912, 1312], [2726, 1421], [2367, 1426], [1826, 1444], [1462, 1521], [1294, 1630], [1221, 1803], [1131, 1971], [1017, 2067], [867, 2167], [844, 2257]]",0.98,ASOK_TEL010.JPG,ASOK_TEL010,Telangana,Āndhradeśa,Phanigiri,Éléphant,3 A.D.,Stūpa ; frise,bouddhisme,Telangana Department of Heritage,Maronet Léa
ASOK_NAG032d_cheval_5221.png,cheval,"[[2022, 1642], [2043, 1733], [2103, 1819], [2184, 1859], [2301, 1839], [2397, 1844], [2432, 1910], [2407, 2163], [2457, 2309], [2564, 2461], [2498, 2623], [2498, 2755], [2523, 2810], [2771, 3002], [2862, 3023], [2862, 3215], [2791, 3402], [2902, 3437], [2978, 3407], [2973, 3240], [2973, 3098], [3006, 3085], [3021, 3036], [3008, 2930], [2895, 2860], [2870, 2574], [3264, 2566], [3399, 2566], [3474, 2700], [3323, 2885], [3298, 3095], [3180, 3330], [3374, 3296], [3441, 3044], [3483, 2876], [3709, 2826], [3869, 2742], [4138, 2876], [4196, 3053], [4171, 3221], [3978, 3346], [4104, 3464], [4213, 3405], [4272, 3271], [4331, 3170], [4331, 2952], [4272, 2524], [4297, 2331], [4297, 2112], [4205, 1978], [4020, 2028], [3746, 1959], [3632, 1959], [3461, 2035], [3285, 2237], [3140, 2433], [3165, 2540], [3013, 2515], [2989, 2342], [3122, 2096], [3180, 1876], [3076, 1889], [2999, 1889], [2925, 1756], [2881, 1396], [2792, 1264], [2689, 1163], [2679, 991], [2590, 919], [2521, 947], [2475, 1079], [2456, 1264], [2379, 1298], [2301, 1419], [2124, 1541], [2093, 1601], [2022, 1642]]",0.97,ASOK_NAG032d.JPG,ASOK_NAG032d,Andhra Pradesh,Āndhradeśa,Nāgārjunakoṇḍa,,3 A.D.,Stūpa ; panneau,bouddhisme,Nagarjunakonda Archaeological Museum,Maronet Léa
ASOK_NAG036a_éléphant_5222.png,éléphant,"[[697, 2432], [705, 2658], [848, 2675], [1217, 2667], [1217, 2381], [1360, 2356], [1452, 2390], [1696, 2373], [1935, 2517], [1987, 2526], [1987, 2682], [2031, 2702], [2086, 2687], [2091, 2647], [2073, 2492], [2088, 2353], [2158, 2312], [2158, 2285], [2190, 2176], [2272, 2132], [2354, 2132], [2411, 2271], [2518, 2340], [2525, 2391], [2480, 2593], [2588, 2637], [2695, 2675], [2739, 2523], [2828, 2529], [2834, 2713], [2941, 2763], [3004, 2668], [3156, 2536], [3270, 2542], [3352, 2586], [3402, 2681], [3377, 2788], [3390, 2889], [3434, 3041], [3661, 3041], [3831, 3009], [3989, 2851], [4071, 2706], [4084, 3085], [4147, 3085], [4134, 2902], [4115, 2612], [4078, 2252], [3939, 1974], [3699, 1747], [3434, 1532], [3238, 1469], [3244, 1564], [3257, 1702], [3150, 1759], [3049, 1709], [3049, 1595], [3112, 1475], [3017, 1500], [2828, 1500], [2468, 1431], [2626, 1229], [2588, 1160], [2379, 926], [2373, 819], [2335, 629], [2152, 560], [1969, 560], [1830, 623], [1723, 617], [1590, 692], [1420, 692], [1262, 806], [1136, 882], [982, 946], [781, 1088], [781, 1466], [831, 1735], [999, 1970], [1201, 2054], [1007, 2180], [923, 2314], [814, 2373], [697, 2432]]",0.97,ASOK_NAG036a.JPG,ASOK_NAG036a,Andhra Pradesh,Āndhradeśa,Nāgārjunakoṇḍa,,3 A.D.,Stūpa ; panneau,bouddhisme,Nagarjunakonda Archaeological Museum,Maronet Léa
ASOK_NAG004b_lion_5279.png,lion,"[[68, 167], [71, 175], [75, 180], [80, 183], [90, 180], [91, 185], [85, 185], [79, 192], [72, 196], [75, 205], [81, 205], [86, 203], [88, 199], [96, 203], [102, 204], [107, 203], [112, 201], [123, 200], [134, 192], [138, 186], [147, 192], [156, 193], [167, 197], [168, 201], [163, 201], [162, 208], [175, 210], [183, 207], [178, 188], [170, 180], [165, 173], [157, 160], [141, 158], [127, 166], [118, 170], [109, 168], [106, 164], [99, 156], [83, 152], [76, 162], [68, 167]]",0.97,ASOK_NAG004b.jpg,ASOK_NAG004b,Andhra Pradesh,Āndhradeśa,Nāgārjunakoṇḍa,Demi-médaillon lotiforme et lion,3 A.D.,Pilier,bouddhisme,In situ,Maronet Léa
ASOK_BHA169_éléphant_5300.png,éléphant,"[[785, 483], [835, 493], [854, 506], [869, 543], [898, 558], [931, 551], [944, 520], [960, 496], [975, 484], [1002, 484], [1011, 506], [992, 576], [968, 653], [941, 665], [941, 687], [987, 693], [1005, 699], [1046, 699], [1083, 690], [1080, 647], [1107, 610], [1154, 563], [1190, 628], [1178, 651], [1166, 690], [1221, 691], [1258, 684], [1265, 665], [1265, 628], [1247, 586], [1278, 600], [1312, 628], [1298, 680], [1330, 680], [1386, 657], [1378, 606], [1400, 577], [1392, 530], [1392, 483], [1385, 416], [1338, 362], [1281, 325], [1194, 311], [1085, 319], [1058, 308], [1006, 291], [971, 302], [953, 326], [929, 338], [924, 366], [906, 418], [882, 456], [851, 456], [819, 455], [785, 483]]",0.99,ASOK_BHA169.JPG,ASOK_BHA169,Madhya Pradesh,Madhyapradeśa,Bhārhut,Frise avec personnages et motifs,2 B.C.,Stūpa ; frise,bouddhisme,Kolkata Indian Museum,Ganguly Biswarup
ASOK_BHA169_lotus_5301.png,lotus,"[[245, 495], [251, 529], [273, 526], [301, 524], [322, 505], [307, 467], [262, 465], [245, 495]]",0.99,ASOK_BHA169.JPG,ASOK_BHA169,Madhya Pradesh,Madhyapradeśa,Bhārhut,Frise avec personnages et motifs,2 B.C.,Stūpa ; frise,bouddhisme,Kolkata Indian Museum,Ganguly Biswarup
ASOK_BHA169_lotus_5302.png,lotus,"[[523, 515], [539, 535], [560, 538], [586, 538], [606, 523], [606, 492], [566, 477], [539, 486], [523, 515]]",1.0,ASOK_BHA169.JPG,ASOK_BHA169,Madhya Pradesh,Madhyapradeśa,Bhārhut,Frise avec personnages et motifs,2 B.C.,Stūpa ; frise,bouddhisme,Kolkata Indian Museum,Ganguly Biswarup
ASOK_BHA169_lotus_5303.png,lotus,"[[378, 660], [384, 694], [425, 699], [452, 688], [459, 659], [459, 634], [444, 619], [403, 619], [384, 632], [378, 660]]",1.0,ASOK_BHA169.JPG,ASOK_BHA169,Madhya Pradesh,Madhyapradeśa,Bhārhut,Frise avec personnages et motifs,2 B.C.,Stūpa ; frise,bouddhisme,Kolkata Indian Museum,Ganguly Biswarup
ASOK_BHA170_taureau_5309.png,taureau,"[[424, 721], [428, 734], [442, 736], [442, 745], [453, 749], [485, 749], [498, 748], [496, 734], [501, 726], [495, 714], [485, 705], [456, 703], [453, 691], [443, 690], [433, 685], [425, 693], [430, 705], [424, 721]]",0.97,ASOK_BHA170.JPG,ASOK_BHA170,Madhya Pradesh,Madhyapradeśa,Bhārhut,Vénération de la roue,2 B.C.,Stūpa ; balustrade,bouddhisme,Kolkata Indian Museum,Ganguly Biswarup
ASOK_BHA170_taureau_5310.png,taureau,"[[488, 706], [495, 711], [502, 722], [496, 734], [498, 750], [522, 746], [525, 736], [537, 736], [536, 717], [539, 705], [540, 688], [517, 688], [508, 692], [496, 692], [488, 706]]",0.97,ASOK_BHA170.JPG,ASOK_BHA170,Madhya Pradesh,Madhyapradeśa,Bhārhut,Vénération de la roue,2 B.C.,Stūpa ; balustrade,bouddhisme,Kolkata Indian Museum,Ganguly Biswarup
ASOK_BHA170_lotus_5311.png,lotus,"[[361, 929], [363, 952], [369, 960], [384, 971], [403, 976], [423, 963], [430, 940], [421, 915], [393, 904], [371, 909], [361, 929]]",0.99,ASOK_BHA170.JPG,ASOK_BHA170,Madhya Pradesh,Madhyapradeśa,Bhārhut,Vénération de la roue,2 B.C.,Stūpa ; balustrade,bouddhisme,Kolkata Indian Museum,Ganguly Biswarup
ASOK_BHA170_lotus_5312.png,lotus,"[[735, 137], [753, 183], [818, 222], [824, 294], [859, 367], [888, 419], [882, 357], [861, 274], [859, 214], [893, 180], [907, 124], [897, 70], [745, 70], [735, 137]]",1.0,ASOK_BHA170.JPG,ASOK_BHA170,Madhya Pradesh,Madhyapradeśa,Bhārhut,Vénération de la roue,2 B.C.,Stūpa ; balustrade,bouddhisme,Kolkata Indian Museum,Ganguly Biswarup
ASOK_BHA170_lotus_5313.png,lotus,"[[714, 1108], [915, 1106], [890, 1027], [857, 948], [855, 892], [865, 794], [828, 902], [824, 950], [791, 985], [754, 1062], [714, 1108]]",0.99,ASOK_BHA170.JPG,ASOK_BHA170,Madhya Pradesh,Madhyapradeśa,Bhārhut,Vénération de la roue,2 B.C.,Stūpa ; balustrade,bouddhisme,Kolkata Indian Museum,Ganguly Biswarup
ASOK_BHA170_lotus_5314.png,lotus,"[[61, 1108], [225, 1126], [264, 1108], [208, 1037], [185, 992], [146, 963], [127, 875], [85, 778], [85, 873], [113, 985], [88, 1054], [61, 1108]]",1.0,ASOK_BHA170.JPG,ASOK_BHA170,Madhya Pradesh,Madhyapradeśa,Bhārhut,Vénération de la roue,2 B.C.,Stūpa ; balustrade,bouddhisme,Kolkata Indian Museum,Ganguly Biswarup
ASOK_KAN012c_lion_5329.png,lion,"[[818, 2359], [1070, 2510], [1263, 2468], [1305, 2300], [1464, 2620], [1615, 2628], [1817, 2586], [2018, 2552], [1817, 2695], [1741, 2804], [2262, 2855], [2505, 2804], [3160, 2855], [3378, 2435], [3370, 2200], [3311, 1981], [3101, 1704], [2858, 1646], [2623, 1612], [2631, 1511], [2623, 1335], [2564, 1209], [2438, 1117], [2262, 1184], [2312, 1335], [2295, 1411], [2186, 1452], [2186, 1150], [2119, 999], [2035, 848], [1850, 764], [1716, 764], [1599, 705], [1439, 772], [1305, 840], [1179, 940], [1145, 1008], [1078, 1125], [1078, 1293], [1179, 1419], [1313, 1478], [1397, 1486], [1347, 1679], [1280, 1872], [1095, 1923], [1028, 2007], [919, 2133], [818, 2359]]",1.0,ASOK_KAN012c.JPG,ASOK_KAN012c,Karnataka,Āndhradeśa,Kaṇagaṇahaḷḷi,Stūpa et ville,1 B.C. ; 1 A.D. ; 2 A.D. ; 3 A.D. ,Stūpa ; panneau,bouddhisme,In situ,Maronet Léa
ASOK_KAN012c_lion_5330.png,lion,"[[2791, 1520], [2799, 1629], [2992, 1677], [3156, 1766], [3326, 2012], [3371, 2327], [3333, 2555], [3156, 2851], [3705, 2896], [4261, 2814], [4248, 2492], [4286, 2258], [4343, 1993], [4317, 1715], [4317, 1595], [4311, 1298], [4198, 1059], [4040, 939], [3711, 863], [3547, 869], [3446, 945], [3244, 1021], [3169, 1172], [3150, 1349], [3314, 1507], [3547, 1545], [3547, 1639], [3396, 1646], [3282, 1601], [3074, 1500], [3055, 1374], [2903, 1343], [2802, 1431], [2791, 1520]]",1.0,ASOK_KAN012c.JPG,ASOK_KAN012c,Karnataka,Āndhradeśa,Kaṇagaṇahaḷḷi,Stūpa et ville,1 B.C. ; 1 A.D. ; 2 A.D. ; 3 A.D. ,Stūpa ; panneau,bouddhisme,In situ,Maronet Léa
ASOK_AMA071_éléphant_5352.png,éléphant,"[[3171, 1830], [3207, 1942], [3318, 1962], [3242, 2013], [3330, 2057], [3389, 2033], [3425, 2125], [3493, 2137], [3449, 2196], [3453, 2268], [3433, 2367], [3362, 2407], [3386, 2570], [3274, 2590], [3234, 2634], [3310, 2693], [3449, 2705], [3533, 2674], [3541, 2586], [3576, 2558], [3732, 2618], [3739, 2713], [3867, 2717], [3895, 2610], [3895, 2526], [3775, 2455], [3879, 2423], [3974, 2391], [4010, 2483], [3986, 2638], [3906, 2670], [3942, 2721], [4058, 2729], [4177, 2701], [4169, 2491], [4296, 2447], [4340, 2475], [4356, 2634], [4292, 2634], [4241, 2674], [4308, 2737], [4431, 2737], [4519, 2717], [4519, 2506], [4507, 2411], [4598, 2375], [4614, 2602], [4634, 2709], [4785, 2709], [4762, 2626], [4674, 2534], [4658, 2423], [4666, 2363], [4706, 2308], [4809, 2220], [4813, 1866], [4726, 1715], [4543, 1556], [4320, 1492], [4217, 1457], [4149, 1441], [4105, 1429], [3994, 1381], [3883, 1254], [3755, 1222], [3628, 1258], [3541, 1309], [3505, 1349], [3437, 1377], [3405, 1584], [3374, 1667], [3318, 1771], [3318, 1822], [3242, 1846], [3171, 1830]]",0.99,ASOK_AMA071.JPG,ASOK_AMA071,Andhra Pradesh,Āndhradeśa,Amarāvatī,Éléphant et stūpa,1 A.D.,Stūpa ; pilier ; abaque,bouddhisme,The British Museum,Maronet Léa
ASOK_AMA071_lotus_5353.png,lotus,"[[3175, 2228], [3183, 2343], [3270, 2403], [3366, 2419], [3441, 2355], [3461, 2268], [3445, 2184], [3489, 2137], [3580, 2025], [3576, 1986], [3501, 2009], [3469, 2053], [3409, 2125], [3358, 2105], [3278, 2109], [3207, 2157], [3175, 2228]]",0.98,ASOK_AMA071.JPG,ASOK_AMA071,Andhra Pradesh,Āndhradeśa,Amarāvatī,Éléphant et stūpa,1 A.D.,Stūpa ; pilier ; abaque,bouddhisme,The British Museum,Maronet Léa
ASOK_AMA071_éléphant_5354.png,éléphant,"[[530, 2121], [602, 2256], [657, 2367], [641, 2506], [534, 2566], [550, 2666], [582, 2701], [661, 2689], [717, 2566], [717, 2475], [709, 2320], [820, 2395], [832, 2475], [824, 2670], [884, 2725], [987, 2741], [1119, 2709], [1135, 2670], [1111, 2602], [1007, 2602], [1007, 2443], [1087, 2399], [1250, 2431], [1250, 2558], [1278, 2685], [1385, 2717], [1492, 2678], [1516, 2630], [1429, 2590], [1401, 2443], [1397, 2351], [1433, 2316], [1584, 2415], [1707, 2475], [1580, 2534], [1576, 2674], [1644, 2713], [1731, 2697], [1763, 2618], [1838, 2570], [1922, 2526], [1922, 2606], [1946, 2685], [2045, 2685], [2145, 2678], [2145, 2590], [2081, 2538], [2073, 2367], [1966, 2359], [1902, 2328], [1878, 2244], [1926, 2176], [1958, 2129], [2073, 2081], [2141, 1997], [2180, 1894], [2212, 1834], [2240, 1771], [2240, 1719], [2180, 1731], [2145, 1711], [2089, 1580], [2033, 1476], [2009, 1357], [1914, 1321], [1819, 1246], [1691, 1202], [1548, 1234], [1492, 1309], [1409, 1357], [1250, 1409], [1047, 1453], [908, 1488], [816, 1568], [645, 1647], [542, 1771], [530, 2121]]",0.97,ASOK_AMA071.JPG,ASOK_AMA071,Andhra Pradesh,Āndhradeśa,Amarāvatī,Éléphant et stūpa,1 A.D.,Stūpa ; pilier ; abaque,bouddhisme,The British Museum,Maronet Léa
ASOK_AMA071_lotus_5355.png,lotus,"[[1838, 2001], [1882, 2137], [1894, 2200], [1886, 2260], [1886, 2312], [1946, 2367], [2069, 2371], [2141, 2312], [2153, 2184], [2093, 2145], [1958, 2125], [1922, 1978], [1878, 1974], [1838, 2001]]",0.98,ASOK_AMA071.JPG,ASOK_AMA071,Andhra Pradesh,Āndhradeśa,Amarāvatī,Éléphant et stūpa,1 A.D.,Stūpa ; pilier ; abaque,bouddhisme,The British Museum,Maronet Léa
ASOK_AMA071_lotus_5356.png,lotus,"[[325, 768], [325, 983], [5090, 959], [5003, 728], [325, 768]]",0.97,ASOK_AMA071.JPG,ASOK_AMA071,Andhra Pradesh,Āndhradeśa,Amarāvatī,Éléphant et stūpa,1 A.D.,Stūpa ; pilier ; abaque,bouddhisme,The British Museum,Maronet Léa
ASOK_NAG048_lotus_5361.png,lotus,"[[1036, 638], [1116, 762], [1141, 818], [1506, 842], [1580, 712], [1648, 620], [1036, 638]]",0.98,ASOK_NAG048.JPG,ASOK_NAG048,Andhra Pradesh,Āndhradeśa,Nāgārjunakoṇḍa,,3 A.D.,Stūpa ; panneau,bouddhisme,Nagarjunakonda Archaeological Museum,Maronet Léa
ASOK_NAG048_lotus_5362.png,lotus,"[[2737, 632], [2817, 719], [2836, 805], [3034, 842], [3120, 824], [3281, 620], [2737, 632]]",1.0,ASOK_NAG048.JPG,ASOK_NAG048,Andhra Pradesh,Āndhradeśa,Nāgārjunakoṇḍa,,3 A.D.,Stūpa ; panneau,bouddhisme,Nagarjunakonda Archaeological Museum,Maronet Léa
ASOK_NAG048_lotus_5363.png,lotus,"[[1896, 638], [1988, 725], [2056, 836], [2329, 842], [2360, 762], [2514, 626], [1896, 638]]",0.97,ASOK_NAG048.JPG,ASOK_NAG048,Andhra Pradesh,Āndhradeśa,Nāgārjunakoṇḍa,,3 A.D.,Stūpa ; panneau,bouddhisme,Nagarjunakonda Archaeological Museum,Maronet Léa
ASOK_KAN045aa_éléphant_5379.png,éléphant,"[[0, 539], [25, 547], [35, 561], [83, 589], [145, 591], [167, 559], [203, 537], [211, 523], [213, 481], [256, 471], [286, 447], [328, 369], [352, 391], [346, 341], [308, 313], [294, 299], [161, 279], [137, 291], [89, 317], [73, 363], [29, 413], [1, 459], [0, 539]]",0.98,ASOK_KAN045aa.jpg,ASOK_KAN045aa,Karnataka,Āndhradeśa,Kaṇagaṇahaḷḷi,Transport des reliques,1 B.C. ; 1 A.D. ; 2 A.D. ; 3 A.D. ,Stūpa ; panneau,bouddhisme,In situ,Luczanits Christian
ASOK_NAG026b_lion_5418.png,lion,"[[339, 1713], [339, 1855], [465, 2040], [625, 2057], [751, 1981], [725, 2191], [440, 2342], [423, 2426], [499, 2460], [499, 2569], [1137, 2569], [1825, 2510], [1884, 2410], [2077, 2326], [2245, 2326], [2447, 2393], [2396, 2544], [2917, 2544], [2724, 2133], [2598, 2065], [2497, 1679], [2346, 1486], [2069, 1461], [1859, 1587], [1741, 1746], [1590, 1897], [1447, 1939], [1355, 1906], [1246, 1780], [1070, 1452], [709, 1452], [549, 1520], [339, 1713]]",0.99,ASOK_NAG026b.JPG,ASOK_NAG026b,Andhra Pradesh,Āndhradeśa,Nāgārjunakoṇḍa,,3 A.D.,Stūpa ; panneau,bouddhisme,Nagarjunakonda Archaeological Museum,Maronet Léa
ASOK_NAG026b_lion_5420.png,lion,"[[2908, 1965], [3127, 2141], [3261, 2124], [3378, 2032], [3378, 2233], [3160, 2284], [3093, 2460], [3152, 2586], [3882, 2636], [4243, 2578], [4369, 2536], [4520, 2334], [4697, 2292], [4982, 2410], [5100, 2460], [4974, 2628], [5318, 2628], [5217, 2124], [5100, 2032], [5032, 1788], [4831, 1536], [4504, 1545], [4336, 1662], [4151, 1923], [3991, 1998], [3891, 1881], [3698, 1604], [3504, 1503], [3236, 1520], [3076, 1578], [2950, 1746], [2908, 1965]]",0.99,ASOK_NAG026b.JPG,ASOK_NAG026b,Andhra Pradesh,Āndhradeśa,Nāgārjunakoṇḍa,,3 A.D.,Stūpa ; panneau,bouddhisme,Nagarjunakonda Archaeological Museum,Maronet Léa
ASOK_CHAN007a_lion_5421.png,lion,"[[3504, 1847], [3572, 2015], [3580, 2149], [3773, 2217], [3865, 2141], [3975, 2158], [4075, 2200], [4201, 2191], [4327, 2099], [4629, 1973], [4797, 1788], [5058, 1931], [5091, 2124], [4965, 2217], [4932, 2393], [5268, 2426], [5301, 2149], [5268, 1839], [5091, 1671], [5125, 1427], [5058, 1268], [4999, 1091], [4814, 1016], [4697, 1058], [4520, 1083], [4453, 1075], [4260, 1150], [4201, 1058], [4008, 1008], [3748, 1058], [3714, 1159], [3580, 1217], [3639, 1503], [3740, 1536], [3857, 1478], [3849, 1654], [3672, 1662], [3513, 1772], [3504, 1847]]",1.0,ASOK_CHAN007a.JPG,ASOK_CHAN007a,Andhra Pradesh,Āndhradeśa,Chandavaram,Panneau avec motifs décoratifs,1 A.D. ; 2 A.D.,Stūpa ; panneau,bouddhisme,Telangana State Archaeology Museum,Maronet Léa
ASOK_KANE006_éléphant_5438.png,éléphant,"[[1753, 393], [1842, 427], [1866, 511], [1989, 599], [2102, 658], [2216, 649], [2220, 703], [2294, 698], [2309, 821], [2363, 821], [2447, 870], [2457, 949], [2432, 1042], [2353, 1096], [2437, 1278], [2491, 1367], [2619, 1377], [2619, 1175], [2565, 1121], [2599, 1047], [2747, 1082], [2806, 1219], [2801, 1357], [3111, 1372], [3126, 1229], [3017, 1150], [3012, 1101], [3071, 909], [3067, 806], [3027, 703], [2826, 560], [2599, 481], [2511, 398], [2412, 309], [2289, 314], [2166, 373], [2093, 437], [1999, 452], [1881, 339], [1817, 329], [1753, 393]]",1.0,ASOK_KANE006.jpg,ASOK_KANE006,Maharashtra,Mahārāṣṭra,Kānherī,Haut de chapiteau avec éléphants ondoyant un stūpa et nāgas en dévotion,1 B.C.,Grotte ; pilier ; chapiteau,bouddhisme,In situ,Maronet Léa
ASOK_AND021a_lotus_5448.png,lotus,"[[960, 1411], [994, 2452], [4520, 2494], [4529, 2393], [4571, 1385], [4386, 1008], [3832, 445], [3395, 151], [3135, 109], [2455, 210], [2405, 369], [2094, 537], [1599, 613], [1263, 554], [1053, 848], [960, 1411]]",1.0,ASOK_AND021a.JPG,ASOK_AND021a,Andhra Pradesh,Āndhradeśa,Buddham,Pilier avec demi-médaillon lotiforme,1 A.D. ; 2 A.D.,Stūpa ; balustrade ; pilier,indéterminée,Guntur Baudhasree Archaeological Museum,Maronet Léa
ASOK_AND021a_taureau_5449.png,taureau,"[[1103, 2771], [1120, 2930], [1322, 2930], [1456, 3031], [1523, 3123], [1347, 3182], [1363, 3291], [1708, 3316], [1876, 3283], [2186, 3249], [2245, 3291], [2623, 3300], [2623, 3174], [2648, 3023], [2480, 2829], [2178, 2796], [1867, 2846], [1699, 2804], [1699, 2645], [1389, 2636], [1296, 2712], [1103, 2771]]",1.0,ASOK_AND021a.JPG,ASOK_AND021a,Andhra Pradesh,Āndhradeśa,Buddham,Pilier avec demi-médaillon lotiforme,1 A.D. ; 2 A.D.,Stūpa ; balustrade ; pilier,indéterminée,Guntur Baudhasree Archaeological Museum,Maronet Léa
ASOK_AND021a_taureau_5450.png,taureau,"[[2757, 2947], [3026, 2964], [3085, 3148], [2984, 3325], [3504, 3274], [3832, 3300], [4310, 3300], [4268, 3140], [4428, 3106], [4352, 2981], [4109, 2813], [3790, 2796], [3563, 2804], [3462, 2678], [3295, 2678], [3068, 2678], [2766, 2779], [2757, 2947]]",1.0,ASOK_AND021a.JPG,ASOK_AND021a,Andhra Pradesh,Āndhradeśa,Buddham,Pilier avec demi-médaillon lotiforme,1 A.D. ; 2 A.D.,Stūpa ; balustrade ; pilier,indéterminée,Guntur Baudhasree Archaeological Museum,Maronet Léa
ASOK_CHAN005a_lotus_5451.png,lotus,"[[563, 2496], [651, 3437], [598, 4079], [897, 3912], [1029, 3753], [1284, 3885], [1706, 3947], [2066, 3850], [2374, 4096], [2672, 4149], [2593, 1468], [2268, 1573], [2066, 1723], [1943, 1679], [1424, 1653], [1037, 1758], [914, 1617], [677, 1494], [633, 1732], [616, 2206], [563, 2496]]",0.99,ASOK_CHAN005a.JPG,ASOK_CHAN005a,Andhra Pradesh,Āndhradeśa,Chandavaram,Panneau avec scènes narratives,2 A.D.,Stūpa ; panneau,bouddhisme,Telangana State Archaeology Museum,Maronet Léa
ASOK_NAG003a_lotus_5462.png,lotus,"[[32, 94], [35, 169], [59, 212], [107, 251], [153, 270], [197, 272], [231, 259], [266, 239], [296, 211], [319, 171], [321, 148], [323, 98], [32, 94]]",0.99,ASOK_NAG003a.jpg,ASOK_NAG003a,Andhra Pradesh,Āndhradeśa,Nāgārjunakoṇḍa,Demi-médaillon lotiforme,3 A.D.,Pilier,bouddhisme,In situ,Maronet Léa
ASOK_AND001_lion_5481.png,lion,"[[1961, 3002], [2017, 3022], [2092, 3042], [2202, 3047], [2343, 3022], [2503, 3047], [2578, 3032], [2679, 3057], [2874, 3022], [2905, 3072], [3015, 3067], [3035, 2912], [3030, 2837], [2950, 2801], [2879, 2671], [2859, 2606], [2889, 2576], [2995, 2561], [3035, 2460], [3020, 2395], [2950, 2345], [2774, 2270], [2694, 2325], [2614, 2410], [2604, 2561], [2588, 2701], [2493, 2736], [2403, 2731], [2272, 2701], [2107, 2756], [1992, 2837], [1961, 3002]]",0.99,ASOK_AND001.JPG,ASOK_AND001,Andhra Pradesh,Āndhradeśa,Ghaṇṭasala,Pilier d'Aśoka avec lions et roue,3 A.D.,Stūpa ; panneau ; bordure,bouddhisme,The Metropolitan Museum of Art (MET),Maronet Léa
ASOK_CHAN007a_lion_5505.png,lion,"[[171, 1343], [222, 1520], [390, 1536], [474, 1562], [448, 1788], [448, 1939], [264, 1990], [272, 2267], [381, 2342], [474, 2284], [532, 2208], [751, 2225], [977, 2183], [994, 2082], [1128, 2074], [1288, 1998], [1405, 1864], [1607, 2040], [1775, 2107], [1834, 2200], [1766, 2250], [1766, 2435], [1876, 2435], [2044, 2410], [2044, 2208], [1934, 2065], [1926, 1914], [1775, 1830], [1792, 1545], [1699, 1352], [1590, 1117], [1305, 1108], [1128, 1234], [1145, 1159], [1061, 1058], [935, 1058], [793, 1175], [675, 1083], [331, 1108], [238, 1201], [171, 1343]]",1.0,ASOK_CHAN007a.JPG,ASOK_CHAN007a,Andhra Pradesh,Āndhradeśa,Chandavaram,Panneau avec motifs décoratifs,1 A.D. ; 2 A.D.,Stūpa ; panneau,bouddhisme,Telangana State Archaeology Museum,Maronet Léa
ASOK_NAG035d_lion_5506.png,lion,"[[751, 3106], [826, 3283], [1061, 3283], [1254, 3224], [1473, 3258], [1632, 3207], [1758, 2888], [2077, 2527], [2472, 2561], [2816, 2519], [3009, 2376], [3068, 2494], [3068, 2720], [2757, 2913], [2497, 2922], [2388, 3106], [2447, 3316], [2665, 3258], [3009, 3182], [3362, 2922], [3504, 2804], [3462, 2393], [3664, 2561], [4033, 2729], [4033, 2989], [3823, 3106], [3840, 3249], [4252, 3207], [4260, 2888], [4260, 2460], [4210, 1923], [4050, 1713], [3815, 1646], [3630, 1528], [3303, 1595], [3001, 1688], [2614, 1688], [2379, 1578], [2287, 1377], [2245, 1041], [2018, 798], [1733, 688], [1473, 756], [1305, 898], [1246, 1133], [1086, 1251], [1170, 1427], [1355, 1469], [1271, 1671], [1506, 1679], [1489, 1914], [1372, 2183], [1229, 2485], [1061, 2955], [751, 3106]]",1.0,ASOK_NAG035d.JPG,ASOK_NAG035d,Andhra Pradesh,Āndhradeśa,Nāgārjunakoṇḍa,,3 A.D.,Stūpa ; panneau,bouddhisme,Nagarjunakonda Archaeological Museum,Maronet Léa
ASOK_NAG035d_lion_5507.png,lion,"[[2329, 1285], [2329, 1545], [2547, 1688], [2791, 1696], [3009, 1696], [3185, 1637], [3614, 1528], [3714, 1562], [3899, 1604], [3891, 1478], [4092, 1360], [4252, 1201], [4134, 1024], [4017, 823], [3807, 688], [3513, 579], [3261, 680], [3076, 915], [2992, 1150], [2850, 1318], [2656, 1377], [2447, 1385], [2329, 1285]]",1.0,ASOK_NAG035d.JPG,ASOK_NAG035d,Andhra Pradesh,Āndhradeśa,Nāgārjunakoṇḍa,,3 A.D.,Stūpa ; panneau,bouddhisme,Nagarjunakonda Archaeological Museum,Maronet Léa
ASOK_MAT049a_éléphant_5521.png,éléphant,"[[1548, 739], [1607, 1133], [1750, 1352], [1951, 1402], [1960, 1478], [1725, 1704], [1842, 1763], [2119, 1620], [1750, 1931], [1649, 2191], [1792, 2452], [1741, 2678], [1918, 2771], [2077, 2703], [2211, 2636], [2211, 2729], [2027, 2863], [2086, 3023], [2421, 3081], [2682, 3048], [3026, 2964], [3311, 2964], [3597, 2880], [3689, 2661], [3580, 2418], [3605, 2208], [3790, 2065], [4126, 1797], [4101, 1578], [3899, 1117], [3597, 831], [3194, 680], [2858, 621], [2749, 462], [2556, 369], [2228, 395], [2018, 344], [1800, 369], [1741, 621], [1548, 739]]",0.98,ASOK_MAT049a.JPG,ASOK_MAT049a,Uttar Pradesh,Mathurā,Mathurā,Balustrade,1 A.D.,Balustrade,indéterminée,Lucknow State Museum,Maronet Léa
ASOK_KHAN005_éléphant_5527.png,éléphant,"[[117, 483], [129, 551], [148, 575], [153, 612], [149, 629], [159, 654], [163, 686], [191, 693], [229, 693], [245, 684], [230, 624], [230, 598], [259, 598], [262, 618], [276, 696], [318, 698], [362, 691], [384, 694], [409, 630], [391, 561], [358, 527], [355, 514], [402, 531], [436, 640], [424, 688], [472, 689], [517, 676], [500, 632], [500, 593], [490, 505], [517, 507], [554, 495], [566, 467], [564, 436], [541, 418], [514, 438], [502, 421], [527, 394], [573, 382], [603, 348], [605, 288], [605, 240], [558, 232], [512, 252], [488, 225], [438, 215], [399, 235], [365, 252], [360, 281], [315, 305], [294, 316], [227, 340], [173, 369], [134, 418], [117, 483]]",1.0,ASOK_KHAN005.jpg,ASOK_KHAN005,Odhisa,Kaliṅga,Khaṇḍagiri,Haut de chapiteau,2 B.C. ; 1 B.C. ; 1 A.D.,Grotte,jaïnisme,In situ,Maronet Léa
ASOK_UDA072_éléphant_5541.png,éléphant,"[[61, 191], [61, 250], [83, 294], [77, 386], [110, 457], [88, 503], [82, 592], [100, 607], [193, 629], [284, 631], [274, 577], [286, 523], [331, 553], [308, 574], [352, 638], [399, 638], [399, 599], [419, 580], [436, 569], [495, 574], [478, 624], [529, 626], [603, 616], [576, 558], [585, 515], [664, 543], [652, 471], [645, 430], [672, 344], [691, 275], [652, 234], [600, 239], [598, 214], [549, 170], [507, 167], [451, 157], [423, 165], [347, 138], [296, 137], [235, 150], [161, 165], [110, 167], [61, 191]]",1.0,ASOK_UDA072.jpg,ASOK_UDA072,Odhisa,Kaliṅga,Udayagiri,Combat entre un homme et un éléphant,2 B.C. ; 1 B.C. ; 1 A.D.,Grotte 1,jaïnisme,In situ,Maronet Léa
ASOK_KAN059_éléphant_5553.png,éléphant,"[[771, 1934], [802, 2116], [918, 2248], [1080, 2313], [1191, 2303], [1100, 2571], [1039, 2632], [1029, 2743], [1186, 2769], [1322, 2769], [1383, 2728], [1333, 2566], [1530, 2263], [1656, 2197], [1626, 2389], [1646, 2490], [1788, 2551], [1965, 2521], [2066, 2526], [2132, 2556], [2005, 2667], [2005, 2799], [2218, 2804], [2344, 2779], [2359, 2677], [2385, 2607], [2405, 2475], [2471, 2450], [2501, 2490], [2632, 2531], [2703, 2607], [2744, 2794], [2815, 2794], [2936, 2688], [2971, 2551], [2870, 2495], [2865, 2440], [2759, 2349], [2718, 2288], [2723, 2232], [2764, 2131], [2815, 1969], [2921, 2040], [3052, 2045], [3153, 1990], [3224, 1969], [3356, 2010], [3366, 1919], [3194, 1894], [3093, 1985], [2956, 1995], [2875, 1939], [2840, 1888], [2804, 1742], [2688, 1656], [2445, 1494], [2218, 1428], [1869, 1418], [1484, 1408], [1181, 1373], [989, 1413], [958, 1641], [807, 1762], [771, 1934]]",0.97,ASOK_KAN059.JPG,ASOK_KAN059,Karnataka,Āndhradeśa,Kaṇagaṇahaḷḷi,Frise avec animaux et motifs,1 B.C. ; 1 A.D. ; 2 A.D. ; 3 A.D. ,Stūpa ; panneau,bouddhisme,In situ,Maronet Léa
ASOK_KAN059_lion_5554.png,lion,"[[3063, 2344], [3083, 2440], [3154, 2536], [3271, 2576], [3357, 2495], [3463, 2516], [3508, 2450], [3675, 2516], [3837, 2516], [3913, 2511], [4196, 2480], [4393, 2379], [4540, 2344], [4687, 2349], [4833, 2425], [4904, 2490], [5071, 2546], [5086, 2318], [5091, 2126], [5086, 1848], [4985, 1727], [4727, 1661], [4459, 1686], [4247, 1843], [4120, 1858], [3999, 1580], [3893, 1448], [3883, 1388], [3721, 1418], [3463, 1403], [3316, 1418], [3210, 1479], [3185, 1686], [3215, 1797], [3326, 1833], [3448, 1858], [3508, 1909], [3427, 2050], [3352, 2050], [3205, 2106], [3114, 2076], [3063, 2344]]",0.97,ASOK_KAN059.JPG,ASOK_KAN059,Karnataka,Āndhradeśa,Kaṇagaṇahaḷḷi,Frise avec animaux et motifs,1 B.C. ; 1 A.D. ; 2 A.D. ; 3 A.D. ,Stūpa ; panneau,bouddhisme,In situ,Maronet Léa
ASOK_UDA001c_éléphant_5564.png,éléphant,"[[294, 565], [345, 565], [402, 569], [438, 558], [455, 533], [482, 531], [482, 567], [504, 567], [573, 553], [573, 574], [664, 574], [728, 577], [801, 577], [775, 538], [706, 525], [693, 510], [688, 447], [699, 378], [698, 351], [661, 336], [617, 336], [598, 348], [580, 348], [573, 324], [544, 314], [490, 321], [419, 334], [385, 349], [347, 395], [331, 437], [340, 498], [301, 498], [294, 565]]",0.97,ASOK_UDA001c.jpg,ASOK_UDA001c,Odhisa,Kaliṅga,Udayagiri,Scène avec une armée,2 B.C. ; 1 B.C. ; 1 A.D.,Grotte 10 ; tympan,jaïnisme,In situ,Maronet Léa
ASOK_UDA001c_éléphant_5565.png,éléphant,"[[2, 564], [88, 567], [90, 545], [61, 503], [83, 483], [115, 506], [178, 499], [153, 548], [169, 562], [225, 569], [229, 531], [222, 503], [220, 454], [191, 440], [149, 422], [131, 373], [136, 336], [161, 336], [210, 336], [198, 263], [156, 219], [131, 199], [94, 169], [39, 182], [4, 187], [2, 564]]",0.97,ASOK_UDA001c.jpg,ASOK_UDA001c,Odhisa,Kaliṅga,Udayagiri,Scène avec une armée,2 B.C. ; 1 B.C. ; 1 A.D.,Grotte 10 ; tympan,jaïnisme,In situ,Maronet Léa
ASOK_UDA023a_éléphant_5613.png,éléphant,"[[564, 271], [581, 292], [610, 295], [597, 313], [613, 318], [623, 362], [619, 403], [627, 413], [633, 435], [645, 436], [659, 432], [659, 381], [666, 341], [666, 323], [686, 310], [705, 312], [718, 320], [722, 338], [705, 368], [692, 409], [687, 431], [679, 446], [678, 456], [660, 465], [662, 475], [719, 472], [721, 464], [733, 439], [753, 402], [777, 378], [791, 368], [789, 437], [782, 468], [812, 465], [808, 434], [816, 392], [829, 380], [872, 391], [868, 428], [857, 456], [848, 471], [910, 473], [913, 429], [940, 423], [962, 431], [962, 462], [956, 474], [1022, 476], [1020, 453], [1010, 426], [994, 387], [1004, 352], [1037, 416], [1037, 439], [1037, 475], [1050, 477], [1059, 462], [1078, 474], [1079, 443], [1046, 415], [1032, 357], [1007, 301], [981, 273], [933, 245], [878, 220], [836, 212], [806, 203], [788, 194], [765, 180], [746, 163], [724, 161], [700, 169], [684, 187], [670, 192], [671, 205], [648, 220], [641, 243], [624, 258], [616, 272], [599, 272], [564, 271]]",0.99,ASOK_UDA023a.jpg,ASOK_UDA023a,Odhisa,Kaliṅga,Udayagiri,Dessus de porte,2 B.C. ; 1 B.C. ; 1 A.D.,Grotte,jaïnisme,In situ,Maronet Léa
ASOK_UDA023a_éléphant_5614.png,éléphant,"[[394, 160], [399, 172], [411, 177], [411, 165], [424, 165], [431, 178], [457, 202], [481, 217], [508, 229], [534, 258], [559, 270], [588, 270], [596, 268], [595, 236], [595, 212], [575, 188], [547, 172], [532, 160], [516, 149], [500, 146], [486, 160], [476, 161], [462, 171], [453, 170], [436, 153], [416, 145], [400, 147], [394, 160]]",0.99,ASOK_UDA023a.jpg,ASOK_UDA023a,Odhisa,Kaliṅga,Udayagiri,Dessus de porte,2 B.C. ; 1 B.C. ; 1 A.D.,Grotte,jaïnisme,In situ,Maronet Léa
ASOK_UDA023a_éléphant_5615.png,éléphant,"[[27, 194], [27, 235], [55, 251], [68, 247], [74, 217], [90, 208], [104, 212], [120, 210], [154, 194], [185, 183], [202, 166], [220, 151], [228, 163], [242, 154], [240, 139], [227, 129], [211, 135], [191, 151], [178, 154], [170, 147], [155, 129], [117, 120], [105, 140], [80, 146], [51, 163], [27, 194]]",0.99,ASOK_UDA023a.jpg,ASOK_UDA023a,Odhisa,Kaliṅga,Udayagiri,Dessus de porte,2 B.C. ; 1 B.C. ; 1 A.D.,Grotte,jaïnisme,In situ,Maronet Léa
ASOK_UDA023a_lotus_5616.png,lotus,"[[242, 143], [242, 153], [263, 162], [296, 145], [300, 130], [257, 129], [242, 143]]",0.97,ASOK_UDA023a.jpg,ASOK_UDA023a,Odhisa,Kaliṅga,Udayagiri,Dessus de porte,2 B.C. ; 1 B.C. ; 1 A.D.,Grotte,jaïnisme,In situ,Maronet Léa
ASOK_UDA023a_lotus_5617.png,lotus,"[[310, 134], [317, 145], [350, 164], [376, 167], [383, 159], [395, 159], [404, 148], [388, 148], [379, 140], [335, 129], [310, 134]]",1.0,ASOK_UDA023a.jpg,ASOK_UDA023a,Odhisa,Kaliṅga,Udayagiri,Dessus de porte,2 B.C. ; 1 B.C. ; 1 A.D.,Grotte,jaïnisme,In situ,Maronet Léa
ASOK_KAN039e_oie_5701.png,oie,"[[1898, 1670], [1919, 2073], [2110, 2129], [2209, 2292], [2039, 2348], [1990, 2483], [2124, 2688], [2294, 2638], [2308, 2808], [2393, 2893], [2633, 2914], [2647, 2723], [2803, 2801], [3022, 2857], [3234, 2695], [3305, 2575], [2845, 2249], [2619, 2080], [2576, 1938], [2605, 1804], [2555, 1762], [2527, 1500], [2393, 1458], [2364, 1344], [2690, 1401], [2718, 1309], [2506, 1111], [2336, 963], [2159, 1033], [2089, 1182], [2081, 1316], [2103, 1493], [1898, 1670]]",0.99,ASOK_KAN039e.JPG,ASOK_KAN039e,Karnataka,Āndhradeśa,Kaṇagaṇahaḷḷi,Haṃsajātaka,1 B.C. ; 1 A.D. ; 2 A.D. ; 3 A.D. ,Stūpa ; panneau,bouddhisme,In situ,Maronet Léa
ASOK_GAN209_lion_5759.png,lion,"[[1537, 1438], [1544, 1505], [1641, 1587], [1764, 1632], [1906, 1740], [2044, 1766], [2234, 1736], [2398, 1669], [2457, 1725], [2618, 1930], [2543, 2091], [2741, 2079], [2711, 1919], [2700, 1785], [2640, 1770], [2618, 1710], [2655, 1580], [2640, 1505], [2700, 1423], [2670, 1327], [2633, 1237], [2647, 1151], [2871, 1066], [2908, 972], [2819, 980], [2752, 1036], [2592, 1114], [2569, 1207], [2588, 1308], [2610, 1401], [2569, 1435], [2524, 1405], [2364, 1409], [2264, 1427], [2323, 1237], [2308, 1125], [2223, 1043], [2133, 931], [2156, 1040], [2178, 1204], [2118, 1289], [2111, 1189], [2014, 1062], [1883, 1010], [1727, 939], [1749, 1021], [1697, 1077], [1638, 1099], [1585, 1144], [1615, 1233], [1705, 1252], [1664, 1300], [1753, 1334], [1816, 1345], [1801, 1420], [1760, 1494], [1619, 1423], [1537, 1438]]",0.99,ASOK_GAN209.JPG,ASOK_GAN209,Gandhāra,Gandhāra,Gandhāra,Scène de chasse,1 A.D. ; 2 A.D. ; 3 A.D. ,Frise,bouddhisme,Musée National des Arts Asiatiques - Guimet,Maronet Léa
ASOK_GAN212_lion_5760.png,lion,"[[1275, 1833], [1507, 1839], [1501, 1777], [1433, 1734], [1442, 1694], [1489, 1641], [1634, 1567], [1820, 1499], [1755, 1681], [1798, 1728], [1767, 1824], [1977, 1824], [1981, 1771], [1872, 1740], [1841, 1650], [1946, 1514], [1959, 1387], [1999, 1316], [2132, 1273], [2361, 1248], [2485, 1205], [2627, 1220], [2676, 1180], [2698, 1097], [2652, 1060], [2683, 1022], [2670, 958], [2636, 818], [2593, 787], [2574, 744], [2417, 676], [2237, 741], [2126, 862], [1981, 1029], [1872, 1094], [1736, 1100], [1674, 1121], [1597, 1193], [1510, 1220], [1476, 1174], [1495, 1094], [1591, 1035], [1792, 936], [1832, 855], [1823, 781], [1656, 756], [1532, 803], [1439, 868], [1402, 930], [1455, 967], [1554, 871], [1714, 846], [1742, 880], [1588, 939], [1442, 1044], [1405, 1149], [1433, 1258], [1513, 1307], [1424, 1418], [1411, 1567], [1278, 1681], [1275, 1833]]",0.98,ASOK_GAN212.JPG,ASOK_GAN212,Gandhāra,Gandhāra,Gandhāra,Scène de chasse,1 A.D. ; 2 A.D. ; 3 A.D. ,Frise,bouddhisme,Musée National des Arts Asiatiques - Guimet,Maronet Léa
ASOK_GAN212_taureau_5761.png,taureau,"[[1903, 1663], [1903, 1691], [1937, 1749], [2021, 1768], [2061, 1752], [2092, 1793], [2166, 1793], [2194, 1839], [2281, 1848], [2401, 1827], [2401, 1771], [2491, 1728], [2513, 1777], [2553, 1814], [2664, 1768], [2680, 1740], [2658, 1684], [2593, 1660], [2593, 1626], [2741, 1567], [2856, 1483], [2881, 1558], [2741, 1709], [2639, 1811], [2618, 1923], [2692, 1926], [2692, 1972], [2825, 1972], [2797, 1827], [2871, 1703], [3001, 1607], [3001, 1545], [3113, 1474], [3171, 1428], [3184, 1353], [3249, 1264], [3261, 1097], [3199, 1007], [3072, 917], [2890, 889], [2782, 936], [2689, 979], [2689, 1013], [2658, 1069], [2701, 1103], [2658, 1199], [2593, 1214], [2500, 1242], [2383, 1301], [2321, 1403], [2222, 1406], [2216, 1360], [2154, 1378], [2073, 1360], [2021, 1400], [1984, 1493], [1977, 1598], [1903, 1663]]",0.99,ASOK_GAN212.JPG,ASOK_GAN212,Gandhāra,Gandhāra,Gandhāra,Scène de chasse,1 A.D. ; 2 A.D. ; 3 A.D. ,Frise,bouddhisme,Musée National des Arts Asiatiques - Guimet,Maronet Léa
ASOK_KAN039e_oie_5765.png,oie,"[[24, 1811], [215, 2009], [484, 2023], [731, 1974], [618, 2179], [738, 2285], [880, 2313], [993, 2235], [1042, 2264], [1184, 2355], [1353, 2271], [1382, 2129], [1523, 2108], [1565, 2051], [1396, 1952], [1396, 1811], [1587, 1811], [1721, 1868], [1841, 1599], [1827, 1436], [1749, 1267], [1707, 1139], [1763, 949], [1544, 1012], [1325, 1083], [1063, 1033], [936, 1033], [809, 1203], [717, 1203], [689, 1125], [837, 1111], [887, 1005], [781, 927], [667, 892], [491, 927], [441, 1033], [441, 1217], [505, 1352], [271, 1394], [194, 1500], [137, 1719], [24, 1811]]",0.99,ASOK_KAN039e.JPG,ASOK_KAN039e,Karnataka,Āndhradeśa,Kaṇagaṇahaḷḷi,Haṃsajātaka,1 B.C. ; 1 A.D. ; 2 A.D. ; 3 A.D. ,Stūpa ; panneau,bouddhisme,In situ,Maronet Léa
ASOK_KAN045aa_éléphant_5766.png,éléphant,"[[1, 678], [13, 747], [34, 796], [109, 921], [162, 995], [236, 1051], [292, 953], [342, 910], [324, 969], [306, 1037], [318, 1061], [392, 1087], [394, 1131], [547, 1101], [551, 1057], [575, 1027], [649, 991], [731, 693], [712, 688], [670, 705], [653, 702], [653, 673], [619, 684], [566, 699], [556, 726], [529, 763], [505, 807], [485, 811], [457, 826], [457, 795], [488, 784], [521, 730], [551, 663], [574, 630], [535, 622], [524, 655], [505, 703], [467, 703], [466, 664], [397, 670], [410, 609], [386, 588], [386, 573], [371, 547], [265, 520], [223, 547], [196, 541], [170, 555], [137, 588], [97, 607], [56, 633], [29, 669], [14, 664], [1, 678]]",0.99,ASOK_KAN045aa.jpg,ASOK_KAN045aa,Karnataka,Āndhradeśa,Kaṇagaṇahaḷḷi,Transport des reliques,1 B.C. ; 1 A.D. ; 2 A.D. ; 3 A.D. ,Stūpa ; panneau,bouddhisme,In situ,Luczanits Christian
ASOK_KAN078a_cheval_5773.png,cheval,"[[1330, 1419], [1330, 1612], [1414, 1612], [1641, 1469], [1817, 1520], [1817, 1805], [1750, 1998], [1431, 1998], [1372, 2116], [1464, 2250], [1489, 2410], [1557, 2561], [1758, 2494], [1624, 2267], [1599, 2141], [1699, 2149], [1867, 2200], [2035, 2300], [2094, 2460], [2044, 2779], [2035, 2930], [2245, 2922], [2253, 2661], [2237, 2401], [2262, 2334], [2606, 2359], [2799, 2544], [2698, 2695], [2875, 2779], [2900, 2645], [3009, 2569], [3093, 2611], [3110, 2737], [2959, 2972], [3110, 2989], [3219, 2922], [3211, 2670], [3261, 2510], [3269, 2384], [3420, 2645], [3437, 1990], [3261, 1897], [3143, 1721], [2816, 1612], [2547, 1646], [2371, 1604], [2371, 1511], [2220, 1184], [2018, 1049], [1934, 966], [1649, 966], [1599, 1066], [1473, 1100], [1330, 1419]]",0.99,ASOK_KAN078a.JPG,ASOK_KAN078a,Karnataka,Āndhradeśa,Kaṇagaṇahaḷḷi,Frise avec scènes narratives,1 B.C. ; 1 A.D. ; 2 A.D. ; 3 A.D. ,Stūpa ; panneau,bouddhisme,In situ,Maronet Léa
ASOK_NAG009_cheval_5779.png,cheval,"[[1866, 1449], [1894, 1552], [1950, 1584], [2049, 1516], [2117, 1596], [2212, 1655], [2268, 1687], [2216, 1826], [2232, 1882], [2284, 2061], [2351, 2129], [2487, 2172], [2499, 2455], [2562, 2534], [2678, 2522], [2709, 2487], [2634, 2351], [2634, 2216], [2753, 2200], [3040, 2176], [3087, 2236], [3151, 2324], [3083, 2419], [3071, 2538], [3218, 2503], [3222, 2407], [3290, 2312], [3397, 2324], [3441, 2407], [3473, 2574], [3421, 2618], [3429, 2681], [3557, 2674], [3568, 2590], [3584, 2530], [3568, 2471], [3553, 2292], [3473, 2196], [3465, 2137], [3529, 1934], [3513, 1858], [3580, 1878], [3592, 2288], [3616, 2383], [3688, 2371], [3668, 1938], [3596, 1779], [3485, 1719], [3386, 1628], [3282, 1600], [3159, 1584], [3123, 1655], [3067, 1735], [2928, 1771], [2765, 1795], [2773, 1958], [2717, 2141], [2586, 2204], [2586, 2160], [2654, 2089], [2658, 1886], [2634, 1699], [2753, 1624], [2753, 1568], [2749, 1480], [2717, 1437], [2666, 1385], [2662, 1345], [2586, 1242], [2459, 1138], [2407, 1107], [2471, 1051], [2526, 995], [2519, 928], [2391, 888], [2312, 932], [2268, 1035], [2224, 1043], [2212, 1146], [2113, 1166], [2089, 1246], [1970, 1329], [1946, 1377], [1866, 1449]]",0.99,ASOK_NAG009.JPG,ASOK_NAG009,Andhra Pradesh,Āndhradeśa,Nāgārjunakoṇḍa,Scène du Grand Départ du Buddha,3 A.D.,Stūpa ; panneau,bouddhisme,The Metropolitan Museum of Art (MET),Maronet Léa
ASOK_NAG023e_cheval_5781.png,cheval,"[[1458, 1412], [1508, 1500], [1641, 1557], [1742, 1513], [1893, 1526], [1881, 1665], [1773, 1923], [1767, 2151], [1893, 2359], [2032, 2719], [2190, 3161], [2121, 3375], [2329, 3363], [2310, 3262], [2335, 3167], [2424, 3173], [2575, 3218], [2796, 3218], [2796, 3016], [2581, 3085], [2417, 3066], [2411, 2965], [2278, 2744], [2424, 2498], [2828, 2485], [2910, 2479], [3036, 2694], [3175, 2757], [2986, 2927], [2897, 3098], [2897, 3230], [3061, 3230], [3061, 3104], [3175, 2959], [3314, 2814], [3396, 2731], [3408, 2662], [3674, 2750], [3762, 3091], [3661, 3230], [3617, 3350], [3806, 3356], [3895, 3224], [3895, 3104], [3831, 2927], [3958, 2883], [3895, 2700], [3939, 2239], [3945, 2005], [3756, 1886], [3667, 1740], [3453, 1677], [3225, 1652], [3068, 1665], [2973, 1791], [2815, 1841], [2588, 1930], [2594, 2226], [2600, 2454], [2443, 2384], [2436, 2290], [2424, 1860], [2657, 1671], [2487, 1608], [2436, 1324], [2379, 1090], [2234, 932], [2089, 857], [1982, 882], [1881, 806], [1780, 838], [1691, 831], [1742, 977], [1603, 1185], [1527, 1254], [1458, 1412]]",0.98,ASOK_NAG023e.JPG,ASOK_NAG023e,Andhra Pradesh,Āndhradeśa,Nāgārjunakoṇḍa,Frise avec scènes narratives,3 A.D.,Stūpa ; panneau,bouddhisme,Nagarjunakonda Archaeological Museum,Maronet Léa
ASOK_AMA001_lotus_5805.png,lotus,"[[63, 454], [69, 714], [121, 714], [225, 695], [262, 634], [335, 677], [445, 711], [577, 723], [696, 689], [791, 640], [837, 692], [876, 717], [928, 723], [953, 481], [953, 206], [72, 191], [63, 454]]",0.98,ASOK_AMA001.jpg,ASOK_AMA001,Andhra Pradesh,Āndhradeśa,Amarāvatī,Balustrade avec médaillons lotiformes,1 A.D. ; 2 A.D. ; 3 A.D.,Stūpa ; balustrade ; pilier,bouddhisme,The British Museum,Maronet Léa
ASOK_AMA001_lotus_5806.png,lotus,"[[1029, 481], [1029, 668], [1075, 818], [1216, 958], [1366, 1038], [1537, 1044], [1653, 1017], [1770, 943], [1880, 815], [1932, 656], [1920, 497], [1858, 353], [1748, 237], [1617, 163], [1491, 142], [1326, 163], [1188, 233], [1115, 310], [1029, 481]]",0.99,ASOK_AMA001.jpg,ASOK_AMA001,Andhra Pradesh,Āndhradeśa,Amarāvatī,Balustrade avec médaillons lotiformes,1 A.D. ; 2 A.D. ; 3 A.D.,Stūpa ; balustrade ; pilier,bouddhisme,The British Museum,Maronet Léa
ASOK_AMA001_lotus_5807.png,lotus,"[[1940, 1243], [1959, 1555], [2001, 1989], [2072, 1974], [2139, 1934], [2225, 1980], [2350, 2014], [2491, 2014], [2586, 1989], [2659, 1950], [2693, 1977], [2778, 2008], [2846, 2011], [2852, 1836], [2858, 1534], [2852, 1371], [2830, 1105], [2760, 1121], [2702, 1145], [2659, 1176], [2543, 1114], [2393, 1087], [2240, 1121], [2145, 1176], [2069, 1139], [1965, 1108], [1940, 1243]]",0.98,ASOK_AMA001.jpg,ASOK_AMA001,Andhra Pradesh,Āndhradeśa,Amarāvatī,Balustrade avec médaillons lotiformes,1 A.D. ; 2 A.D. ; 3 A.D.,Stūpa ; balustrade ; pilier,bouddhisme,The British Museum,Maronet Léa
ASOK_AMA001_lotus_5808.png,lotus,"[[1010, 1702], [1068, 1876], [1175, 2002], [1298, 2060], [1640, 2063], [1772, 1986], [1848, 1901], [1913, 1760], [1919, 1576], [1873, 1423], [1784, 1292], [1683, 1234], [1561, 1200], [1390, 1197], [1243, 1240], [1120, 1344], [1019, 1543], [1010, 1702]]",0.97,ASOK_AMA001.jpg,ASOK_AMA001,Andhra Pradesh,Āndhradeśa,Amarāvatī,Balustrade avec médaillons lotiformes,1 A.D. ; 2 A.D. ; 3 A.D.,Stūpa ; balustrade ; pilier,bouddhisme,The British Museum,Maronet Léa
ASOK_AMA001_lotus_5809.png,lotus,"[[80, 1249], [83, 1534], [156, 1843], [254, 1919], [425, 1986], [572, 1992], [716, 1959], [811, 1904], [847, 1971], [912, 1983], [982, 1983], [988, 1616], [927, 1583], [933, 1396], [939, 1206], [997, 1166], [997, 1099], [939, 1069], [826, 1099], [786, 1163], [655, 1102], [505, 1084], [370, 1118], [248, 1157], [220, 1111], [153, 1096], [83, 1093], [80, 1249]]",0.97,ASOK_AMA001.jpg,ASOK_AMA001,Andhra Pradesh,Āndhradeśa,Amarāvatī,Balustrade avec médaillons lotiformes,1 A.D. ; 2 A.D. ; 3 A.D.,Stūpa ; balustrade ; pilier,bouddhisme,The British Museum,Maronet Léa
ASOK_AMA001_lotus_5810.png,lotus,"[[67, 2405], [86, 2623], [86, 2932], [985, 2925], [982, 2353], [899, 2347], [838, 2372], [783, 2430], [603, 2363], [416, 2369], [272, 2442], [229, 2378], [141, 2369], [67, 2405]]",0.99,ASOK_AMA001.jpg,ASOK_AMA001,Andhra Pradesh,Āndhradeśa,Amarāvatī,Balustrade avec médaillons lotiformes,1 A.D. ; 2 A.D. ; 3 A.D.,Stūpa ; balustrade ; pilier,bouddhisme,The British Museum,Maronet Léa
ASOK_TEL002_lotus_5920.png,lotus,"[[1436, 1004], [1436, 1153], [1453, 1153], [1466, 1166], [1466, 1170], [1469, 1173], [1469, 1176], [1472, 1179], [1472, 1196], [1475, 1199], [1475, 1202], [1479, 1205], [1479, 1215], [1482, 1218], [1482, 1257], [1485, 1260], [1485, 1277], [1488, 1280], [1488, 1286], [1492, 1290], [1492, 1302], [1488, 1306], [1488, 1309], [1485, 1312], [1485, 1315], [1482, 1319], [1482, 1322], [1475, 1328], [1475, 1332], [1469, 1338], [1466, 1338], [1462, 1341], [1459, 1341], [1446, 1354], [1436, 1354], [1436, 1571], [1449, 1571], [1453, 1575], [1453, 1584], [1556, 1584], [1556, 1575], [1582, 1549], [1582, 1545], [1585, 1542], [1585, 1539], [1589, 1536], [1589, 1533], [1598, 1523], [1598, 1513], [1602, 1510], [1602, 1500], [1605, 1497], [1605, 1494], [1624, 1474], [1628, 1474], [1634, 1468], [1637, 1468], [1641, 1464], [1647, 1464], [1650, 1461], [1663, 1461], [1666, 1464], [1673, 1464], [1676, 1468], [1679, 1468], [1712, 1500], [1715, 1500], [1722, 1507], [1725, 1507], [1728, 1510], [1731, 1510], [1734, 1513], [1738, 1513], [1741, 1516], [1744, 1516], [1747, 1520], [1751, 1520], [1754, 1523], [1757, 1523], [1767, 1533], [1770, 1533], [1777, 1539], [1780, 1539], [1783, 1542], [1786, 1542], [1790, 1545], [1793, 1545], [1796, 1549], [1799, 1549], [1802, 1552], [1806, 1552], [1809, 1555], [1815, 1555], [1819, 1558], [1825, 1558], [1828, 1562], [1841, 1562], [1845, 1565], [1861, 1565], [1864, 1568], [1893, 1568], [1896, 1565], [1922, 1565], [1926, 1562], [1942, 1562], [1945, 1558], [1961, 1558], [1964, 1555], [1974, 1555], [1977, 1552], [1990, 1552], [1994, 1549], [2000, 1549], [2003, 1545], [2016, 1545], [2020, 1542], [2032, 1542], [2036, 1539], [2055, 1539], [2058, 1536], [2091, 1536], [2094, 1533], [2107, 1533], [2110, 1529], [2123, 1529], [2130, 1523], [2133, 1523], [2136, 1520], [2143, 1520], [2146, 1516], [2149, 1516], [2159, 1507], [2162, 1507], [2165, 1503], [2169, 1503], [2181, 1490], [2185, 1490], [2211, 1464], [2214, 1464], [2240, 1439], [2243, 1439], [2249, 1432], [2256, 1432], [2262, 1426], [2266, 1426], [2279, 1439], [2279, 1442], [2282, 1445], [2282, 1448], [2285, 1452], [2285, 1461], [2288, 1464], [2288, 1477], [2292, 1481], [2292, 1487], [2295, 1490], [2295, 1494], [2298, 1497], [2298, 1500], [2301, 1503], [2301, 1510], [2308, 1516], [2308, 1520], [2314, 1526], [2314, 1529], [2334, 1549], [2337, 1549], [2343, 1555], [2347, 1555], [2353, 1562], [2356, 1562], [2360, 1565], [2363, 1565], [2366, 1568], [2369, 1568], [2376, 1575], [2376, 1584], [2466, 1584], [2466, 1575], [2473, 1568], [2479, 1568], [2483, 1565], [2486, 1565], [2489, 1562], [2496, 1562], [2502, 1555], [2505, 1555], [2509, 1552], [2512, 1552], [2515, 1549], [2518, 1549], [2522, 1545], [2525, 1545], [2535, 1536], [2538, 1536], [2551, 1523], [2554, 1523], [2564, 1513], [2567, 1513], [2577, 1503], [2577, 1500], [2583, 1494], [2583, 1490], [2593, 1481], [2593, 1474], [2596, 1471], [2596, 1468], [2603, 1461], [2603, 1458], [2606, 1455], [2606, 1445], [2609, 1442], [2609, 1439], [2612, 1435], [2612, 1432], [2615, 1429], [2625, 1429], [2625, 1383], [2615, 1383], [2612, 1380], [2612, 1367], [2609, 1364], [2609, 1322], [2606, 1319], [2606, 1296], [2603, 1293], [2603, 1283], [2599, 1280], [2599, 1267], [2596, 1264], [2596, 1244], [2593, 1241], [2593, 1215], [2590, 1212], [2590, 1189], [2586, 1186], [2586, 1170], [2583, 1166], [2583, 1153], [2580, 1150], [2580, 1140], [2577, 1137], [2577, 1131], [2573, 1128], [2573, 1115], [2570, 1111], [2570, 1102], [2567, 1098], [2567, 1089], [2564, 1085], [2564, 1079], [2560, 1076], [2560, 1072], [2557, 1069], [2557, 1063], [2554, 1059], [2554, 1053], [2557, 1050], [2557, 1047], [2560, 1043], [2560, 1040], [2557, 1037], [2554, 1037], [2551, 1034], [2486, 1034], [2483, 1037], [2395, 1037], [2392, 1034], [2389, 1034], [2386, 1037], [2334, 1037], [2330, 1040], [2272, 1040], [2269, 1037], [2249, 1037], [2246, 1040], [2233, 1040], [2230, 1037], [2185, 1037], [2181, 1034], [2094, 1034], [2091, 1030], [2049, 1030], [2045, 1027], [1974, 1027], [1971, 1024], [1906, 1024], [1903, 1027], [1848, 1027], [1845, 1030], [1825, 1030], [1822, 1027], [1773, 1027], [1770, 1030], [1738, 1030], [1734, 1034], [1696, 1034], [1692, 1030], [1666, 1030], [1663, 1027], [1637, 1027], [1634, 1024], [1605, 1024], [1602, 1021], [1573, 1021], [1569, 1017], [1566, 1017], [1563, 1014], [1563, 1004], [1436, 1004]]",0.7,ASOK_TEL002.JPG,ASOK_TEL002,Telangana,Āndhradeśa,Dhulikatta,Médaillon et demi-médaillons lotiformes,1 B.C.,Stūpa ; panneau ; bordure,bouddhisme,Amaravati Heritage Centre and Museum,Maronet Léa
ASOK_TEL002_lotus_5921.png,lotus,"[[1359, 1792], [1359, 2673], [1372, 2673], [1375, 2676], [1378, 2676], [1385, 2683], [1388, 2683], [1394, 2689], [1394, 2699], [1501, 2699], [1501, 2689], [1511, 2679], [1517, 2679], [1521, 2676], [1524, 2676], [1537, 2663], [1540, 2663], [1540, 2660], [1537, 2657], [1537, 2654], [1534, 2650], [1534, 2637], [1530, 2634], [1530, 2631], [1527, 2628], [1527, 2618], [1530, 2615], [1530, 2611], [1534, 2608], [1534, 2586], [1530, 2582], [1527, 2582], [1524, 2579], [1505, 2579], [1501, 2582], [1488, 2582], [1485, 2579], [1469, 2579], [1466, 2576], [1462, 2576], [1459, 2573], [1459, 2566], [1456, 2563], [1456, 2550], [1453, 2547], [1453, 2534], [1456, 2530], [1456, 2524], [1459, 2521], [1459, 2514], [1466, 2508], [1459, 2501], [1459, 2498], [1456, 2495], [1456, 2485], [1453, 2482], [1456, 2479], [1456, 2469], [1459, 2466], [1459, 2459], [1469, 2449], [1475, 2449], [1482, 2456], [1482, 2462], [1485, 2466], [1485, 2472], [1488, 2475], [1488, 2482], [1479, 2492], [1479, 2495], [1475, 2498], [1475, 2514], [1479, 2517], [1479, 2521], [1482, 2524], [1485, 2524], [1488, 2527], [1492, 2527], [1495, 2530], [1498, 2530], [1501, 2534], [1501, 2537], [1505, 2540], [1505, 2543], [1508, 2547], [1524, 2547], [1524, 2543], [1527, 2540], [1527, 2534], [1537, 2524], [1540, 2524], [1543, 2521], [1556, 2521], [1560, 2517], [1569, 2517], [1573, 2521], [1592, 2521], [1595, 2524], [1598, 2524], [1602, 2527], [1608, 2527], [1615, 2534], [1618, 2534], [1621, 2537], [1621, 2540], [1624, 2543], [1628, 2543], [1637, 2553], [1644, 2553], [1650, 2560], [1654, 2560], [1657, 2563], [1657, 2566], [1666, 2576], [1670, 2576], [1683, 2589], [1686, 2589], [1689, 2592], [1689, 2595], [1692, 2595], [1699, 2602], [1702, 2602], [1709, 2608], [1712, 2608], [1722, 2618], [1725, 2618], [1728, 2621], [1731, 2621], [1734, 2624], [1738, 2624], [1744, 2631], [1747, 2631], [1751, 2634], [1754, 2634], [1757, 2637], [1760, 2637], [1764, 2641], [1767, 2641], [1770, 2644], [1780, 2644], [1783, 2647], [1790, 2647], [1793, 2650], [1802, 2650], [1806, 2654], [1812, 2654], [1815, 2657], [1825, 2657], [1828, 2660], [1845, 2660], [1848, 2663], [1867, 2663], [1871, 2667], [1900, 2667], [1903, 2663], [1909, 2663], [1913, 2660], [1942, 2660], [1945, 2657], [1964, 2657], [1968, 2654], [1971, 2654], [1974, 2650], [2010, 2650], [2013, 2654], [2020, 2654], [2023, 2650], [2049, 2650], [2052, 2647], [2068, 2647], [2071, 2644], [2075, 2644], [2078, 2641], [2081, 2641], [2084, 2637], [2091, 2637], [2094, 2634], [2097, 2634], [2104, 2628], [2113, 2628], [2117, 2624], [2123, 2624], [2126, 2621], [2130, 2621], [2133, 2618], [2146, 2618], [2149, 2615], [2152, 2615], [2156, 2611], [2162, 2611], [2165, 2608], [2169, 2608], [2172, 2605], [2175, 2605], [2178, 2602], [2181, 2602], [2188, 2595], [2191, 2595], [2198, 2589], [2201, 2589], [2207, 2582], [2211, 2582], [2214, 2579], [2217, 2579], [2220, 2576], [2227, 2576], [2230, 2573], [2237, 2573], [2240, 2569], [2256, 2569], [2259, 2573], [2262, 2573], [2279, 2589], [2279, 2592], [2282, 2595], [2282, 2598], [2285, 2602], [2285, 2605], [2288, 2608], [2288, 2611], [2292, 2615], [2292, 2618], [2298, 2624], [2301, 2624], [2327, 2650], [2330, 2650], [2340, 2660], [2340, 2663], [2356, 2679], [2360, 2679], [2366, 2686], [2366, 2699], [2486, 2699], [2486, 2689], [2492, 2683], [2496, 2683], [2502, 2676], [2505, 2676], [2509, 2673], [2512, 2673], [2525, 2660], [2528, 2660], [2531, 2657], [2535, 2657], [2538, 2654], [2538, 2650], [2541, 2647], [2541, 2644], [2544, 2641], [2544, 2637], [2551, 2631], [2560, 2631], [2560, 2514], [2551, 2514], [2547, 2511], [2547, 2440], [2551, 2436], [2560, 2436], [2560, 2378], [2551, 2378], [2547, 2375], [2547, 2346], [2551, 2343], [2560, 2343], [2560, 1857], [2551, 1857], [2544, 1850], [2544, 1844], [2541, 1840], [2541, 1831], [2538, 1827], [2535, 1827], [2531, 1824], [2525, 1824], [2522, 1821], [2518, 1821], [2515, 1818], [2515, 1811], [2512, 1808], [2512, 1805], [2509, 1805], [2505, 1801], [2502, 1801], [2499, 1798], [2496, 1798], [2492, 1795], [2486, 1795], [2483, 1792], [2454, 1792], [2450, 1788], [2411, 1788], [2408, 1792], [2395, 1792], [2392, 1795], [2386, 1795], [2382, 1798], [2376, 1798], [2373, 1801], [2366, 1801], [2356, 1811], [2353, 1811], [2350, 1814], [2347, 1814], [2343, 1818], [2340, 1818], [2337, 1821], [2337, 1827], [2334, 1831], [2334, 1844], [2327, 1850], [2324, 1850], [2321, 1853], [2317, 1853], [2311, 1860], [2308, 1860], [2275, 1892], [2262, 1892], [2259, 1889], [2253, 1889], [2249, 1886], [2246, 1886], [2243, 1882], [2240, 1882], [2237, 1879], [2233, 1879], [2227, 1873], [2224, 1873], [2217, 1866], [2214, 1866], [2204, 1857], [2201, 1857], [2198, 1853], [2194, 1853], [2191, 1850], [2188, 1850], [2185, 1847], [2181, 1847], [2178, 1844], [2175, 1844], [2172, 1840], [2169, 1840], [2165, 1837], [2162, 1837], [2159, 1834], [2156, 1834], [2152, 1831], [2146, 1831], [2143, 1827], [2136, 1827], [2133, 1824], [2123, 1824], [2120, 1821], [2113, 1821], [2110, 1818], [2107, 1818], [2104, 1814], [2097, 1814], [2094, 1811], [2084, 1811], [2081, 1808], [2071, 1808], [2068, 1805], [2062, 1805], [2058, 1801], [2052, 1801], [2049, 1798], [2036, 1798], [2032, 1795], [2016, 1795], [2013, 1792], [1922, 1792], [1919, 1795], [1893, 1795], [1890, 1798], [1864, 1798], [1861, 1801], [1845, 1801], [1841, 1805], [1835, 1805], [1832, 1808], [1822, 1808], [1819, 1811], [1809, 1811], [1806, 1814], [1799, 1814], [1796, 1818], [1793, 1818], [1790, 1821], [1783, 1821], [1780, 1824], [1770, 1824], [1767, 1827], [1764, 1827], [1760, 1831], [1757, 1831], [1754, 1834], [1751, 1834], [1747, 1837], [1744, 1837], [1741, 1840], [1738, 1840], [1734, 1844], [1731, 1844], [1728, 1847], [1725, 1847], [1722, 1850], [1718, 1850], [1709, 1860], [1705, 1860], [1699, 1866], [1696, 1866], [1689, 1873], [1686, 1873], [1679, 1879], [1673, 1879], [1670, 1882], [1650, 1882], [1647, 1879], [1644, 1879], [1634, 1869], [1634, 1866], [1631, 1863], [1631, 1860], [1615, 1844], [1615, 1840], [1595, 1821], [1592, 1821], [1579, 1808], [1576, 1808], [1569, 1801], [1566, 1801], [1563, 1798], [1560, 1798], [1556, 1795], [1553, 1795], [1550, 1792], [1543, 1792], [1540, 1788], [1534, 1788], [1530, 1785], [1524, 1785], [1517, 1779], [1517, 1769], [1417, 1769], [1417, 1779], [1414, 1782], [1411, 1782], [1407, 1785], [1398, 1785], [1394, 1788], [1388, 1788], [1385, 1792], [1359, 1792]]",0.91,ASOK_TEL002.JPG,ASOK_TEL002,Telangana,Āndhradeśa,Dhulikatta,Médaillon et demi-médaillons lotiformes,1 B.C.,Stūpa ; panneau ; bordure,bouddhisme,Amaravati Heritage Centre and Museum,Maronet Léa
ASOK_CHAN003_lotus_5949.png,lotus,"[[1002, 1294], [1002, 1311], [1009, 1318], [1009, 1321], [1012, 1325], [1012, 1335], [1019, 1342], [1026, 1342], [1029, 1345], [1036, 1345], [1043, 1352], [1043, 1362], [1057, 1362], [1064, 1369], [1064, 1376], [1067, 1380], [1067, 1386], [1070, 1390], [1070, 1400], [1067, 1403], [1067, 1421], [1064, 1424], [1064, 1468], [1060, 1472], [1060, 1479], [1057, 1482], [1057, 1537], [1053, 1540], [1053, 1622], [1057, 1626], [1053, 1629], [1053, 1643], [1050, 1646], [1050, 1667], [1047, 1670], [1047, 1674], [1043, 1677], [1043, 1691], [1047, 1694], [1043, 1697], [1043, 1708], [1047, 1711], [1047, 1732], [1050, 1735], [1050, 1745], [1053, 1749], [1053, 1766], [1057, 1769], [1057, 1786], [1060, 1790], [1060, 1800], [1057, 1803], [1057, 1865], [1053, 1868], [1053, 1913], [1050, 1916], [1050, 1978], [1053, 1981], [1053, 2022], [1050, 2026], [1050, 2029], [1047, 2033], [1047, 2036], [1043, 2039], [1043, 2050], [1036, 2056], [1036, 2060], [1033, 2063], [1036, 2067], [1036, 2077], [1029, 2084], [1026, 2084], [1019, 2091], [1019, 2094], [1016, 2098], [1016, 2111], [1012, 2115], [1012, 2118], [1016, 2121], [1016, 2128], [1019, 2132], [1023, 2132], [1026, 2135], [1029, 2135], [1036, 2142], [1036, 2149], [1040, 2152], [1040, 2183], [1043, 2186], [1043, 2190], [1047, 2193], [1047, 2197], [1053, 2204], [1053, 2207], [1057, 2210], [1057, 2214], [1053, 2217], [1053, 2221], [1050, 2224], [1050, 2227], [1047, 2231], [1047, 2241], [1043, 2245], [1043, 2248], [1040, 2251], [1040, 2262], [1043, 2265], [1043, 2268], [1050, 2275], [1053, 2275], [1067, 2289], [1070, 2289], [1074, 2292], [1074, 2296], [1077, 2299], [1077, 2316], [1081, 2320], [1081, 2323], [1077, 2327], [1077, 2337], [1084, 2344], [1084, 2347], [1088, 2347], [1098, 2357], [1105, 2357], [1112, 2351], [1118, 2351], [1122, 2354], [1125, 2354], [1159, 2388], [1159, 2395], [1163, 2398], [1163, 2402], [1166, 2405], [1166, 2412], [1170, 2415], [1170, 2419], [1173, 2422], [1173, 2450], [1176, 2453], [1176, 2474], [1180, 2477], [1180, 2539], [1183, 2542], [1183, 2549], [1187, 2552], [1187, 2566], [1190, 2569], [1190, 2576], [1187, 2580], [1190, 2583], [1190, 2586], [1194, 2590], [1194, 2593], [1207, 2607], [1207, 2610], [1211, 2614], [1221, 2614], [1231, 2624], [1235, 2624], [1238, 2627], [1252, 2627], [1255, 2631], [1262, 2631], [1265, 2634], [1279, 2634], [1282, 2638], [1289, 2638], [1303, 2651], [1306, 2651], [1310, 2655], [1313, 2655], [1317, 2658], [1320, 2658], [1334, 2672], [1337, 2672], [1341, 2675], [1344, 2675], [1347, 2679], [1358, 2679], [1361, 2682], [1365, 2682], [1368, 2686], [1371, 2686], [1402, 2716], [1406, 2716], [1440, 2751], [1440, 2754], [1447, 2761], [1447, 2764], [1450, 2768], [1450, 2771], [1457, 2778], [1457, 2781], [1460, 2785], [1460, 2788], [1464, 2792], [1464, 2798], [1474, 2809], [1477, 2809], [1484, 2815], [1488, 2815], [1495, 2822], [1498, 2822], [1501, 2826], [1505, 2826], [1508, 2829], [1512, 2829], [1515, 2833], [1518, 2833], [1525, 2839], [1529, 2839], [1563, 2874], [1563, 2877], [1570, 2884], [1570, 2887], [1580, 2898], [1580, 2901], [1583, 2904], [1583, 2908], [1604, 2928], [1604, 2932], [1621, 2949], [1624, 2949], [1631, 2956], [1635, 2956], [1642, 2963], [1659, 2963], [1662, 2966], [1669, 2966], [1672, 2969], [1676, 2969], [1689, 2983], [1696, 2983], [1700, 2986], [1703, 2986], [1707, 2990], [1710, 2990], [1717, 2997], [1720, 2997], [1727, 3004], [1731, 3004], [1737, 3010], [1741, 3010], [1744, 3014], [1751, 3014], [1761, 3024], [1761, 3027], [1765, 3031], [1765, 3034], [1772, 3041], [1775, 3041], [1782, 3048], [1785, 3048], [1789, 3051], [1799, 3051], [1802, 3055], [1809, 3055], [1813, 3058], [1819, 3058], [1823, 3062], [1833, 3062], [1837, 3065], [1874, 3065], [1878, 3068], [1902, 3068], [1905, 3072], [1919, 3072], [1922, 3068], [1929, 3068], [1932, 3065], [1946, 3065], [1953, 3072], [1953, 3075], [1956, 3079], [1956, 3086], [1960, 3089], [1960, 3092], [1973, 3106], [1973, 3110], [1977, 3110], [1980, 3106], [1980, 3103], [1987, 3096], [1994, 3096], [1997, 3092], [2004, 3092], [2011, 3099], [2011, 3137], [2014, 3140], [2014, 3157], [2018, 3161], [2018, 3164], [2021, 3168], [2021, 3171], [2025, 3174], [2025, 3178], [2028, 3181], [2045, 3181], [2049, 3185], [2052, 3185], [2062, 3195], [2062, 3202], [2066, 3205], [2066, 3209], [2086, 3229], [2086, 3233], [2100, 3246], [2107, 3246], [2110, 3250], [2114, 3250], [2117, 3246], [2120, 3246], [2124, 3243], [2127, 3243], [2131, 3246], [2138, 3246], [2141, 3250], [2144, 3250], [2148, 3253], [2155, 3253], [2161, 3260], [2165, 3260], [2172, 3267], [2175, 3267], [2179, 3270], [2185, 3270], [2189, 3274], [2192, 3274], [2196, 3277], [2199, 3277], [2202, 3280], [2206, 3280], [2209, 3284], [2220, 3284], [2223, 3287], [2230, 3287], [2233, 3291], [2237, 3291], [2240, 3294], [2240, 3304], [3020, 3304], [3020, 3294], [3027, 3287], [3034, 3287], [3037, 3284], [3047, 3284], [3051, 3280], [3057, 3280], [3061, 3277], [3071, 3277], [3075, 3274], [3081, 3274], [3085, 3270], [3095, 3270], [3099, 3267], [3102, 3267], [3105, 3263], [3112, 3263], [3116, 3260], [3126, 3260], [3129, 3257], [3136, 3257], [3140, 3253], [3143, 3253], [3146, 3250], [3153, 3250], [3157, 3246], [3160, 3246], [3164, 3243], [3174, 3243], [3177, 3239], [3181, 3239], [3184, 3236], [3187, 3236], [3191, 3233], [3198, 3233], [3201, 3229], [3205, 3229], [3208, 3226], [3211, 3226], [3218, 3219], [3225, 3219], [3228, 3216], [3235, 3216], [3239, 3212], [3242, 3212], [3246, 3209], [3252, 3209], [3256, 3205], [3263, 3205], [3266, 3202], [3270, 3202], [3273, 3198], [3280, 3198], [3283, 3195], [3290, 3195], [3293, 3192], [3297, 3192], [3300, 3188], [3304, 3188], [3307, 3185], [3314, 3185], [3317, 3181], [3324, 3181], [3328, 3178], [3348, 3178], [3352, 3174], [3372, 3174], [3376, 3171], [3382, 3171], [3386, 3168], [3399, 3168], [3403, 3164], [3406, 3164], [3413, 3157], [3417, 3157], [3420, 3154], [3427, 3154], [3430, 3151], [3434, 3151], [3441, 3144], [3444, 3144], [3447, 3140], [3451, 3140], [3478, 3113], [3482, 3113], [3495, 3099], [3499, 3099], [3502, 3096], [3509, 3096], [3516, 3089], [3519, 3089], [3526, 3082], [3529, 3082], [3533, 3079], [3536, 3079], [3547, 3068], [3550, 3068], [3553, 3065], [3560, 3065], [3564, 3062], [3574, 3062], [3577, 3058], [3591, 3058], [3594, 3055], [3601, 3055], [3605, 3051], [3608, 3051], [3612, 3048], [3615, 3048], [3639, 3024], [3639, 3021], [3646, 3014], [3646, 3010], [3653, 3004], [3653, 3000], [3659, 2993], [3663, 2993], [3683, 2973], [3683, 2969], [3690, 2963], [3694, 2963], [3707, 2949], [3711, 2949], [3728, 2932], [3731, 2932], [3745, 2918], [3745, 2915], [3796, 2863], [3796, 2860], [3844, 2812], [3844, 2809], [3861, 2792], [3861, 2788], [3868, 2781], [3868, 2778], [3871, 2774], [3871, 2771], [3878, 2764], [3878, 2761], [3889, 2751], [3889, 2747], [3892, 2744], [3892, 2733], [3895, 2730], [3895, 2727], [3899, 2723], [3899, 2720], [3902, 2716], [3902, 2713], [3906, 2710], [3906, 2706], [3912, 2699], [3912, 2696], [3919, 2689], [3919, 2686], [3933, 2672], [3933, 2668], [3943, 2658], [3943, 2655], [3950, 2648], [3950, 2645], [3957, 2638], [3957, 2634], [3967, 2624], [3967, 2621], [3974, 2614], [3974, 2610], [3991, 2593], [3991, 2590], [3995, 2586], [3995, 2583], [4005, 2573], [4005, 2569], [4008, 2566], [4008, 2562], [4012, 2559], [4012, 2552], [4015, 2549], [4015, 2542], [4018, 2539], [4018, 2532], [4022, 2528], [4022, 2525], [4025, 2521], [4025, 2518], [4032, 2511], [4032, 2508], [4036, 2504], [4036, 2498], [4039, 2494], [4039, 2491], [4042, 2487], [4042, 2484], [4046, 2480], [4046, 2474], [4053, 2467], [4053, 2463], [4060, 2457], [4060, 2453], [4063, 2450], [4063, 2446], [4066, 2443], [4066, 2439], [4070, 2436], [4070, 2433], [4073, 2429], [4073, 2426], [4077, 2422], [4077, 2419], [4080, 2415], [4080, 2412], [4087, 2405], [4087, 2402], [4090, 2398], [4090, 2395], [4094, 2392], [4094, 2388], [4097, 2385], [4097, 2381], [4101, 2378], [4101, 2371], [4104, 2368], [4104, 2364], [4107, 2361], [4107, 2354], [4114, 2347], [4114, 2340], [4118, 2337], [4118, 2333], [4121, 2330], [4121, 2323], [4125, 2320], [4125, 2309], [4128, 2306], [4128, 2303], [4131, 2299], [4131, 2289], [4135, 2286], [4135, 2279], [4138, 2275], [4138, 2272], [4142, 2268], [4142, 2258], [4145, 2255], [4145, 2248], [4148, 2245], [4148, 2241], [4152, 2238], [4152, 2234], [4155, 2231], [4155, 2224], [4162, 2217], [4162, 2214], [4166, 2210], [4166, 2204], [4169, 2200], [4169, 2193], [4172, 2190], [4172, 2183], [4176, 2180], [4176, 2173], [4183, 2166], [4183, 2162], [4190, 2156], [4190, 2145], [4193, 2142], [4193, 2135], [4196, 2132], [4196, 2118], [4200, 2115], [4200, 2084], [4203, 2080], [4203, 2050], [4207, 2046], [4217, 2046], [4217, 1431], [4207, 1431], [4203, 1427], [4203, 1424], [4200, 1421], [4200, 1407], [4196, 1403], [4196, 1386], [4193, 1383], [4193, 1376], [4190, 1373], [4190, 1366], [4186, 1362], [4186, 1356], [4183, 1352], [4183, 1339], [4179, 1335], [4179, 1325], [4176, 1321], [4176, 1301], [4172, 1297], [4172, 1291], [4169, 1287], [4169, 1280], [4166, 1277], [4166, 1270], [4162, 1267], [4162, 1263], [4159, 1260], [4159, 1253], [4155, 1250], [4155, 1243], [4152, 1239], [4152, 1229], [4148, 1226], [4148, 1219], [4145, 1215], [4145, 1209], [4142, 1205], [4142, 1198], [4138, 1195], [4138, 1191], [4135, 1188], [4135, 1181], [4131, 1178], [4131, 1174], [4128, 1171], [4128, 1168], [4125, 1164], [4125, 1161], [4121, 1157], [4121, 1150], [4118, 1147], [4118, 1144], [4114, 1140], [4114, 1137], [4111, 1133], [4111, 1127], [4107, 1123], [4107, 1120], [4104, 1116], [4104, 1113], [4101, 1109], [4101, 1106], [4097, 1103], [4097, 1096], [4094, 1092], [4094, 1086], [4090, 1082], [4090, 1068], [4087, 1065], [4087, 1058], [4083, 1055], [4083, 1048], [4080, 1044], [4080, 1034], [4077, 1031], [4077, 1024], [4049, 997], [4049, 993], [4046, 990], [4046, 986], [4039, 980], [4039, 976], [4036, 973], [4036, 962], [4046, 952], [4042, 949], [4042, 945], [4039, 942], [4053, 928], [4056, 928], [4056, 911], [4077, 891], [4080, 891], [4087, 884], [4087, 880], [4094, 874], [4104, 874], [4121, 891], [4125, 891], [4128, 894], [4162, 894], [4169, 887], [4169, 860], [4166, 856], [4166, 850], [4162, 846], [4162, 839], [4166, 836], [4166, 826], [4162, 822], [4162, 819], [4152, 819], [4148, 815], [4148, 812], [4145, 809], [4145, 805], [4142, 802], [4142, 798], [4138, 795], [4138, 785], [4142, 781], [4142, 774], [4145, 771], [4145, 757], [4142, 754], [4142, 750], [4138, 747], [4118, 747], [4114, 744], [4104, 744], [4101, 747], [4094, 747], [4087, 740], [4087, 733], [4083, 730], [4083, 716], [4087, 713], [4087, 665], [4083, 665], [4080, 662], [4070, 662], [4066, 658], [4066, 655], [4063, 651], [4063, 638], [4060, 634], [4060, 631], [4056, 627], [4056, 614], [4049, 607], [4042, 607], [4032, 597], [4032, 586], [4029, 583], [4029, 580], [4025, 576], [4018, 576], [4008, 566], [4008, 559], [4005, 559], [4001, 556], [3998, 559], [3995, 559], [3988, 566], [3984, 562], [3984, 556], [3977, 549], [3977, 545], [3974, 542], [3974, 538], [3971, 535], [3971, 525], [3967, 521], [3967, 504], [3971, 501], [3974, 501], [3977, 497], [3981, 497], [3984, 494], [3988, 494], [3991, 497], [3995, 497], [3998, 501], [4001, 501], [4001, 487], [3998, 484], [3998, 480], [3984, 480], [3977, 474], [3964, 474], [3960, 470], [3926, 470], [3923, 467], [3919, 467], [3916, 463], [3912, 463], [3909, 460], [3919, 450], [3912, 443], [3906, 443], [3902, 439], [3902, 415], [3899, 412], [3899, 395], [3906, 388], [3971, 388], [3974, 391], [3974, 409], [3977, 412], [3981, 412], [3984, 415], [3998, 415], [4001, 412], [4001, 409], [4005, 405], [4001, 402], [4001, 374], [3998, 371], [3998, 350], [3981, 333], [3977, 333], [3971, 327], [3967, 327], [3960, 320], [3957, 320], [3954, 316], [3950, 316], [3947, 313], [3940, 313], [3936, 309], [3930, 309], [3926, 306], [3923, 306], [3919, 303], [3916, 303], [3912, 299], [3906, 299], [3902, 296], [3892, 296], [3889, 292], [3875, 292], [3871, 289], [3854, 289], [3851, 285], [3844, 285], [3841, 282], [3830, 282], [3827, 279], [3817, 279], [3813, 275], [3759, 275], [3755, 272], [3745, 272], [3741, 268], [3735, 268], [3731, 272], [3721, 272], [3718, 275], [3711, 275], [3707, 272], [3697, 272], [3694, 268], [3687, 268], [3683, 265], [3676, 265], [3673, 262], [3642, 262], [3639, 258], [3632, 258], [3618, 244], [3618, 238], [3622, 234], [3622, 221], [3618, 217], [3618, 214], [3615, 210], [3615, 207], [3612, 203], [3612, 200], [3618, 193], [3618, 190], [3632, 176], [3632, 162], [3512, 162], [3512, 173], [3516, 176], [3516, 179], [3523, 186], [3526, 186], [3529, 183], [3536, 183], [3540, 186], [3553, 186], [3560, 179], [3564, 179], [3584, 200], [3584, 203], [3570, 217], [3567, 217], [3564, 221], [3560, 221], [3557, 217], [3502, 217], [3495, 210], [3488, 210], [3485, 214], [3475, 214], [3471, 217], [3464, 217], [3461, 221], [3458, 221], [3451, 227], [3444, 227], [3441, 231], [3441, 241], [3427, 255], [3423, 255], [3420, 258], [3413, 258], [3410, 262], [3399, 262], [3396, 265], [3376, 265], [3372, 268], [3311, 268], [3307, 272], [3300, 272], [3297, 275], [3293, 275], [3293, 279], [3290, 282], [3280, 282], [3270, 272], [3266, 272], [3263, 268], [3249, 268], [3246, 265], [3235, 265], [3232, 262], [3211, 262], [3208, 258], [3191, 258], [3187, 255], [3160, 255], [3157, 251], [3150, 251], [3146, 248], [3136, 248], [3133, 244], [3109, 244], [3105, 241], [3099, 241], [3085, 227], [3081, 227], [3075, 221], [3071, 221], [3068, 217], [3064, 221], [3054, 221], [3051, 224], [3020, 224], [3016, 221], [3003, 221], [2999, 217], [2996, 217], [2989, 210], [2982, 210], [2979, 207], [2969, 207], [2965, 203], [2958, 203], [2955, 200], [2955, 193], [2951, 190], [2958, 183], [2969, 183], [2972, 186], [2979, 186], [2982, 183], [2992, 183], [2996, 179], [2999, 179], [3003, 176], [3010, 176], [3013, 173], [3016, 173], [3020, 176], [3027, 176], [3030, 179], [3037, 179], [3047, 190], [3051, 190], [3054, 193], [3071, 193], [3075, 190], [3078, 190], [3081, 186], [3081, 183], [3088, 176], [3088, 162], [2291, 162], [2291, 183], [2295, 186], [2278, 203], [2267, 203], [2264, 207], [2261, 207], [2257, 203], [2254, 203], [2240, 190], [2240, 186], [2244, 183], [2244, 162], [2202, 162], [2202, 193], [2199, 197], [2192, 197], [2185, 190], [2185, 183], [2189, 179], [2189, 162], [2172, 162], [2172, 179], [2175, 183], [2175, 190], [2172, 193], [2172, 197], [2165, 203], [2165, 214], [2161, 217], [2158, 217], [2155, 221], [2151, 221], [2148, 224], [2144, 224], [2141, 227], [2138, 227], [2134, 231], [2131, 231], [2127, 234], [2117, 234], [2114, 231], [2110, 231], [2107, 234], [2103, 234], [2100, 238], [2096, 238], [2093, 241], [2090, 241], [2086, 244], [2086, 258], [2073, 272], [2069, 272], [2066, 275], [2059, 275], [2055, 279], [2042, 279], [2038, 282], [2031, 282], [2028, 285], [2021, 285], [2018, 289], [2011, 289], [2008, 292], [2004, 292], [2001, 296], [1997, 296], [1994, 299], [1973, 299], [1970, 296], [1966, 296], [1960, 289], [1960, 285], [1956, 282], [1953, 282], [1949, 279], [1946, 279], [1939, 272], [1936, 272], [1932, 268], [1929, 268], [1925, 265], [1922, 265], [1919, 262], [1912, 262], [1908, 258], [1905, 258], [1902, 255], [1898, 255], [1895, 251], [1881, 251], [1878, 248], [1874, 248], [1871, 244], [1847, 244], [1843, 241], [1813, 241], [1809, 244], [1796, 244], [1792, 248], [1789, 248], [1785, 251], [1778, 251], [1775, 255], [1768, 255], [1758, 265], [1754, 265], [1751, 268], [1748, 268], [1748, 272], [1754, 272], [1768, 285], [1768, 292], [1772, 296], [1782, 296], [1792, 306], [1792, 309], [1799, 316], [1799, 320], [1802, 320], [1806, 323], [1809, 323], [1823, 337], [1823, 344], [1819, 347], [1819, 374], [1816, 378], [1816, 391], [1813, 395], [1813, 398], [1778, 432], [1775, 432], [1754, 453], [1751, 453], [1731, 474], [1727, 474], [1724, 477], [1720, 477], [1717, 480], [1713, 480], [1693, 501], [1689, 501], [1679, 511], [1676, 511], [1652, 535], [1648, 535], [1642, 542], [1638, 542], [1631, 549], [1628, 549], [1618, 559], [1614, 559], [1607, 566], [1597, 566], [1594, 562], [1590, 562], [1587, 566], [1583, 566], [1580, 569], [1563, 569], [1563, 573], [1556, 580], [1556, 583], [1549, 590], [1549, 593], [1542, 600], [1542, 603], [1539, 607], [1539, 610], [1529, 621], [1525, 621], [1515, 631], [1515, 638], [1505, 648], [1505, 651], [1498, 658], [1498, 662], [1484, 675], [1484, 679], [1481, 682], [1477, 682], [1471, 689], [1467, 689], [1450, 706], [1450, 709], [1433, 727], [1433, 730], [1426, 737], [1423, 737], [1409, 750], [1409, 754], [1406, 757], [1406, 761], [1399, 768], [1395, 768], [1385, 778], [1385, 781], [1382, 785], [1382, 788], [1371, 798], [1365, 798], [1354, 809], [1354, 812], [1351, 815], [1351, 819], [1347, 822], [1347, 826], [1334, 839], [1334, 843], [1324, 853], [1324, 856], [1317, 863], [1313, 863], [1306, 870], [1303, 870], [1300, 874], [1300, 877], [1296, 880], [1296, 887], [1293, 891], [1293, 894], [1286, 901], [1286, 911], [1279, 918], [1279, 921], [1272, 928], [1272, 932], [1269, 935], [1269, 938], [1265, 942], [1265, 945], [1248, 962], [1248, 966], [1245, 969], [1245, 973], [1241, 976], [1241, 980], [1235, 986], [1231, 986], [1228, 990], [1224, 990], [1221, 993], [1214, 993], [1211, 997], [1207, 997], [1204, 1000], [1197, 1000], [1190, 1007], [1183, 1007], [1183, 1024], [1166, 1041], [1159, 1041], [1156, 1038], [1146, 1048], [1146, 1051], [1142, 1055], [1142, 1058], [1139, 1062], [1139, 1079], [1135, 1082], [1135, 1086], [1132, 1089], [1132, 1096], [1135, 1099], [1135, 1109], [1129, 1116], [1129, 1120], [1135, 1120], [1142, 1127], [1142, 1130], [1146, 1133], [1146, 1147], [1142, 1150], [1142, 1171], [1129, 1185], [1129, 1188], [1125, 1191], [1125, 1198], [1115, 1209], [1112, 1209], [1105, 1215], [1105, 1219], [1108, 1222], [1108, 1226], [1098, 1236], [1094, 1236], [1091, 1233], [1070, 1233], [1067, 1236], [1067, 1239], [1064, 1243], [1064, 1253], [1057, 1260], [1053, 1260], [1050, 1263], [1040, 1263], [1036, 1267], [1029, 1267], [1026, 1263], [1016, 1263], [1012, 1267], [1009, 1267], [1009, 1284], [1005, 1287], [1005, 1291], [1002, 1294]]",0.86,ASOK_CHAN003.JPG,ASOK_CHAN003,Andhra Pradesh,Āndhradeśa,Chandavaram,Montant de balustrade avec médaillon lotiforme,1 A.D. ; 2 A.D.,Stūpa ; panneau,bouddhisme,Telangana State Archaeology Museum,Maronet Léa
ASOK_BHA157_lotus_6338.png,lotus,"[[1140, 1699], [1140, 1709], [1144, 1712], [1144, 1715], [1147, 1718], [1147, 1731], [1150, 1734], [1150, 1741], [1153, 1744], [1153, 1760], [1157, 1764], [1157, 1770], [1160, 1773], [1160, 1777], [1166, 1783], [1170, 1783], [1173, 1786], [1176, 1783], [1189, 1783], [1192, 1780], [1196, 1780], [1199, 1777], [1199, 1741], [1202, 1738], [1202, 1734], [1209, 1728], [1212, 1728], [1218, 1734], [1218, 1738], [1225, 1744], [1225, 1764], [1221, 1767], [1221, 1786], [1225, 1790], [1228, 1790], [1231, 1786], [1238, 1786], [1244, 1793], [1247, 1793], [1254, 1799], [1254, 1802], [1257, 1806], [1257, 1812], [1260, 1815], [1260, 1819], [1264, 1822], [1264, 1825], [1267, 1828], [1267, 1864], [1264, 1867], [1264, 1877], [1260, 1880], [1260, 1883], [1257, 1887], [1257, 1916], [1260, 1919], [1260, 1926], [1264, 1929], [1264, 1939], [1273, 1948], [1277, 1948], [1283, 1955], [1283, 1958], [1286, 1961], [1286, 1971], [1290, 1974], [1290, 1981], [1286, 1984], [1286, 1987], [1280, 1994], [1280, 1997], [1273, 2003], [1273, 2007], [1270, 2010], [1270, 2020], [1264, 2026], [1260, 2026], [1257, 2023], [1254, 2023], [1251, 2020], [1247, 2020], [1234, 2007], [1234, 2003], [1231, 2003], [1225, 1997], [1221, 1997], [1218, 2000], [1212, 2000], [1209, 2003], [1199, 2003], [1196, 2000], [1173, 2000], [1170, 2003], [1170, 2016], [1166, 2020], [1166, 2039], [1163, 2042], [1166, 2045], [1166, 2081], [1170, 2084], [1170, 2107], [1173, 2110], [1173, 2130], [1176, 2133], [1176, 2152], [1179, 2156], [1179, 2172], [1183, 2175], [1183, 2181], [1186, 2185], [1186, 2194], [1189, 2198], [1189, 2201], [1192, 2204], [1192, 2207], [1196, 2211], [1196, 2217], [1199, 2220], [1199, 2230], [1202, 2233], [1202, 2249], [1205, 2253], [1205, 2259], [1209, 2262], [1209, 2272], [1212, 2275], [1212, 2282], [1215, 2285], [1215, 2288], [1218, 2292], [1218, 2301], [1221, 2305], [1221, 2308], [1225, 2311], [1225, 2314], [1228, 2317], [1228, 2330], [1231, 2334], [1231, 2340], [1234, 2343], [1234, 2350], [1238, 2353], [1238, 2356], [1241, 2360], [1241, 2363], [1251, 2373], [1251, 2379], [1254, 2382], [1254, 2386], [1257, 2389], [1257, 2395], [1260, 2398], [1260, 2405], [1264, 2408], [1264, 2411], [1270, 2418], [1270, 2424], [1273, 2428], [1273, 2431], [1280, 2437], [1280, 2444], [1283, 2447], [1283, 2457], [1286, 2460], [1286, 2463], [1296, 2473], [1296, 2476], [1299, 2479], [1299, 2483], [1302, 2486], [1302, 2489], [1306, 2492], [1306, 2499], [1309, 2502], [1309, 2512], [1312, 2515], [1312, 2518], [1315, 2522], [1315, 2525], [1319, 2528], [1319, 2531], [1322, 2535], [1322, 2538], [1328, 2544], [1328, 2547], [1332, 2551], [1332, 2557], [1335, 2560], [1335, 2564], [1338, 2567], [1338, 2570], [1345, 2577], [1345, 2583], [1348, 2586], [1348, 2590], [1354, 2596], [1354, 2599], [1358, 2603], [1358, 2609], [1361, 2612], [1361, 2619], [1367, 2625], [1367, 2628], [1371, 2632], [1371, 2635], [1374, 2638], [1374, 2641], [1380, 2648], [1380, 2651], [1383, 2654], [1383, 2658], [1387, 2661], [1387, 2664], [1390, 2667], [1390, 2671], [1393, 2671], [1422, 2700], [1426, 2700], [1435, 2709], [1435, 2713], [1439, 2716], [1442, 2716], [1445, 2719], [1448, 2719], [1452, 2722], [1455, 2722], [1468, 2735], [1468, 2739], [1477, 2748], [1481, 2748], [1487, 2755], [1487, 2758], [1490, 2761], [1490, 2764], [1494, 2768], [1494, 2771], [1507, 2784], [1507, 2787], [1510, 2790], [1510, 2794], [1513, 2797], [1513, 2800], [1520, 2807], [1520, 2810], [1523, 2813], [1523, 2816], [1542, 2836], [1542, 2839], [1549, 2845], [1549, 2849], [1552, 2849], [1558, 2855], [1562, 2855], [1568, 2862], [1568, 2865], [1571, 2868], [1571, 2871], [1581, 2881], [1584, 2881], [1591, 2888], [1591, 2891], [1594, 2894], [1594, 2901], [1597, 2904], [1597, 2907], [1601, 2910], [1601, 2913], [1620, 2933], [1623, 2933], [1649, 2959], [1649, 2962], [1656, 2969], [1659, 2969], [1675, 2985], [1675, 2988], [1678, 2988], [1685, 2994], [1688, 2994], [1691, 2998], [1698, 2998], [1701, 3001], [1711, 3001], [1714, 3004], [1724, 3004], [1727, 3007], [1743, 3007], [1746, 3011], [1782, 3011], [1785, 3014], [1788, 3014], [1792, 3017], [1795, 3017], [1798, 3020], [1808, 3020], [1811, 3024], [1818, 3024], [1834, 3040], [1837, 3040], [1840, 3043], [1844, 3043], [1850, 3050], [1853, 3050], [1857, 3053], [1857, 3069], [1860, 3072], [1860, 3075], [1876, 3092], [1876, 3095], [1879, 3098], [1879, 3101], [1889, 3111], [1892, 3111], [1905, 3124], [1905, 3134], [1908, 3137], [1908, 3143], [1912, 3143], [1915, 3147], [1921, 3147], [1925, 3150], [1928, 3150], [1931, 3153], [1938, 3153], [1941, 3156], [1954, 3156], [1957, 3160], [1970, 3160], [1973, 3163], [1983, 3163], [1986, 3166], [1993, 3166], [1996, 3169], [1999, 3169], [2002, 3173], [2006, 3173], [2009, 3176], [2015, 3176], [2019, 3179], [2025, 3179], [2028, 3182], [2031, 3182], [2035, 3186], [2038, 3186], [2041, 3189], [2044, 3189], [2048, 3192], [2051, 3192], [2054, 3195], [2057, 3195], [2064, 3202], [2067, 3202], [2070, 3205], [2077, 3205], [2080, 3208], [2083, 3208], [2087, 3211], [2090, 3211], [2093, 3215], [2106, 3215], [2109, 3218], [2116, 3218], [2119, 3221], [2125, 3221], [2129, 3224], [2135, 3224], [2138, 3228], [2142, 3228], [2145, 3231], [2155, 3231], [2158, 3234], [2161, 3234], [2164, 3237], [2168, 3237], [2171, 3241], [2177, 3241], [2181, 3244], [2187, 3244], [2190, 3247], [2193, 3247], [2197, 3250], [2203, 3250], [2206, 3254], [2216, 3254], [2219, 3257], [2236, 3257], [2239, 3260], [2262, 3260], [2265, 3263], [2281, 3263], [2284, 3267], [2294, 3267], [2297, 3270], [2313, 3270], [2317, 3273], [2330, 3273], [2333, 3276], [2391, 3276], [2394, 3279], [2449, 3279], [2453, 3276], [2501, 3276], [2505, 3279], [2530, 3279], [2534, 3283], [2550, 3283], [2553, 3279], [2573, 3279], [2576, 3276], [2586, 3276], [2589, 3273], [2595, 3273], [2598, 3270], [2615, 3270], [2618, 3267], [2628, 3267], [2631, 3270], [2660, 3270], [2663, 3273], [2686, 3273], [2689, 3276], [2705, 3276], [2709, 3279], [2728, 3279], [2731, 3283], [2796, 3283], [2799, 3279], [2835, 3279], [2838, 3283], [2851, 3283], [2854, 3279], [2864, 3279], [2867, 3283], [2871, 3279], [2919, 3279], [2922, 3276], [2961, 3276], [2965, 3273], [2984, 3273], [2987, 3270], [3003, 3270], [3007, 3267], [3016, 3267], [3020, 3263], [3033, 3263], [3036, 3260], [3042, 3260], [3046, 3257], [3055, 3257], [3059, 3254], [3072, 3254], [3075, 3250], [3088, 3250], [3091, 3247], [3110, 3247], [3114, 3244], [3127, 3244], [3130, 3241], [3143, 3241], [3146, 3237], [3153, 3237], [3156, 3234], [3162, 3234], [3165, 3231], [3175, 3231], [3178, 3228], [3185, 3228], [3188, 3224], [3191, 3224], [3195, 3221], [3201, 3221], [3204, 3218], [3211, 3218], [3214, 3215], [3217, 3215], [3221, 3211], [3224, 3211], [3230, 3205], [3234, 3205], [3237, 3202], [3240, 3202], [3243, 3199], [3246, 3199], [3256, 3189], [3259, 3189], [3263, 3186], [3266, 3186], [3269, 3182], [3272, 3182], [3285, 3169], [3289, 3169], [3295, 3163], [3298, 3163], [3302, 3160], [3308, 3160], [3311, 3156], [3315, 3156], [3321, 3150], [3324, 3150], [3331, 3143], [3334, 3143], [3337, 3140], [3340, 3140], [3344, 3137], [3347, 3137], [3350, 3134], [3353, 3134], [3363, 3124], [3366, 3124], [3376, 3114], [3379, 3114], [3386, 3108], [3389, 3108], [3392, 3105], [3399, 3105], [3402, 3101], [3405, 3101], [3408, 3098], [3412, 3098], [3415, 3095], [3421, 3095], [3425, 3092], [3428, 3092], [3431, 3088], [3434, 3088], [3438, 3085], [3441, 3085], [3444, 3082], [3447, 3082], [3451, 3079], [3454, 3079], [3457, 3075], [3460, 3075], [3464, 3072], [3467, 3072], [3470, 3069], [3477, 3069], [3483, 3062], [3486, 3062], [3489, 3059], [3493, 3059], [3496, 3056], [3499, 3056], [3502, 3053], [3506, 3053], [3512, 3046], [3515, 3046], [3519, 3043], [3522, 3043], [3525, 3040], [3528, 3040], [3532, 3037], [3535, 3037], [3541, 3030], [3545, 3030], [3548, 3027], [3551, 3027], [3567, 3011], [3570, 3011], [3574, 3007], [3577, 3007], [3580, 3004], [3583, 3004], [3587, 3001], [3590, 3001], [3596, 2994], [3600, 2994], [3606, 2988], [3609, 2988], [3619, 2978], [3622, 2978], [3629, 2972], [3632, 2972], [3635, 2969], [3635, 2965], [3645, 2956], [3648, 2956], [3674, 2930], [3677, 2930], [3684, 2923], [3687, 2923], [3703, 2907], [3707, 2907], [3732, 2881], [3736, 2881], [3739, 2878], [3739, 2875], [3745, 2868], [3745, 2865], [3755, 2855], [3758, 2855], [3784, 2829], [3788, 2829], [3797, 2820], [3797, 2816], [3807, 2807], [3810, 2807], [3817, 2800], [3817, 2797], [3823, 2790], [3823, 2787], [3826, 2784], [3826, 2781], [3839, 2768], [3839, 2764], [3843, 2761], [3843, 2758], [3846, 2755], [3846, 2752], [3865, 2732], [3865, 2729], [3869, 2726], [3869, 2722], [3872, 2719], [3872, 2716], [3875, 2713], [3875, 2709], [3878, 2706], [3878, 2703], [3882, 2700], [3885, 2700], [3894, 2690], [3894, 2687], [3898, 2684], [3898, 2680], [3914, 2664], [3914, 2661], [3917, 2658], [3917, 2654], [3920, 2651], [3920, 2645], [3924, 2641], [3924, 2635], [3927, 2632], [3927, 2625], [3937, 2615], [3940, 2615], [3943, 2612], [3943, 2606], [3946, 2603], [3946, 2596], [3950, 2593], [3950, 2590], [3953, 2586], [3953, 2583], [3956, 2580], [3956, 2577], [3969, 2564], [3969, 2560], [3972, 2557], [3972, 2547], [3979, 2541], [3979, 2538], [3982, 2535], [3982, 2531], [3988, 2525], [3988, 2522], [3998, 2512], [3998, 2496], [4001, 2492], [4001, 2489], [4005, 2486], [4005, 2479], [4018, 2466], [4021, 2466], [4021, 2463], [4024, 2460], [4024, 2450], [4027, 2447], [4027, 2441], [4031, 2437], [4031, 2434], [4034, 2431], [4034, 2421], [4040, 2415], [4044, 2415], [4050, 2408], [4050, 2395], [4053, 2392], [4053, 2382], [4056, 2379], [4056, 2373], [4066, 2363], [4073, 2363], [4076, 2360], [4076, 2356], [4079, 2353], [4079, 2343], [4095, 2327], [4095, 2324], [4099, 2321], [4099, 2317], [4102, 2314], [4102, 2308], [4105, 2305], [4105, 2298], [4108, 2295], [4108, 2288], [4121, 2275], [4121, 2272], [4128, 2266], [4137, 2266], [4137, 1229], [4128, 1229], [4121, 1223], [4121, 1216], [4118, 1213], [4118, 1210], [4115, 1207], [4115, 1203], [4112, 1200], [4112, 1194], [4108, 1190], [4108, 1184], [4105, 1181], [4105, 1177], [4102, 1174], [4102, 1171], [4099, 1168], [4099, 1164], [4095, 1161], [4095, 1158], [4089, 1151], [4089, 1148], [4086, 1145], [4086, 1142], [4082, 1139], [4082, 1135], [4079, 1132], [4079, 1126], [4076, 1122], [4076, 1116], [4073, 1113], [4073, 1109], [4069, 1106], [4069, 1103], [4063, 1096], [4063, 1093], [4060, 1090], [4060, 1087], [4053, 1080], [4053, 1077], [4050, 1074], [4050, 1070], [4040, 1061], [4040, 1058], [4034, 1051], [4034, 1048], [4031, 1045], [4031, 1041], [4027, 1038], [4027, 1035], [4024, 1032], [4024, 1028], [4011, 1015], [4011, 1012], [4005, 1006], [4005, 1002], [4001, 999], [4001, 996], [3995, 990], [3995, 986], [3975, 967], [3975, 964], [3953, 941], [3953, 938], [3943, 928], [3943, 925], [3940, 921], [3937, 921], [3930, 915], [3930, 912], [3924, 905], [3924, 902], [3911, 889], [3911, 886], [3901, 876], [3901, 873], [3869, 841], [3869, 837], [3836, 805], [3833, 805], [3820, 792], [3820, 789], [3739, 708], [3736, 708], [3729, 701], [3726, 701], [3707, 682], [3707, 679], [3690, 662], [3690, 659], [3661, 630], [3661, 627], [3635, 601], [3635, 598], [3632, 594], [3629, 594], [3609, 575], [3606, 575], [3600, 568], [3596, 568], [3590, 562], [3587, 562], [3580, 555], [3577, 555], [3574, 552], [3567, 552], [3564, 549], [3561, 549], [3558, 546], [3554, 546], [3551, 543], [3548, 543], [3545, 539], [3541, 539], [3532, 530], [3528, 530], [3525, 526], [3519, 526], [3515, 523], [3512, 523], [3506, 517], [3502, 517], [3499, 513], [3496, 513], [3493, 510], [3489, 510], [3483, 504], [3480, 504], [3477, 500], [3467, 500], [3464, 497], [3460, 497], [3454, 491], [3451, 491], [3447, 487], [3444, 487], [3434, 478], [3431, 478], [3428, 475], [3418, 475], [3415, 471], [3412, 471], [3408, 468], [3405, 468], [3399, 462], [3396, 462], [3392, 458], [3386, 458], [3383, 455], [3376, 455], [3373, 452], [3357, 452], [3353, 449], [3340, 449], [3337, 445], [3305, 445], [3302, 442], [3298, 442], [3272, 416], [3269, 416], [3253, 400], [3250, 400], [3246, 397], [3240, 397], [3237, 394], [3230, 394], [3227, 390], [3224, 390], [3221, 387], [3217, 387], [3211, 381], [3208, 381], [3201, 374], [3201, 361], [2206, 361], [2206, 371], [2203, 374], [2200, 374], [2197, 377], [2193, 377], [2190, 381], [2187, 381], [2184, 384], [2177, 384], [2174, 387], [2168, 387], [2164, 390], [2158, 390], [2155, 394], [2142, 394], [2138, 397], [2132, 397], [2129, 400], [2122, 400], [2119, 403], [2116, 403], [2112, 406], [2109, 406], [2106, 410], [2100, 410], [2096, 413], [2090, 413], [2087, 416], [2083, 416], [2080, 419], [2077, 419], [2074, 423], [2067, 423], [2064, 426], [2061, 426], [2054, 432], [2051, 432], [2048, 436], [2044, 436], [2041, 439], [2038, 439], [2028, 449], [2025, 449], [2022, 452], [2019, 452], [2012, 458], [2009, 458], [2002, 465], [1999, 465], [1996, 468], [1989, 468], [1986, 471], [1983, 471], [1980, 475], [1973, 475], [1970, 478], [1967, 478], [1963, 481], [1960, 481], [1960, 484], [1950, 494], [1944, 494], [1941, 497], [1934, 497], [1931, 500], [1928, 500], [1925, 504], [1921, 504], [1918, 507], [1912, 507], [1908, 510], [1905, 510], [1899, 517], [1892, 517], [1889, 520], [1882, 520], [1879, 523], [1873, 523], [1869, 526], [1857, 526], [1853, 530], [1850, 530], [1847, 533], [1840, 533], [1837, 536], [1834, 536], [1831, 539], [1827, 539], [1821, 546], [1814, 546], [1811, 549], [1808, 549], [1801, 555], [1798, 555], [1788, 565], [1785, 565], [1782, 568], [1779, 568], [1766, 581], [1763, 581], [1759, 585], [1756, 585], [1743, 598], [1740, 598], [1737, 601], [1730, 601], [1717, 614], [1714, 614], [1711, 617], [1707, 617], [1682, 643], [1678, 643], [1659, 662], [1656, 662], [1649, 669], [1649, 672], [1639, 682], [1639, 685], [1623, 701], [1623, 704], [1617, 711], [1617, 714], [1607, 724], [1604, 724], [1597, 730], [1597, 734], [1591, 740], [1591, 743], [1565, 769], [1565, 772], [1558, 779], [1555, 779], [1552, 782], [1549, 782], [1539, 792], [1539, 795], [1533, 802], [1529, 802], [1526, 805], [1523, 805], [1507, 821], [1503, 821], [1484, 841], [1484, 844], [1474, 853], [1471, 853], [1468, 857], [1468, 860], [1461, 866], [1461, 870], [1458, 873], [1458, 876], [1452, 883], [1448, 883], [1439, 892], [1439, 896], [1435, 899], [1435, 902], [1416, 921], [1416, 925], [1413, 928], [1413, 931], [1409, 934], [1409, 938], [1406, 941], [1406, 944], [1400, 951], [1400, 954], [1390, 964], [1390, 967], [1387, 970], [1387, 973], [1383, 977], [1383, 980], [1380, 983], [1380, 986], [1367, 999], [1367, 1002], [1364, 1006], [1364, 1009], [1358, 1015], [1358, 1019], [1338, 1038], [1338, 1041], [1332, 1048], [1332, 1051], [1328, 1054], [1328, 1058], [1322, 1064], [1322, 1067], [1312, 1077], [1312, 1083], [1309, 1087], [1309, 1090], [1306, 1093], [1306, 1100], [1302, 1103], [1302, 1106], [1296, 1113], [1296, 1116], [1290, 1122], [1290, 1126], [1286, 1129], [1286, 1132], [1283, 1135], [1283, 1142], [1280, 1145], [1280, 1151], [1277, 1155], [1277, 1158], [1273, 1161], [1273, 1164], [1270, 1168], [1270, 1171], [1267, 1174], [1267, 1177], [1264, 1181], [1264, 1184], [1260, 1187], [1260, 1197], [1257, 1200], [1257, 1207], [1254, 1210], [1254, 1223], [1251, 1226], [1251, 1236], [1247, 1239], [1247, 1245], [1244, 1249], [1244, 1255], [1241, 1258], [1241, 1262], [1238, 1265], [1238, 1275], [1234, 1278], [1234, 1284], [1231, 1287], [1231, 1297], [1228, 1300], [1228, 1313], [1225, 1317], [1225, 1330], [1221, 1333], [1221, 1336], [1218, 1339], [1218, 1346], [1215, 1349], [1215, 1356], [1212, 1359], [1212, 1362], [1209, 1365], [1209, 1378], [1205, 1381], [1205, 1411], [1202, 1414], [1202, 1427], [1199, 1430], [1199, 1443], [1196, 1446], [1196, 1453], [1199, 1456], [1199, 1469], [1196, 1472], [1196, 1475], [1199, 1479], [1199, 1492], [1192, 1498], [1192, 1501], [1189, 1505], [1186, 1505], [1186, 1508], [1183, 1511], [1183, 1514], [1179, 1517], [1179, 1527], [1176, 1530], [1176, 1534], [1173, 1537], [1173, 1543], [1170, 1547], [1170, 1553], [1166, 1556], [1166, 1560], [1163, 1563], [1163, 1569], [1160, 1573], [1160, 1585], [1157, 1589], [1157, 1624], [1153, 1628], [1153, 1647], [1150, 1650], [1150, 1663], [1147, 1666], [1147, 1673], [1144, 1676], [1144, 1696], [1140, 1699]]",0.73,ASOK_BHA157.JPG,ASOK_BHA157,Madhya Pradesh,Madhyapradeśa,Bhārhut,Médaillon lotiforme avec portrait de donateur/trice,1 B.C.,Stūpa ; balustrade,bouddhisme,Cleveland Museum of Art,Maronet Léa
ASOK_AMA072_lotus_6466.png,lotus,"[[141, 920], [141, 953], [179, 953], [179, 920], [141, 920]]",0.28,ASOK_AMA072.jpg,ASOK_AMA072,Andhra Pradesh,Āndhradeśa,Amarāvatī,Stūpa figuré ; Buddha entourré de dévots et piliers avec lions,1 A.D. ; 2 A.D. ; 3 A.D.,Stūpa ; panneau,bouddhisme,The British Museum,Maronet Léa
ASOK_AMA072_lotus_6474.png,lotus,"[[639, 910], [639, 942], [679, 942], [679, 910], [639, 910]]",0.58,ASOK_AMA072.jpg,ASOK_AMA072,Andhra Pradesh,Āndhradeśa,Amarāvatī,Stūpa figuré ; Buddha entourré de dévots et piliers avec lions,1 A.D. ; 2 A.D. ; 3 A.D.,Stūpa ; panneau,bouddhisme,The British Museum,Maronet Léa
ASOK_AMA072_lotus_6475.png,lotus,"[[90, 977], [90, 996], [92, 996], [94, 998], [98, 1000], [103, 1005], [104, 1005], [104, 1006], [104, 1009], [115, 1009], [115, 1006], [121, 1000], [122, 999], [122, 998], [125, 998], [125, 979], [122, 979], [122, 978], [122, 977], [120, 976], [120, 975], [119, 974], [118, 973], [118, 970], [97, 970], [97, 973], [92, 977], [90, 977]]",0.86,ASOK_AMA072.jpg,ASOK_AMA072,Andhra Pradesh,Āndhradeśa,Amarāvatī,Stūpa figuré ; Buddha entourré de dévots et piliers avec lions,1 A.D. ; 2 A.D. ; 3 A.D.,Stūpa ; panneau,bouddhisme,The British Museum,Maronet Léa
ASOK_AMA072_lotus_6476.png,lotus,"[[486, 1070], [486, 1112], [488, 1112], [494, 1118], [495, 1120], [496, 1120], [496, 1123], [513, 1123], [513, 1120], [514, 1119], [515, 1119], [518, 1116], [519, 1116], [519, 1115], [521, 1113], [521, 1112], [524, 1110], [524, 1109], [524, 1108], [525, 1107], [525, 1106], [526, 1106], [526, 1104], [526, 1103], [526, 1100], [527, 1100], [527, 1098], [528, 1097], [530, 1097], [530, 1068], [527, 1068], [526, 1067], [524, 1066], [524, 1064], [489, 1064], [489, 1069], [488, 1070], [486, 1070]]",0.69,ASOK_AMA072.jpg,ASOK_AMA072,Andhra Pradesh,Āndhradeśa,Amarāvatī,Stūpa figuré ; Buddha entourré de dévots et piliers avec lions,1 A.D. ; 2 A.D. ; 3 A.D.,Stūpa ; panneau,bouddhisme,The British Museum,Maronet Léa
ASOK_AMA007_lotus_6596.png,lotus,"[[202, 2356], [202, 3160], [213, 3160], [215, 3162], [220, 3162], [222, 3164], [224, 3164], [226, 3166], [231, 3166], [233, 3168], [238, 3168], [240, 3171], [242, 3171], [244, 3173], [253, 3173], [255, 3175], [260, 3175], [262, 3177], [269, 3177], [271, 3179], [275, 3179], [278, 3182], [278, 3188], [397, 3188], [397, 3182], [400, 3179], [429, 3179], [431, 3182], [431, 3188], [773, 3188], [773, 3179], [777, 3175], [806, 3175], [808, 3177], [810, 3177], [813, 3179], [815, 3179], [817, 3182], [817, 3188], [828, 3188], [828, 3182], [830, 3179], [833, 3182], [833, 3188], [846, 3188], [846, 3182], [848, 3179], [855, 3179], [857, 3182], [857, 3188], [1496, 3188], [1496, 3177], [1499, 3175], [1499, 3162], [1501, 3160], [1501, 3151], [1503, 3148], [1503, 3142], [1505, 3140], [1505, 3133], [1508, 3131], [1508, 3097], [1505, 3095], [1505, 3066], [1508, 3064], [1508, 3062], [1510, 3060], [1510, 3057], [1512, 3055], [1512, 3044], [1514, 3042], [1514, 3026], [1516, 3024], [1516, 3015], [1514, 3013], [1514, 2986], [1512, 2984], [1512, 2958], [1514, 2955], [1514, 2898], [1516, 2895], [1516, 2853], [1519, 2851], [1519, 2796], [1521, 2793], [1521, 2758], [1523, 2756], [1523, 2740], [1525, 2738], [1532, 2738], [1532, 2705], [1525, 2705], [1523, 2702], [1523, 2669], [1521, 2667], [1521, 2654], [1519, 2651], [1519, 2643], [1516, 2640], [1516, 2625], [1514, 2623], [1514, 2563], [1516, 2560], [1516, 2558], [1514, 2556], [1514, 2534], [1512, 2532], [1512, 2523], [1510, 2520], [1510, 2512], [1508, 2509], [1508, 2501], [1505, 2498], [1505, 2494], [1503, 2492], [1503, 2489], [1501, 2487], [1501, 2485], [1490, 2474], [1488, 2474], [1485, 2472], [1485, 2465], [1488, 2463], [1488, 2458], [1490, 2456], [1490, 2452], [1476, 2452], [1474, 2454], [1470, 2454], [1468, 2452], [1468, 2450], [1465, 2447], [1465, 2443], [1470, 2438], [1483, 2438], [1485, 2436], [1485, 2430], [1483, 2427], [1494, 2416], [1494, 2412], [1496, 2410], [1496, 2407], [1499, 2405], [1499, 2403], [1501, 2401], [1501, 2370], [1499, 2367], [1499, 2356], [1430, 2356], [1430, 2363], [1428, 2365], [1425, 2363], [1425, 2356], [1394, 2356], [1394, 2374], [1397, 2376], [1397, 2387], [1399, 2390], [1399, 2392], [1401, 2392], [1403, 2390], [1405, 2390], [1408, 2387], [1412, 2387], [1414, 2390], [1419, 2390], [1421, 2392], [1425, 2392], [1428, 2394], [1428, 2396], [1430, 2398], [1430, 2403], [1432, 2405], [1432, 2414], [1430, 2416], [1430, 2421], [1432, 2423], [1432, 2438], [1434, 2441], [1434, 2452], [1432, 2454], [1432, 2463], [1430, 2465], [1430, 2467], [1425, 2472], [1421, 2472], [1419, 2474], [1414, 2474], [1412, 2476], [1401, 2476], [1394, 2483], [1394, 2485], [1390, 2489], [1390, 2496], [1388, 2498], [1388, 2501], [1385, 2503], [1385, 2505], [1383, 2507], [1381, 2507], [1377, 2512], [1374, 2512], [1368, 2518], [1365, 2518], [1363, 2520], [1361, 2520], [1357, 2525], [1354, 2525], [1352, 2527], [1348, 2527], [1345, 2529], [1319, 2529], [1317, 2527], [1297, 2527], [1294, 2525], [1292, 2525], [1286, 2518], [1286, 2516], [1283, 2514], [1281, 2514], [1279, 2512], [1277, 2512], [1270, 2505], [1270, 2503], [1268, 2501], [1268, 2496], [1266, 2494], [1266, 2485], [1261, 2481], [1261, 2478], [1259, 2478], [1257, 2476], [1254, 2476], [1252, 2478], [1250, 2478], [1246, 2474], [1243, 2474], [1241, 2472], [1239, 2472], [1237, 2469], [1234, 2469], [1232, 2467], [1230, 2467], [1226, 2463], [1223, 2463], [1221, 2461], [1219, 2461], [1214, 2456], [1212, 2456], [1210, 2454], [1208, 2454], [1194, 2441], [1194, 2438], [1192, 2436], [1190, 2436], [1177, 2423], [1174, 2425], [1155, 2425], [1152, 2423], [1148, 2423], [1146, 2421], [1143, 2421], [1141, 2418], [1135, 2418], [1130, 2414], [1128, 2414], [1126, 2412], [1123, 2412], [1121, 2410], [1117, 2410], [1115, 2407], [1112, 2407], [1110, 2405], [1108, 2405], [1106, 2403], [1099, 2403], [1097, 2401], [1095, 2401], [1092, 2398], [1090, 2398], [1088, 2396], [1086, 2396], [1083, 2394], [1081, 2394], [1077, 2390], [1075, 2390], [1070, 2385], [1068, 2385], [1066, 2383], [1063, 2383], [1061, 2381], [1061, 2376], [1059, 2374], [1057, 2374], [1055, 2372], [1059, 2367], [1059, 2356], [468, 2356], [468, 2367], [460, 2376], [453, 2376], [451, 2374], [448, 2374], [446, 2376], [444, 2376], [442, 2378], [440, 2378], [435, 2383], [435, 2387], [433, 2390], [433, 2392], [437, 2396], [437, 2398], [457, 2398], [462, 2403], [462, 2412], [460, 2414], [460, 2416], [457, 2418], [460, 2421], [460, 2430], [457, 2432], [457, 2445], [455, 2447], [455, 2450], [453, 2452], [457, 2456], [460, 2456], [466, 2463], [466, 2472], [457, 2481], [455, 2481], [446, 2489], [442, 2489], [424, 2507], [422, 2507], [420, 2509], [417, 2509], [415, 2512], [413, 2512], [411, 2514], [406, 2514], [395, 2525], [393, 2525], [391, 2527], [371, 2527], [369, 2525], [366, 2525], [360, 2518], [357, 2518], [355, 2520], [353, 2520], [351, 2518], [346, 2518], [344, 2516], [340, 2516], [337, 2514], [333, 2514], [329, 2509], [326, 2509], [324, 2507], [302, 2507], [300, 2505], [298, 2505], [295, 2503], [293, 2503], [291, 2501], [289, 2501], [284, 2496], [284, 2494], [293, 2485], [293, 2481], [300, 2474], [304, 2474], [306, 2476], [311, 2476], [313, 2474], [317, 2474], [320, 2472], [320, 2469], [313, 2463], [313, 2458], [311, 2456], [311, 2452], [313, 2450], [313, 2447], [317, 2443], [322, 2443], [324, 2445], [329, 2441], [331, 2441], [333, 2438], [335, 2438], [337, 2436], [344, 2436], [346, 2434], [346, 2432], [349, 2430], [349, 2425], [357, 2416], [355, 2414], [355, 2412], [353, 2410], [355, 2407], [355, 2405], [360, 2401], [360, 2398], [357, 2396], [357, 2394], [355, 2392], [360, 2387], [366, 2387], [369, 2390], [369, 2394], [364, 2398], [364, 2403], [366, 2405], [366, 2412], [364, 2414], [364, 2418], [369, 2423], [371, 2423], [373, 2425], [380, 2425], [382, 2427], [386, 2427], [393, 2434], [397, 2434], [400, 2432], [400, 2427], [409, 2418], [411, 2418], [411, 2416], [409, 2414], [406, 2414], [404, 2412], [404, 2410], [402, 2407], [402, 2403], [400, 2401], [400, 2383], [397, 2381], [397, 2378], [395, 2376], [384, 2376], [382, 2374], [377, 2374], [373, 2378], [369, 2378], [364, 2374], [364, 2356], [202, 2356]]",0.9,ASOK_AMA007.jpg,ASOK_AMA007,Andhra Pradesh,Āndhradeśa,Amarāvatī,Pilier de balustrade avec médaillon lotiforme et scènes de dévotion au Buddha,1 A.D. ; 2 A.D. ; 3 A.D.,Stūpa ; balustrade ; pilier,bouddhisme,The British Museum,Maronet Léa
ASOK_AMA005_lotus_6733.png,lotus,"[[60, 144], [60, 168], [62, 168], [63, 169], [63, 170], [62, 171], [60, 171], [60, 176], [62, 176], [63, 177], [63, 189], [64, 190], [64, 194], [64, 195], [64, 198], [65, 199], [65, 203], [66, 204], [66, 208], [67, 208], [67, 213], [68, 214], [68, 256], [67, 257], [67, 268], [66, 268], [66, 278], [65, 279], [65, 286], [64, 287], [64, 316], [64, 323], [63, 324], [63, 326], [62, 326], [60, 326], [60, 430], [64, 430], [65, 431], [66, 431], [66, 430], [67, 430], [68, 430], [68, 429], [69, 429], [70, 430], [71, 430], [72, 430], [72, 433], [74, 435], [75, 435], [76, 436], [78, 437], [78, 438], [80, 440], [85, 440], [86, 440], [90, 440], [92, 441], [96, 445], [96, 446], [95, 446], [94, 446], [94, 447], [90, 447], [89, 448], [84, 448], [83, 447], [82, 448], [81, 448], [80, 448], [81, 449], [81, 453], [80, 454], [81, 455], [81, 457], [79, 459], [76, 459], [75, 460], [74, 460], [74, 462], [74, 463], [73, 464], [60, 464], [60, 473], [63, 473], [64, 474], [66, 474], [67, 475], [71, 475], [72, 474], [74, 474], [74, 475], [75, 474], [76, 474], [77, 473], [81, 473], [82, 475], [81, 476], [80, 476], [79, 477], [76, 477], [75, 478], [75, 481], [77, 481], [78, 482], [79, 482], [80, 483], [81, 483], [82, 484], [83, 484], [83, 485], [82, 486], [79, 489], [78, 489], [77, 490], [76, 490], [74, 492], [74, 493], [73, 494], [73, 496], [75, 499], [79, 499], [80, 498], [84, 498], [85, 499], [86, 499], [87, 500], [88, 500], [89, 502], [89, 504], [88, 505], [88, 508], [89, 508], [89, 509], [90, 510], [90, 511], [94, 515], [94, 516], [95, 517], [95, 518], [97, 518], [98, 517], [101, 517], [103, 518], [103, 520], [104, 520], [104, 523], [101, 525], [100, 525], [99, 526], [98, 526], [98, 532], [126, 532], [126, 527], [125, 526], [128, 524], [130, 524], [130, 525], [131, 525], [134, 527], [134, 528], [134, 529], [134, 532], [231, 532], [231, 529], [232, 527], [232, 526], [233, 526], [233, 524], [234, 524], [234, 519], [236, 518], [236, 515], [237, 514], [239, 516], [239, 517], [240, 517], [241, 518], [242, 518], [244, 518], [245, 519], [246, 519], [247, 520], [247, 523], [248, 524], [248, 525], [249, 526], [255, 526], [256, 526], [256, 528], [256, 529], [256, 532], [262, 532], [262, 530], [263, 529], [264, 529], [265, 530], [265, 532], [336, 532], [336, 530], [337, 529], [337, 528], [338, 527], [338, 526], [338, 525], [339, 524], [340, 524], [341, 524], [342, 524], [343, 524], [344, 524], [344, 525], [344, 526], [345, 527], [345, 532], [410, 532], [410, 528], [409, 527], [409, 524], [410, 523], [410, 521], [411, 520], [416, 520], [416, 519], [417, 519], [418, 520], [420, 520], [421, 520], [422, 520], [423, 522], [424, 522], [427, 525], [427, 532], [440, 532], [440, 530], [443, 526], [444, 526], [446, 524], [453, 524], [454, 524], [455, 523], [456, 523], [461, 518], [462, 518], [464, 516], [465, 515], [466, 515], [466, 514], [468, 514], [469, 514], [470, 514], [472, 512], [473, 512], [475, 510], [476, 510], [478, 508], [478, 507], [480, 505], [482, 505], [482, 207], [480, 207], [479, 206], [478, 205], [478, 200], [478, 199], [478, 195], [478, 194], [478, 191], [478, 190], [478, 172], [477, 172], [477, 170], [476, 169], [476, 166], [476, 165], [476, 164], [475, 164], [475, 161], [474, 160], [474, 159], [473, 158], [472, 157], [472, 152], [472, 147], [472, 146], [472, 139], [472, 138], [472, 135], [471, 134], [471, 130], [470, 130], [470, 128], [470, 124], [469, 123], [469, 118], [468, 117], [468, 116], [467, 115], [467, 114], [466, 114], [465, 112], [464, 112], [463, 111], [462, 111], [461, 110], [460, 110], [458, 108], [457, 107], [456, 107], [455, 106], [454, 106], [453, 105], [452, 105], [452, 106], [451, 106], [450, 106], [449, 106], [448, 107], [447, 108], [443, 108], [442, 106], [439, 106], [438, 106], [435, 106], [434, 106], [434, 108], [434, 109], [434, 110], [431, 112], [429, 112], [428, 112], [428, 113], [428, 114], [428, 115], [426, 116], [416, 116], [416, 117], [410, 117], [410, 118], [409, 118], [408, 118], [406, 118], [404, 118], [404, 117], [403, 117], [402, 116], [401, 116], [398, 112], [398, 111], [398, 110], [398, 108], [397, 106], [397, 105], [396, 104], [394, 101], [393, 101], [392, 100], [391, 100], [390, 100], [388, 98], [386, 95], [385, 94], [385, 91], [383, 89], [378, 89], [376, 88], [377, 87], [377, 86], [378, 86], [378, 82], [376, 80], [375, 80], [373, 77], [372, 77], [371, 76], [370, 77], [368, 77], [368, 76], [366, 76], [365, 76], [363, 76], [362, 75], [361, 74], [360, 74], [359, 74], [358, 74], [357, 74], [356, 74], [353, 77], [352, 77], [352, 76], [348, 76], [347, 76], [345, 76], [344, 75], [343, 75], [342, 74], [338, 74], [337, 74], [334, 74], [334, 73], [334, 70], [175, 70], [175, 74], [173, 75], [172, 75], [172, 76], [171, 76], [171, 77], [172, 79], [172, 80], [171, 81], [171, 88], [170, 89], [170, 92], [167, 94], [165, 94], [164, 96], [164, 97], [163, 98], [160, 101], [160, 102], [159, 103], [159, 104], [158, 105], [158, 106], [154, 110], [151, 110], [150, 109], [149, 109], [148, 110], [147, 110], [146, 110], [144, 110], [139, 116], [138, 116], [137, 116], [136, 116], [135, 118], [134, 118], [133, 118], [132, 118], [131, 119], [130, 119], [129, 121], [128, 121], [128, 122], [126, 122], [125, 122], [124, 122], [123, 123], [122, 123], [121, 124], [118, 124], [117, 124], [116, 126], [115, 126], [114, 127], [112, 127], [112, 128], [109, 128], [108, 128], [103, 128], [102, 128], [100, 128], [99, 127], [98, 127], [98, 128], [97, 128], [96, 128], [88, 128], [87, 128], [86, 128], [86, 127], [85, 127], [84, 126], [83, 126], [82, 125], [81, 124], [80, 124], [80, 125], [79, 125], [78, 126], [77, 126], [76, 127], [74, 128], [71, 130], [70, 130], [70, 131], [66, 136], [65, 137], [65, 138], [64, 139], [64, 140], [64, 141], [64, 142], [63, 142], [63, 143], [62, 144], [60, 144]]",0.74,ASOK_AMA005.jpg,ASOK_AMA005,Andhra Pradesh,Āndhradeśa,Amarāvatī,Pilier de balustrade avec médaillons lotiformes et ganas,1 A.D. ; 2 A.D. ; 3 A.D.,Stūpa ; balustrade ; pilier,bouddhisme,The British Museum,Maronet Léa
ASOK_AMA005_lion_6734.png,lion,"[[300, 982], [300, 995], [304, 995], [304, 996], [305, 996], [306, 997], [308, 997], [310, 999], [311, 999], [312, 1000], [313, 1001], [313, 1004], [310, 1006], [308, 1007], [308, 1009], [308, 1010], [308, 1016], [309, 1016], [309, 1018], [310, 1018], [310, 1019], [311, 1021], [311, 1022], [313, 1022], [314, 1022], [317, 1022], [318, 1023], [322, 1023], [322, 1024], [325, 1024], [326, 1024], [326, 1027], [332, 1027], [332, 1024], [340, 1024], [340, 1023], [344, 1023], [345, 1022], [347, 1022], [348, 1022], [350, 1022], [350, 1021], [352, 1021], [352, 1020], [353, 1020], [354, 1019], [355, 1019], [356, 1018], [357, 1018], [358, 1018], [359, 1017], [360, 1017], [361, 1016], [362, 1016], [363, 1016], [364, 1015], [365, 1015], [366, 1014], [369, 1014], [370, 1015], [372, 1016], [373, 1016], [374, 1017], [375, 1018], [377, 1016], [377, 1015], [378, 1014], [378, 1009], [377, 1008], [377, 1005], [378, 1004], [379, 1003], [379, 1002], [380, 1001], [380, 1000], [380, 999], [381, 998], [381, 992], [380, 992], [380, 991], [378, 989], [377, 989], [376, 988], [375, 988], [375, 987], [374, 986], [374, 985], [371, 982], [370, 983], [368, 983], [365, 986], [364, 986], [363, 986], [362, 987], [361, 987], [360, 988], [356, 988], [355, 988], [352, 988], [352, 987], [352, 986], [353, 986], [352, 984], [352, 983], [351, 982], [351, 980], [348, 980], [348, 982], [347, 983], [347, 986], [348, 986], [349, 986], [350, 988], [348, 990], [346, 990], [345, 991], [336, 991], [331, 986], [330, 986], [329, 985], [329, 984], [328, 982], [328, 980], [303, 980], [303, 982], [302, 982], [300, 982]]",0.88,ASOK_AMA005.jpg,ASOK_AMA005,Andhra Pradesh,Āndhradeśa,Amarāvatī,Pilier de balustrade avec médaillons lotiformes et ganas,1 A.D. ; 2 A.D. ; 3 A.D.,Stūpa ; balustrade ; pilier,bouddhisme,The British Museum,Maronet Léa
ASOK_AMA005_lion_6735.png,lion,"[[150, 1006], [150, 1012], [152, 1012], [153, 1013], [154, 1013], [154, 1014], [154, 1015], [155, 1016], [154, 1016], [154, 1021], [154, 1022], [154, 1023], [153, 1024], [153, 1025], [154, 1026], [154, 1030], [155, 1031], [155, 1032], [157, 1034], [156, 1034], [156, 1036], [158, 1036], [158, 1034], [159, 1034], [159, 1032], [164, 1028], [168, 1024], [168, 1023], [169, 1022], [170, 1021], [170, 1020], [172, 1018], [173, 1017], [178, 1017], [179, 1018], [180, 1018], [181, 1018], [182, 1018], [182, 1019], [183, 1019], [184, 1020], [185, 1021], [186, 1021], [188, 1022], [189, 1023], [190, 1023], [190, 1024], [191, 1024], [192, 1024], [195, 1024], [196, 1025], [205, 1025], [206, 1026], [212, 1026], [212, 1027], [220, 1027], [221, 1026], [225, 1026], [226, 1025], [229, 1025], [230, 1024], [232, 1024], [234, 1024], [235, 1023], [236, 1023], [236, 1022], [237, 1021], [237, 1020], [238, 1019], [238, 1018], [238, 1017], [238, 1016], [239, 1015], [239, 1011], [238, 1010], [237, 1008], [236, 1008], [236, 1007], [234, 1007], [232, 1006], [232, 1005], [232, 1004], [232, 1003], [232, 1002], [232, 1001], [234, 1000], [235, 1000], [236, 999], [238, 999], [239, 998], [242, 998], [243, 998], [247, 994], [247, 992], [248, 992], [248, 989], [248, 988], [248, 987], [248, 982], [219, 982], [219, 985], [215, 988], [215, 989], [214, 991], [214, 992], [210, 995], [207, 995], [206, 996], [205, 995], [203, 995], [202, 996], [199, 996], [198, 997], [188, 997], [187, 996], [185, 996], [184, 995], [183, 995], [182, 994], [180, 993], [179, 993], [178, 992], [176, 992], [174, 991], [174, 986], [175, 986], [175, 982], [159, 982], [159, 985], [158, 986], [157, 986], [156, 987], [155, 987], [154, 988], [155, 989], [155, 992], [158, 994], [158, 995], [156, 997], [156, 998], [155, 999], [155, 1000], [154, 1001], [154, 1003], [154, 1004], [154, 1005], [152, 1006], [150, 1006]]",0.7,ASOK_AMA005.jpg,ASOK_AMA005,Andhra Pradesh,Āndhradeśa,Amarāvatī,Pilier de balustrade avec médaillons lotiformes et ganas,1 A.D. ; 2 A.D. ; 3 A.D.,Stūpa ; balustrade ; pilier,bouddhisme,The British Museum,Maronet Léa
ASOK_MAT058_lotus_6874.png,lotus,"[[3741, 135], [3741, 255], [3755, 255], [3783, 282], [3783, 285], [3786, 289], [3786, 292], [3806, 313], [3806, 316], [3810, 320], [3810, 327], [3813, 330], [3813, 333], [3817, 337], [3817, 340], [3820, 344], [3820, 350], [3827, 357], [3827, 361], [3837, 371], [3841, 371], [3868, 398], [3868, 402], [3885, 419], [3889, 419], [3895, 426], [3899, 426], [3909, 436], [3912, 436], [3919, 443], [3923, 443], [3936, 456], [3940, 456], [3988, 504], [3991, 504], [3995, 508], [3998, 508], [4008, 518], [4012, 518], [4015, 521], [4025, 521], [4029, 525], [4032, 525], [4036, 528], [4039, 528], [4042, 532], [4056, 532], [4066, 542], [4070, 542], [4073, 545], [4080, 545], [4087, 552], [4090, 552], [4101, 562], [4107, 562], [4114, 569], [4118, 569], [4121, 573], [4128, 573], [4131, 576], [4138, 576], [4148, 586], [4162, 586], [4166, 590], [4172, 590], [4176, 593], [4193, 593], [4196, 597], [4227, 597], [4231, 593], [4244, 593], [4248, 590], [4254, 590], [4258, 586], [4275, 586], [4278, 583], [4289, 583], [4292, 580], [4299, 580], [4302, 576], [4309, 576], [4313, 573], [4319, 573], [4323, 569], [4330, 569], [4333, 566], [4337, 566], [4340, 562], [4350, 562], [4354, 559], [4367, 559], [4371, 556], [4381, 556], [4384, 552], [4391, 552], [4395, 549], [4405, 549], [4408, 545], [4422, 545], [4425, 542], [4432, 542], [4436, 538], [4443, 538], [4446, 535], [4453, 535], [4456, 532], [4460, 532], [4463, 528], [4470, 528], [4473, 525], [4477, 525], [4480, 521], [4487, 521], [4490, 518], [4494, 518], [4497, 515], [4501, 515], [4511, 504], [4514, 504], [4521, 497], [4525, 497], [4528, 494], [4532, 494], [4535, 491], [4538, 491], [4542, 487], [4545, 487], [4555, 477], [4559, 477], [4569, 467], [4573, 467], [4579, 460], [4583, 460], [4600, 443], [4603, 443], [4610, 436], [4614, 436], [4617, 432], [4620, 432], [4648, 405], [4648, 402], [4651, 398], [4651, 395], [4665, 381], [4668, 381], [4679, 371], [4679, 368], [4685, 361], [4685, 350], [4689, 347], [4689, 327], [4692, 323], [4692, 316], [4696, 313], [4696, 309], [4699, 306], [4699, 303], [4702, 299], [4702, 296], [4709, 289], [4709, 285], [4720, 275], [4720, 272], [4744, 248], [4747, 248], [4764, 231], [4764, 227], [4767, 224], [4767, 221], [4771, 217], [4771, 210], [4774, 207], [4774, 203], [4778, 200], [4778, 183], [4781, 179], [4781, 142], [4778, 138], [4778, 125], [4774, 121], [4774, 115], [4771, 111], [4771, 108], [4767, 104], [4767, 97], [4764, 94], [4764, 80], [3912, 80], [3912, 91], [3909, 94], [3902, 94], [3899, 97], [3878, 97], [3875, 101], [3858, 101], [3854, 104], [3844, 104], [3841, 108], [3834, 108], [3830, 111], [3824, 111], [3820, 115], [3817, 115], [3813, 118], [3803, 118], [3800, 121], [3793, 121], [3789, 125], [3786, 125], [3783, 128], [3776, 128], [3772, 132], [3762, 132], [3759, 135], [3741, 135]]",0.92,ASOK_MAT058.JPG,ASOK_MAT058,Uttar Pradesh,Mathurā,Mathurā,Balustrade avec médaillons,1 B.C.,Balustrade,indéterminée,Mathura Government Museum,Maronet Léa
ASOK_MAT058_lotus_6876.png,lotus,"[[2510, 1376], [2510, 1715], [2521, 1715], [2527, 1721], [2527, 1725], [2534, 1732], [2534, 1735], [2538, 1739], [2538, 1742], [2541, 1745], [2541, 1752], [2544, 1756], [2544, 1759], [2548, 1762], [2548, 1769], [2551, 1773], [2551, 1776], [2555, 1780], [2555, 1783], [2558, 1786], [2558, 1790], [2562, 1793], [2562, 1797], [2565, 1800], [2565, 1803], [2572, 1810], [2572, 1814], [2579, 1821], [2579, 1824], [2582, 1827], [2582, 1831], [2589, 1838], [2589, 1841], [2596, 1848], [2596, 1851], [2613, 1868], [2613, 1872], [2661, 1920], [2664, 1920], [2678, 1933], [2681, 1933], [2688, 1940], [2692, 1940], [2698, 1947], [2702, 1947], [2705, 1951], [2709, 1951], [2712, 1954], [2715, 1954], [2722, 1961], [2729, 1961], [2733, 1964], [2736, 1964], [2743, 1971], [2746, 1971], [2750, 1974], [2753, 1974], [2757, 1978], [2760, 1978], [2767, 1985], [2770, 1985], [2774, 1988], [2777, 1988], [2780, 1992], [2784, 1992], [2791, 1998], [2794, 1998], [2798, 2002], [2801, 2002], [2808, 2009], [2811, 2009], [2815, 2012], [2818, 2012], [2822, 2015], [2825, 2015], [2828, 2019], [2832, 2019], [2835, 2022], [2842, 2022], [2845, 2026], [2849, 2026], [2852, 2029], [2859, 2029], [2863, 2033], [2869, 2033], [2873, 2036], [2873, 2046], [3105, 2046], [3105, 2036], [3109, 2033], [3112, 2033], [3116, 2029], [3122, 2029], [3126, 2026], [3133, 2026], [3136, 2022], [3143, 2022], [3146, 2019], [3157, 2019], [3160, 2015], [3167, 2015], [3170, 2012], [3181, 2012], [3184, 2009], [3194, 2009], [3198, 2005], [3215, 2005], [3218, 2002], [3235, 2002], [3239, 1998], [3246, 1998], [3249, 1995], [3256, 1995], [3259, 1992], [3266, 1992], [3270, 1995], [3283, 1995], [3287, 1992], [3297, 1992], [3300, 1988], [3314, 1988], [3317, 1985], [3331, 1985], [3334, 1988], [3338, 1988], [3341, 1992], [3379, 1992], [3382, 1988], [3417, 1988], [3420, 1985], [3492, 1985], [3495, 1981], [3506, 1981], [3506, 1509], [3495, 1509], [3488, 1503], [3488, 1489], [3485, 1486], [3485, 1475], [3482, 1472], [3482, 1458], [3478, 1455], [3478, 1444], [3475, 1441], [3475, 1431], [3471, 1427], [3471, 1424], [3468, 1421], [3468, 1414], [3464, 1410], [3464, 1403], [3461, 1400], [3461, 1393], [3458, 1390], [3458, 1383], [3454, 1380], [3454, 1376], [3451, 1373], [3451, 1369], [3447, 1366], [3447, 1362], [3444, 1359], [3444, 1356], [3441, 1352], [3441, 1349], [3437, 1345], [3437, 1342], [3434, 1339], [3434, 1332], [3430, 1328], [3430, 1325], [3427, 1321], [3427, 1318], [3423, 1315], [3423, 1311], [3420, 1308], [3420, 1304], [3417, 1301], [3417, 1297], [3410, 1291], [3410, 1287], [3406, 1284], [3406, 1280], [3399, 1274], [3399, 1270], [3393, 1263], [3393, 1260], [3382, 1250], [3382, 1246], [3369, 1233], [3369, 1229], [3352, 1212], [3352, 1209], [3314, 1171], [3311, 1171], [3293, 1154], [3290, 1154], [3287, 1150], [3283, 1150], [3276, 1144], [3273, 1144], [3266, 1137], [3263, 1137], [3259, 1133], [3256, 1133], [3252, 1130], [3249, 1130], [3242, 1123], [3235, 1123], [3232, 1120], [3228, 1120], [3222, 1113], [3218, 1113], [3215, 1109], [3211, 1109], [3208, 1106], [3205, 1106], [3201, 1103], [3198, 1103], [3194, 1099], [3191, 1099], [3187, 1096], [3181, 1096], [3177, 1092], [3170, 1092], [3164, 1086], [3160, 1086], [3157, 1082], [3153, 1082], [3146, 1075], [3146, 1065], [2828, 1065], [2828, 1075], [2804, 1099], [2801, 1099], [2798, 1103], [2794, 1103], [2791, 1106], [2784, 1106], [2780, 1109], [2777, 1109], [2770, 1116], [2767, 1116], [2763, 1120], [2760, 1120], [2757, 1123], [2753, 1123], [2750, 1127], [2746, 1127], [2743, 1130], [2736, 1130], [2733, 1133], [2729, 1133], [2726, 1137], [2722, 1137], [2715, 1144], [2712, 1144], [2705, 1150], [2702, 1150], [2678, 1174], [2674, 1174], [2661, 1188], [2657, 1188], [2589, 1256], [2589, 1260], [2582, 1267], [2582, 1270], [2575, 1277], [2575, 1280], [2572, 1284], [2572, 1287], [2565, 1294], [2565, 1297], [2562, 1301], [2562, 1308], [2558, 1311], [2558, 1315], [2555, 1318], [2555, 1321], [2551, 1325], [2551, 1328], [2548, 1332], [2548, 1335], [2544, 1339], [2544, 1342], [2538, 1349], [2538, 1352], [2534, 1356], [2534, 1359], [2531, 1362], [2531, 1366], [2521, 1376], [2510, 1376]]",0.97,ASOK_MAT058.JPG,ASOK_MAT058,Uttar Pradesh,Mathurā,Mathurā,Balustrade avec médaillons,1 B.C.,Balustrade,indéterminée,Mathura Government Museum,Maronet Léa
ASOK_CHAN001a_lotus_6918.png,lotus,"[[636, 1256], [636, 1335], [646, 1335], [653, 1342], [653, 1345], [657, 1349], [657, 1362], [660, 1366], [660, 1373], [663, 1376], [663, 1386], [660, 1390], [663, 1393], [663, 1427], [667, 1431], [667, 1448], [670, 1451], [670, 1458], [674, 1462], [674, 1472], [677, 1475], [677, 1482], [681, 1486], [681, 1503], [684, 1506], [684, 1550], [681, 1554], [684, 1557], [684, 1595], [687, 1598], [687, 1629], [691, 1633], [691, 1643], [694, 1646], [694, 1656], [698, 1660], [698, 1677], [701, 1680], [701, 1701], [698, 1704], [698, 1725], [694, 1728], [694, 1732], [691, 1735], [691, 1739], [687, 1742], [687, 1749], [684, 1752], [684, 1783], [687, 1786], [687, 1800], [684, 1803], [684, 1817], [681, 1821], [681, 1827], [677, 1831], [677, 1834], [674, 1838], [674, 1841], [670, 1845], [670, 1858], [667, 1862], [667, 1875], [663, 1879], [663, 1930], [660, 1933], [660, 1998], [657, 2002], [657, 2015], [653, 2019], [653, 2026], [646, 2033], [636, 2033], [636, 2036], [646, 2036], [650, 2039], [650, 2043], [653, 2046], [653, 2077], [650, 2080], [650, 2084], [646, 2087], [636, 2087], [636, 2190], [646, 2190], [650, 2193], [657, 2193], [660, 2197], [663, 2197], [670, 2204], [670, 2207], [674, 2207], [677, 2210], [677, 2214], [667, 2224], [663, 2224], [660, 2227], [636, 2227], [636, 2234], [650, 2234], [653, 2238], [650, 2241], [636, 2241], [636, 2388], [650, 2388], [653, 2392], [653, 2402], [711, 2402], [711, 2388], [708, 2385], [708, 2381], [705, 2378], [705, 2374], [698, 2368], [694, 2368], [691, 2364], [691, 2357], [694, 2354], [694, 2351], [677, 2333], [677, 2330], [674, 2327], [674, 2320], [670, 2316], [670, 2306], [674, 2303], [681, 2303], [684, 2299], [687, 2299], [691, 2296], [694, 2296], [694, 2279], [691, 2275], [691, 2265], [694, 2262], [694, 2258], [698, 2255], [698, 2251], [705, 2245], [708, 2248], [711, 2248], [732, 2268], [728, 2272], [728, 2282], [732, 2286], [732, 2289], [739, 2296], [746, 2296], [749, 2292], [752, 2292], [756, 2289], [770, 2289], [773, 2292], [776, 2292], [780, 2296], [787, 2296], [790, 2299], [797, 2299], [800, 2303], [804, 2303], [814, 2313], [817, 2313], [821, 2316], [858, 2316], [862, 2320], [872, 2320], [876, 2323], [886, 2323], [889, 2327], [893, 2327], [896, 2330], [910, 2330], [913, 2333], [920, 2333], [923, 2337], [975, 2337], [978, 2333], [995, 2333], [999, 2337], [1009, 2337], [1012, 2340], [1019, 2340], [1023, 2337], [1026, 2337], [1029, 2333], [1033, 2333], [1036, 2330], [1043, 2330], [1047, 2333], [1053, 2333], [1057, 2337], [1060, 2337], [1064, 2340], [1070, 2340], [1081, 2351], [1081, 2354], [1084, 2357], [1091, 2357], [1094, 2354], [1105, 2354], [1108, 2351], [1122, 2351], [1125, 2347], [1163, 2347], [1166, 2351], [1170, 2351], [1173, 2347], [1190, 2347], [1194, 2344], [1197, 2347], [1211, 2347], [1214, 2351], [1228, 2351], [1231, 2347], [1259, 2347], [1262, 2344], [1289, 2344], [1293, 2340], [1296, 2340], [1303, 2333], [1306, 2333], [1310, 2337], [1313, 2337], [1317, 2340], [1324, 2340], [1327, 2344], [1344, 2344], [1354, 2333], [1358, 2333], [1368, 2323], [1375, 2323], [1382, 2330], [1382, 2333], [1392, 2344], [1395, 2344], [1399, 2347], [1409, 2337], [1412, 2337], [1419, 2330], [1423, 2330], [1430, 2323], [1447, 2323], [1460, 2337], [1460, 2340], [1464, 2344], [1464, 2347], [1467, 2351], [1477, 2351], [1481, 2347], [1484, 2347], [1495, 2337], [1505, 2337], [1508, 2333], [1515, 2333], [1518, 2330], [1518, 2327], [1522, 2323], [1522, 2316], [1525, 2313], [1525, 2306], [1529, 2303], [1529, 2286], [1532, 2282], [1532, 2279], [1529, 2275], [1529, 2251], [1525, 2248], [1525, 2245], [1522, 2241], [1522, 2214], [1525, 2210], [1525, 2176], [1529, 2173], [1529, 2162], [1532, 2159], [1532, 2145], [1536, 2142], [1536, 2139], [1539, 2135], [1539, 2121], [1542, 2118], [1542, 2101], [1546, 2098], [1546, 2084], [1549, 2080], [1549, 2056], [1553, 2053], [1553, 2033], [1549, 2029], [1549, 2005], [1546, 2002], [1546, 1995], [1542, 1992], [1542, 1978], [1539, 1974], [1539, 1971], [1536, 1968], [1536, 1964], [1539, 1961], [1539, 1954], [1542, 1951], [1542, 1947], [1546, 1944], [1546, 1937], [1549, 1933], [1549, 1930], [1553, 1927], [1553, 1923], [1556, 1920], [1556, 1882], [1560, 1879], [1560, 1841], [1556, 1838], [1556, 1814], [1553, 1810], [1553, 1786], [1549, 1783], [1549, 1769], [1553, 1766], [1553, 1752], [1556, 1749], [1556, 1735], [1560, 1732], [1560, 1725], [1563, 1721], [1563, 1711], [1566, 1708], [1566, 1694], [1570, 1691], [1570, 1670], [1573, 1667], [1573, 1656], [1577, 1653], [1577, 1636], [1580, 1633], [1580, 1605], [1583, 1602], [1583, 1598], [1587, 1595], [1587, 1578], [1590, 1574], [1590, 1561], [1594, 1557], [1594, 1547], [1604, 1537], [1618, 1537], [1618, 1256], [1324, 1256], [1324, 1270], [1320, 1274], [1313, 1274], [1310, 1277], [1303, 1277], [1293, 1267], [1293, 1256], [930, 1256], [930, 1267], [927, 1270], [917, 1270], [913, 1274], [862, 1274], [855, 1267], [855, 1256], [636, 1256]]",0.44,ASOK_CHAN001a.JPG,ASOK_CHAN001a,Andhra Pradesh,Āndhradeśa,Chandavaram,Panneau avec scènes narratives,1 A.D.,Stūpa ; panneau,bouddhisme,Telangana State Archaeology Museum,Maronet Léa
ASOK_CHAN001a_lotus_6919.png,lotus,"[[1689, 1297], [1689, 1557], [1700, 1557], [1703, 1561], [1703, 1564], [1707, 1568], [1707, 1585], [1710, 1588], [1710, 1595], [1713, 1598], [1713, 1615], [1717, 1619], [1717, 1639], [1720, 1643], [1720, 1650], [1724, 1653], [1724, 1701], [1720, 1704], [1720, 1783], [1724, 1786], [1720, 1790], [1720, 1814], [1717, 1817], [1717, 1834], [1713, 1838], [1713, 1858], [1710, 1862], [1710, 1865], [1707, 1868], [1707, 1906], [1710, 1909], [1710, 1974], [1713, 1978], [1713, 1985], [1710, 1988], [1710, 1995], [1713, 1998], [1713, 2074], [1710, 2077], [1710, 2094], [1707, 2098], [1707, 2121], [1703, 2125], [1703, 2149], [1700, 2152], [1689, 2152], [1689, 2378], [1713, 2378], [1717, 2381], [1724, 2381], [1727, 2385], [1731, 2385], [1737, 2392], [1737, 2402], [2014, 2402], [2014, 2392], [2021, 2385], [2028, 2385], [2035, 2378], [2038, 2378], [2042, 2374], [2045, 2374], [2049, 2371], [2059, 2371], [2062, 2368], [2069, 2368], [2073, 2364], [2079, 2364], [2083, 2361], [2090, 2361], [2096, 2354], [2100, 2354], [2103, 2351], [2107, 2351], [2110, 2347], [2114, 2347], [2120, 2340], [2124, 2340], [2127, 2337], [2138, 2337], [2144, 2330], [2144, 2327], [2148, 2323], [2148, 2320], [2151, 2316], [2155, 2316], [2158, 2313], [2168, 2313], [2172, 2316], [2175, 2316], [2179, 2320], [2182, 2320], [2185, 2323], [2189, 2323], [2192, 2327], [2196, 2327], [2199, 2330], [2202, 2330], [2206, 2333], [2209, 2333], [2213, 2337], [2223, 2337], [2226, 2340], [2230, 2340], [2233, 2344], [2285, 2344], [2288, 2340], [2295, 2340], [2298, 2344], [2305, 2344], [2308, 2340], [2350, 2340], [2353, 2337], [2391, 2337], [2394, 2340], [2428, 2340], [2432, 2344], [2473, 2344], [2476, 2347], [2493, 2347], [2497, 2351], [2507, 2351], [2510, 2354], [2531, 2354], [2534, 2357], [2558, 2357], [2562, 2361], [2586, 2361], [2589, 2364], [2616, 2364], [2620, 2368], [2650, 2368], [2654, 2371], [2692, 2371], [2695, 2374], [2722, 2374], [2726, 2378], [2780, 2378], [2780, 1297], [2093, 1297], [2093, 1311], [2096, 1315], [2096, 1325], [2086, 1335], [2079, 1335], [2076, 1332], [2069, 1332], [2066, 1328], [2062, 1328], [2042, 1308], [2042, 1297], [1689, 1297]]",0.71,ASOK_CHAN001a.JPG,ASOK_CHAN001a,Andhra Pradesh,Āndhradeśa,Chandavaram,Panneau avec scènes narratives,1 A.D.,Stūpa ; panneau,bouddhisme,Telangana State Archaeology Museum,Maronet Léa
ASOK_CHAN001a_lotus_6920.png,lotus,"[[2702, 1339], [2702, 2388], [2996, 2388], [2996, 2378], [2999, 2374], [3010, 2374], [3013, 2371], [3122, 2371], [3126, 2374], [3153, 2374], [3157, 2378], [3157, 2388], [3875, 2388], [3875, 1339], [3280, 1339], [3280, 1349], [3276, 1352], [3263, 1352], [3259, 1356], [3228, 1356], [3225, 1352], [3198, 1352], [3194, 1349], [3194, 1339], [2702, 1339]]",0.73,ASOK_CHAN001a.JPG,ASOK_CHAN001a,Andhra Pradesh,Āndhradeśa,Chandavaram,Panneau avec scènes narratives,1 A.D.,Stūpa ; panneau,bouddhisme,Telangana State Archaeology Museum,Maronet Léa
ASOK_CHAN001a_lotus_6921.png,lotus,"[[3988, 1366], [3988, 2415], [4542, 2415], [4542, 2405], [4545, 2402], [4559, 2402], [4562, 2398], [4579, 2398], [4583, 2395], [4596, 2395], [4600, 2392], [4610, 2392], [4614, 2388], [4627, 2388], [4631, 2385], [4709, 2385], [4713, 2388], [4720, 2388], [4723, 2392], [4750, 2392], [4754, 2395], [4757, 2392], [4774, 2392], [4778, 2395], [4791, 2395], [4802, 2405], [4802, 2415], [4880, 2415], [4880, 2402], [4884, 2398], [4884, 2395], [4887, 2392], [4887, 2374], [4894, 2368], [4894, 2364], [4897, 2361], [4897, 2357], [4904, 2351], [4904, 2347], [4915, 2337], [4915, 2306], [4908, 2299], [4908, 2296], [4904, 2292], [4904, 2275], [4901, 2272], [4901, 2245], [4904, 2241], [4904, 2173], [4908, 2169], [4908, 2166], [4911, 2162], [4911, 2156], [4915, 2152], [4915, 2142], [4921, 2135], [4921, 2132], [4925, 2128], [4925, 2125], [4928, 2121], [4928, 2115], [4932, 2111], [4932, 2104], [4935, 2101], [4935, 2087], [4938, 2084], [4938, 2080], [4942, 2077], [4942, 2070], [4945, 2067], [4945, 2060], [4949, 2056], [4949, 2050], [4952, 2046], [4952, 2029], [4956, 2026], [4956, 2015], [4959, 2012], [4959, 2005], [4962, 2002], [4962, 1995], [4966, 1992], [4966, 1985], [4969, 1981], [4969, 1974], [4973, 1971], [4973, 1954], [4976, 1951], [4976, 1927], [4980, 1923], [4980, 1817], [4983, 1814], [4980, 1810], [4980, 1752], [4976, 1749], [4976, 1742], [4980, 1739], [4980, 1728], [4986, 1721], [4997, 1721], [4997, 1366], [4860, 1366], [4860, 1376], [4856, 1380], [4846, 1380], [4843, 1376], [4843, 1366], [3988, 1366]]",0.62,ASOK_CHAN001a.JPG,ASOK_CHAN001a,Andhra Pradesh,Āndhradeśa,Chandavaram,Panneau avec scènes narratives,1 A.D.,Stūpa ; panneau,bouddhisme,Telangana State Archaeology Museum,Maronet Léa
ASOK_KAN032a_oie_6945.png,oie,"[[491, 516], [491, 547], [525, 547], [528, 551], [538, 551], [542, 554], [545, 554], [552, 561], [552, 568], [549, 571], [549, 575], [545, 578], [545, 581], [542, 585], [538, 585], [532, 592], [532, 595], [525, 602], [525, 605], [518, 612], [518, 616], [511, 622], [511, 629], [508, 633], [508, 640], [501, 646], [491, 646], [491, 722], [501, 722], [508, 728], [508, 732], [515, 739], [518, 739], [528, 749], [532, 749], [542, 759], [545, 759], [549, 763], [556, 763], [559, 766], [562, 766], [566, 770], [569, 770], [573, 773], [580, 773], [583, 776], [590, 776], [603, 790], [603, 793], [610, 800], [610, 811], [675, 811], [675, 800], [682, 793], [682, 790], [685, 787], [685, 780], [682, 776], [682, 763], [679, 759], [685, 752], [689, 752], [692, 749], [699, 749], [703, 746], [727, 746], [730, 742], [740, 742], [744, 746], [754, 746], [757, 749], [764, 749], [768, 752], [822, 752], [826, 749], [839, 749], [843, 746], [891, 746], [894, 742], [932, 742], [935, 739], [973, 739], [976, 742], [1003, 742], [1007, 739], [1024, 739], [1027, 735], [1034, 735], [1038, 732], [1048, 732], [1051, 728], [1062, 728], [1065, 725], [1068, 725], [1072, 722], [1075, 722], [1109, 687], [1109, 684], [1113, 681], [1113, 674], [1116, 670], [1116, 660], [1120, 657], [1120, 650], [1123, 646], [1123, 643], [1127, 640], [1127, 636], [1133, 629], [1133, 626], [1140, 619], [1140, 616], [1147, 609], [1147, 605], [1150, 602], [1150, 595], [1154, 592], [1154, 585], [1157, 581], [1157, 554], [1154, 551], [1154, 547], [1147, 540], [1144, 540], [1140, 537], [1127, 537], [1116, 527], [1116, 523], [1120, 520], [1120, 516], [1123, 513], [1123, 510], [1140, 492], [1144, 492], [1161, 475], [1161, 472], [1164, 469], [1164, 465], [1168, 462], [1168, 455], [1171, 451], [1171, 448], [1174, 445], [1185, 445], [1185, 434], [1174, 434], [1171, 431], [1171, 417], [997, 417], [997, 428], [993, 431], [990, 431], [986, 434], [976, 434], [973, 438], [959, 438], [956, 441], [928, 441], [925, 445], [833, 445], [829, 448], [826, 448], [822, 451], [815, 451], [812, 455], [802, 455], [798, 458], [795, 458], [791, 462], [788, 462], [785, 465], [778, 465], [774, 469], [771, 469], [768, 472], [764, 472], [761, 475], [754, 475], [750, 479], [747, 479], [744, 482], [740, 482], [737, 486], [733, 486], [727, 492], [720, 492], [716, 489], [713, 489], [703, 479], [703, 475], [699, 472], [699, 469], [696, 465], [696, 462], [685, 451], [682, 451], [679, 448], [672, 448], [668, 445], [644, 445], [641, 448], [617, 448], [614, 451], [600, 451], [597, 455], [586, 455], [583, 458], [576, 458], [573, 462], [569, 462], [528, 503], [525, 503], [521, 506], [518, 506], [515, 510], [511, 510], [504, 516], [491, 516]]",0.8,ASOK_KAN032a.JPG,ASOK_KAN032a,Karnataka,Āndhradeśa,Kaṇagaṇahaḷḷi,Cakravartin,1 B.C. ; 1 A.D. ; 2 A.D. ; 3 A.D. ,Stūpa ; panneau,bouddhisme,In situ,Maronet Léa
ASOK_KAN032a_oie_6961.png,oie,"[[2234, 291], [2234, 304], [2238, 308], [2238, 311], [2241, 315], [2245, 315], [2251, 321], [2251, 356], [2255, 359], [2255, 363], [2258, 366], [2258, 369], [2268, 380], [2268, 383], [2272, 386], [2272, 390], [2275, 393], [2279, 393], [2282, 397], [2286, 397], [2289, 400], [2292, 400], [2296, 404], [2306, 404], [2309, 407], [2313, 407], [2316, 410], [2320, 410], [2323, 414], [2323, 417], [2327, 421], [2327, 431], [2323, 434], [2323, 448], [2320, 451], [2320, 472], [2309, 482], [2309, 496], [2313, 496], [2316, 499], [2330, 499], [2333, 503], [2337, 503], [2347, 513], [2344, 516], [2344, 520], [2340, 523], [2330, 523], [2327, 527], [2316, 527], [2313, 530], [2309, 530], [2299, 540], [2299, 551], [2296, 554], [2296, 557], [2292, 561], [2289, 561], [2286, 564], [2282, 564], [2282, 568], [2289, 568], [2303, 581], [2306, 581], [2309, 585], [2340, 585], [2344, 581], [2354, 581], [2357, 578], [2364, 578], [2368, 575], [2374, 575], [2378, 571], [2378, 568], [2381, 564], [2385, 564], [2388, 561], [2405, 561], [2412, 554], [2433, 554], [2436, 557], [2453, 557], [2457, 561], [2463, 561], [2467, 564], [2470, 564], [2474, 568], [2480, 568], [2484, 571], [2487, 571], [2491, 575], [2498, 575], [2501, 578], [2511, 578], [2515, 581], [2518, 578], [2528, 578], [2542, 564], [2552, 564], [2566, 578], [2566, 592], [2569, 595], [2573, 595], [2580, 602], [2586, 602], [2590, 598], [2634, 598], [2638, 595], [2651, 595], [2655, 592], [2668, 592], [2672, 588], [2686, 588], [2689, 585], [2713, 585], [2716, 588], [2764, 588], [2768, 592], [2857, 592], [2860, 595], [2870, 595], [2880, 605], [2884, 605], [2887, 609], [2925, 609], [2928, 605], [2935, 605], [2939, 602], [2942, 602], [2945, 598], [2949, 598], [2952, 595], [2956, 595], [2959, 592], [2963, 592], [2969, 585], [2973, 585], [2976, 581], [2980, 581], [2983, 578], [2990, 578], [2997, 571], [3004, 571], [3007, 568], [3010, 568], [3014, 564], [3014, 561], [3017, 557], [3021, 557], [3024, 554], [3051, 554], [3055, 551], [3116, 551], [3120, 547], [3133, 547], [3137, 544], [3147, 544], [3151, 540], [3168, 540], [3171, 537], [3198, 537], [3202, 534], [3222, 534], [3226, 530], [3253, 530], [3257, 527], [3280, 527], [3284, 523], [3294, 523], [3298, 520], [3304, 520], [3308, 516], [3318, 516], [3321, 513], [3325, 513], [3332, 506], [3335, 506], [3352, 489], [3352, 486], [3356, 482], [3356, 479], [3359, 475], [3359, 472], [3363, 469], [3363, 462], [3366, 458], [3366, 455], [3369, 451], [3369, 448], [3376, 441], [3376, 438], [3380, 434], [3380, 431], [3383, 428], [3383, 404], [3380, 400], [3380, 397], [3352, 369], [3352, 366], [3342, 356], [3342, 352], [3335, 345], [3335, 342], [3321, 328], [3321, 325], [3318, 325], [3308, 315], [3304, 315], [3298, 308], [3294, 308], [3291, 304], [3287, 304], [3284, 301], [3284, 298], [3270, 284], [3270, 280], [3267, 277], [3263, 277], [3260, 274], [3257, 274], [3253, 270], [3250, 270], [3246, 267], [3243, 267], [3219, 243], [3219, 239], [3216, 236], [3216, 233], [3212, 229], [3212, 226], [3209, 222], [3209, 212], [3062, 212], [3062, 222], [3058, 226], [3051, 226], [3048, 229], [3041, 229], [3038, 233], [3034, 233], [3031, 236], [3017, 236], [3014, 239], [3004, 239], [3000, 236], [2983, 236], [2980, 233], [2959, 233], [2956, 236], [2942, 236], [2939, 239], [2935, 239], [2925, 250], [2921, 250], [2918, 253], [2915, 253], [2911, 256], [2908, 256], [2904, 260], [2898, 260], [2894, 263], [2884, 263], [2880, 267], [2870, 267], [2867, 270], [2863, 270], [2860, 274], [2857, 274], [2853, 277], [2850, 277], [2846, 280], [2843, 280], [2836, 287], [2833, 287], [2829, 291], [2826, 291], [2822, 294], [2819, 294], [2815, 298], [2802, 298], [2798, 294], [2798, 291], [2795, 287], [2795, 280], [2792, 277], [2792, 270], [2788, 267], [2788, 260], [2785, 256], [2785, 253], [2781, 250], [2781, 246], [2778, 243], [2778, 239], [2761, 222], [2761, 212], [2651, 212], [2651, 222], [2641, 233], [2638, 233], [2634, 236], [2631, 236], [2627, 239], [2624, 239], [2621, 243], [2617, 243], [2614, 246], [2580, 246], [2576, 243], [2573, 243], [2569, 239], [2566, 239], [2562, 243], [2552, 243], [2549, 246], [2542, 246], [2539, 250], [2535, 250], [2532, 253], [2528, 253], [2521, 260], [2518, 260], [2515, 263], [2511, 263], [2504, 270], [2501, 270], [2498, 274], [2494, 274], [2491, 277], [2487, 277], [2480, 284], [2477, 284], [2474, 287], [2467, 287], [2463, 291], [2460, 291], [2457, 294], [2453, 294], [2450, 298], [2446, 298], [2443, 301], [2439, 301], [2436, 304], [2433, 304], [2426, 311], [2422, 311], [2419, 315], [2415, 315], [2412, 318], [2409, 318], [2405, 321], [2402, 321], [2398, 325], [2395, 325], [2388, 332], [2381, 332], [2378, 335], [2364, 335], [2361, 332], [2351, 332], [2347, 328], [2327, 328], [2323, 325], [2306, 325], [2303, 321], [2296, 321], [2292, 318], [2279, 318], [2268, 308], [2268, 304], [2265, 301], [2265, 298], [2262, 294], [2255, 294], [2251, 291], [2245, 291], [2241, 287], [2238, 287], [2234, 291]]",0.41,ASOK_KAN032a.JPG,ASOK_KAN032a,Karnataka,Āndhradeśa,Kaṇagaṇahaḷḷi,Cakravartin,1 B.C. ; 1 A.D. ; 2 A.D. ; 3 A.D. ,Stūpa ; panneau,bouddhisme,In situ,Maronet Léa
ASOK_KAN032a_oie_6962.png,oie,"[[1188, 400], [1188, 523], [1198, 523], [1205, 530], [1205, 540], [1209, 544], [1209, 551], [1212, 554], [1212, 557], [1215, 561], [1215, 564], [1226, 575], [1226, 578], [1229, 581], [1233, 581], [1236, 585], [1239, 585], [1243, 588], [1250, 588], [1253, 592], [1256, 592], [1260, 595], [1263, 595], [1284, 616], [1287, 616], [1297, 626], [1301, 626], [1315, 640], [1315, 643], [1332, 660], [1335, 660], [1339, 663], [1352, 663], [1356, 667], [1366, 667], [1369, 670], [1376, 670], [1380, 674], [1383, 674], [1386, 677], [1393, 677], [1397, 681], [1403, 681], [1407, 684], [1414, 684], [1417, 687], [1421, 687], [1424, 691], [1424, 701], [1540, 701], [1540, 691], [1547, 684], [1550, 684], [1557, 677], [1598, 677], [1602, 674], [1619, 674], [1622, 670], [1636, 670], [1639, 667], [1656, 667], [1660, 663], [1677, 663], [1680, 660], [1704, 660], [1708, 657], [1721, 657], [1725, 653], [1745, 653], [1749, 650], [1780, 650], [1783, 646], [1807, 646], [1810, 643], [1838, 643], [1841, 640], [1872, 640], [1879, 646], [1882, 646], [1886, 650], [1916, 650], [1920, 646], [1937, 646], [1940, 643], [1944, 643], [1951, 636], [1954, 636], [1961, 629], [1964, 629], [1971, 622], [1974, 622], [1985, 612], [1988, 612], [1995, 605], [1998, 605], [2002, 602], [2009, 602], [2012, 598], [2033, 598], [2036, 595], [2077, 595], [2080, 592], [2094, 592], [2098, 588], [2108, 588], [2111, 585], [2118, 585], [2121, 581], [2128, 581], [2132, 578], [2135, 578], [2139, 575], [2142, 575], [2145, 571], [2149, 571], [2156, 564], [2159, 564], [2169, 554], [2173, 554], [2190, 537], [2190, 534], [2193, 530], [2193, 527], [2197, 523], [2197, 516], [2200, 513], [2200, 510], [2204, 506], [2204, 503], [2207, 499], [2207, 496], [2204, 492], [2204, 489], [2200, 486], [2200, 479], [2204, 475], [2204, 472], [2214, 462], [2214, 458], [2224, 448], [2224, 445], [2227, 441], [2227, 438], [2231, 434], [2231, 428], [2227, 424], [2227, 417], [2224, 414], [2224, 410], [2221, 407], [2221, 400], [2207, 386], [2204, 386], [2200, 383], [2186, 383], [2183, 380], [2173, 380], [2162, 369], [2162, 366], [2159, 363], [2159, 356], [2162, 352], [2162, 349], [2166, 345], [2166, 342], [2183, 325], [2183, 321], [2186, 318], [2186, 315], [2190, 311], [2190, 301], [2186, 298], [2186, 294], [2183, 291], [2183, 280], [2077, 280], [2077, 291], [2074, 294], [2070, 294], [2067, 298], [2063, 298], [2060, 301], [2053, 301], [2050, 304], [2039, 304], [2036, 308], [2026, 308], [2022, 311], [2015, 311], [2012, 315], [1998, 315], [1995, 311], [1985, 311], [1981, 315], [1978, 311], [1947, 311], [1944, 308], [1906, 308], [1903, 311], [1896, 311], [1892, 315], [1889, 315], [1886, 318], [1879, 318], [1875, 321], [1868, 321], [1862, 328], [1858, 328], [1855, 332], [1851, 332], [1848, 335], [1845, 335], [1838, 342], [1834, 342], [1827, 349], [1821, 349], [1821, 352], [1817, 356], [1817, 359], [1807, 369], [1807, 383], [1803, 386], [1803, 390], [1800, 393], [1797, 393], [1793, 397], [1790, 397], [1783, 404], [1752, 404], [1749, 400], [1742, 400], [1739, 397], [1735, 397], [1732, 393], [1725, 393], [1721, 390], [1711, 390], [1708, 386], [1680, 386], [1674, 380], [1674, 376], [1670, 373], [1670, 363], [1667, 359], [1667, 349], [1663, 345], [1656, 345], [1653, 342], [1643, 342], [1639, 339], [1636, 339], [1633, 342], [1622, 342], [1619, 345], [1615, 345], [1612, 349], [1595, 349], [1592, 345], [1588, 345], [1585, 342], [1574, 342], [1571, 345], [1564, 345], [1561, 342], [1554, 342], [1550, 345], [1544, 345], [1540, 349], [1537, 349], [1537, 352], [1533, 356], [1533, 359], [1527, 366], [1503, 366], [1499, 369], [1486, 369], [1482, 373], [1475, 373], [1472, 376], [1468, 376], [1465, 380], [1465, 383], [1458, 390], [1455, 390], [1451, 393], [1431, 393], [1427, 397], [1417, 397], [1414, 393], [1390, 393], [1386, 390], [1373, 390], [1369, 386], [1356, 386], [1352, 383], [1328, 383], [1325, 386], [1270, 386], [1267, 383], [1239, 383], [1236, 386], [1219, 386], [1215, 390], [1209, 390], [1198, 400], [1188, 400]]",0.38,ASOK_KAN032a.JPG,ASOK_KAN032a,Karnataka,Āndhradeśa,Kaṇagaṇahaḷḷi,Cakravartin,1 B.C. ; 1 A.D. ; 2 A.D. ; 3 A.D. ,Stūpa ; panneau,bouddhisme,In situ,Maronet Léa
ASOK_KAN032a_lotus_6963.png,lotus,"[[1120, 657], [1120, 739], [1137, 739], [1140, 742], [1144, 742], [1147, 746], [1154, 746], [1157, 749], [1195, 749], [1198, 752], [1202, 749], [1233, 749], [1236, 746], [1246, 746], [1250, 742], [1256, 742], [1260, 739], [1267, 739], [1270, 735], [1274, 735], [1277, 732], [1280, 732], [1287, 725], [1291, 725], [1301, 715], [1301, 711], [1311, 701], [1311, 698], [1315, 694], [1315, 684], [1318, 681], [1318, 663], [1315, 660], [1315, 657], [1311, 653], [1311, 650], [1308, 646], [1308, 643], [1301, 636], [1301, 633], [1280, 612], [1277, 612], [1270, 605], [1270, 602], [1260, 592], [1256, 592], [1253, 588], [1246, 588], [1243, 585], [1239, 585], [1233, 578], [1229, 578], [1226, 575], [1222, 575], [1219, 571], [1219, 568], [1215, 564], [1212, 564], [1212, 568], [1219, 575], [1219, 578], [1222, 581], [1222, 585], [1229, 592], [1229, 595], [1226, 598], [1222, 598], [1219, 602], [1215, 602], [1209, 609], [1205, 609], [1202, 612], [1198, 612], [1185, 626], [1178, 626], [1174, 629], [1164, 629], [1161, 633], [1157, 633], [1154, 636], [1150, 636], [1130, 657], [1120, 657]]",0.8,ASOK_KAN032a.JPG,ASOK_KAN032a,Karnataka,Āndhradeśa,Kaṇagaṇahaḷḷi,Cakravartin,1 B.C. ; 1 A.D. ; 2 A.D. ; 3 A.D. ,Stūpa ; panneau,bouddhisme,In situ,Maronet Léa
ASOK_KAN032a_lion_6964.png,lion,"[[2159, 790], [2159, 872], [2169, 872], [2173, 876], [2173, 879], [2176, 882], [2176, 886], [2183, 893], [2183, 896], [2186, 896], [2190, 899], [2200, 899], [2207, 906], [2214, 906], [2217, 910], [2234, 910], [2238, 913], [2245, 913], [2248, 917], [2251, 917], [2258, 923], [2258, 951], [2255, 954], [2255, 964], [2245, 975], [2241, 975], [2238, 978], [2234, 978], [2231, 982], [2200, 982], [2197, 985], [2190, 985], [2186, 988], [2183, 988], [2180, 992], [2176, 992], [2169, 999], [2159, 999], [2159, 1194], [2351, 1194], [2351, 1183], [2357, 1176], [2368, 1176], [2371, 1173], [2381, 1173], [2385, 1170], [2457, 1170], [2460, 1166], [2477, 1166], [2480, 1163], [2498, 1163], [2501, 1159], [2518, 1159], [2521, 1156], [2539, 1156], [2542, 1153], [2552, 1153], [2556, 1149], [2566, 1149], [2569, 1146], [2573, 1146], [2576, 1142], [2583, 1142], [2586, 1139], [2597, 1139], [2600, 1135], [2624, 1135], [2627, 1132], [2651, 1132], [2655, 1129], [2675, 1129], [2679, 1132], [2682, 1132], [2689, 1139], [2692, 1139], [2699, 1146], [2703, 1146], [2710, 1153], [2713, 1153], [2716, 1156], [2727, 1156], [2730, 1159], [2740, 1159], [2744, 1163], [2802, 1163], [2805, 1159], [2853, 1159], [2857, 1163], [2901, 1163], [2904, 1159], [2949, 1159], [2952, 1156], [2990, 1156], [2993, 1153], [3048, 1153], [3051, 1156], [3113, 1156], [3116, 1153], [3137, 1153], [3140, 1149], [3171, 1149], [3174, 1146], [3212, 1146], [3216, 1149], [3226, 1149], [3229, 1153], [3236, 1153], [3239, 1156], [3246, 1156], [3250, 1159], [3257, 1159], [3260, 1163], [3284, 1163], [3287, 1166], [3342, 1166], [3345, 1163], [3414, 1163], [3414, 1070], [3400, 1070], [3386, 1057], [3386, 1050], [3383, 1047], [3383, 1043], [3386, 1040], [3386, 1033], [3390, 1029], [3390, 1002], [3386, 999], [3386, 988], [3383, 985], [3383, 978], [3380, 975], [3380, 971], [3376, 968], [3376, 964], [3369, 958], [3369, 954], [3366, 951], [3366, 947], [3352, 934], [3349, 934], [3345, 930], [3342, 930], [3339, 927], [3335, 927], [3332, 923], [3328, 923], [3325, 920], [3321, 920], [3315, 913], [3311, 913], [3308, 910], [3304, 910], [3301, 906], [3294, 906], [3291, 903], [3284, 903], [3280, 899], [3277, 899], [3274, 896], [3267, 896], [3260, 889], [3257, 889], [3250, 882], [3246, 882], [3243, 879], [3239, 879], [3236, 876], [3233, 876], [3229, 872], [3226, 872], [3222, 869], [3219, 869], [3216, 865], [3212, 865], [3209, 862], [3205, 862], [3202, 858], [3198, 858], [3195, 855], [3192, 855], [3188, 852], [3185, 852], [3181, 848], [3178, 848], [3174, 845], [3171, 845], [3164, 838], [3157, 838], [3154, 834], [3151, 834], [3144, 828], [3140, 828], [3137, 824], [3133, 824], [3127, 817], [3123, 817], [3113, 807], [3110, 807], [3106, 804], [3103, 804], [3096, 797], [3092, 797], [3086, 790], [3079, 790], [3075, 787], [3072, 787], [3068, 783], [3062, 783], [3058, 780], [3034, 780], [3031, 776], [3007, 776], [3004, 780], [2993, 780], [2990, 783], [2986, 783], [2980, 790], [2980, 793], [2973, 800], [2973, 804], [2949, 828], [2949, 831], [2945, 834], [2945, 838], [2942, 841], [2942, 845], [2935, 852], [2935, 855], [2932, 858], [2932, 862], [2921, 872], [2918, 872], [2915, 876], [2908, 876], [2904, 879], [2901, 879], [2898, 882], [2887, 882], [2884, 886], [2867, 886], [2863, 889], [2788, 889], [2785, 886], [2744, 886], [2740, 882], [2720, 882], [2716, 879], [2710, 879], [2706, 876], [2699, 876], [2696, 872], [2689, 872], [2686, 869], [2675, 869], [2672, 865], [2668, 865], [2665, 862], [2662, 862], [2658, 858], [2655, 858], [2645, 848], [2641, 848], [2631, 838], [2631, 834], [2597, 800], [2597, 797], [2583, 783], [2583, 780], [2573, 770], [2573, 766], [2559, 752], [2559, 749], [2556, 746], [2556, 739], [2559, 735], [2559, 728], [2576, 711], [2580, 711], [2593, 698], [2593, 694], [2597, 691], [2597, 687], [2593, 684], [2593, 677], [2590, 674], [2586, 674], [2583, 670], [2556, 670], [2552, 674], [2508, 674], [2504, 677], [2491, 677], [2487, 681], [2484, 681], [2480, 677], [2474, 677], [2470, 674], [2467, 674], [2463, 670], [2460, 670], [2457, 667], [2453, 667], [2443, 657], [2436, 657], [2433, 653], [2419, 653], [2415, 650], [2409, 650], [2405, 646], [2405, 636], [2374, 636], [2374, 646], [2371, 650], [2357, 650], [2354, 653], [2337, 653], [2333, 657], [2327, 657], [2323, 660], [2320, 660], [2316, 663], [2313, 663], [2306, 670], [2303, 670], [2289, 684], [2286, 684], [2282, 687], [2279, 687], [2275, 691], [2272, 691], [2268, 694], [2262, 694], [2258, 698], [2251, 698], [2248, 701], [2245, 701], [2241, 705], [2238, 705], [2234, 708], [2231, 708], [2227, 711], [2224, 711], [2210, 725], [2207, 725], [2200, 732], [2200, 735], [2190, 746], [2190, 749], [2183, 756], [2183, 759], [2180, 763], [2180, 770], [2176, 773], [2176, 780], [2173, 783], [2173, 787], [2169, 790], [2159, 790]]",0.68,ASOK_KAN032a.JPG,ASOK_KAN032a,Karnataka,Āndhradeśa,Kaṇagaṇahaḷḷi,Cakravartin,1 B.C. ; 1 A.D. ; 2 A.D. ; 3 A.D. ,Stūpa ; panneau,bouddhisme,In situ,Maronet Léa
ASOK_KAN032a_lotus_6965.png,lotus,"[[2227, 1908], [2227, 2329], [2238, 2329], [2245, 2336], [2245, 2339], [2258, 2353], [2258, 2356], [2268, 2367], [2268, 2370], [2275, 2377], [2275, 2380], [2296, 2401], [2299, 2401], [2303, 2404], [2306, 2404], [2313, 2411], [2316, 2411], [2320, 2415], [2323, 2415], [2327, 2418], [2330, 2418], [2333, 2421], [2340, 2421], [2344, 2425], [2347, 2425], [2351, 2428], [2357, 2428], [2361, 2432], [2419, 2432], [2422, 2428], [2433, 2428], [2436, 2425], [2443, 2425], [2446, 2421], [2453, 2421], [2457, 2418], [2460, 2418], [2463, 2415], [2467, 2415], [2470, 2411], [2474, 2411], [2498, 2387], [2501, 2387], [2504, 2384], [2508, 2384], [2511, 2380], [2515, 2380], [2518, 2377], [2521, 2377], [2525, 2373], [2556, 2373], [2559, 2377], [2566, 2377], [2569, 2380], [2573, 2380], [2576, 2384], [2580, 2384], [2586, 2391], [2590, 2391], [2597, 2397], [2600, 2397], [2607, 2404], [2610, 2404], [2614, 2408], [2621, 2408], [2624, 2411], [2627, 2411], [2631, 2415], [2638, 2415], [2641, 2418], [2651, 2418], [2655, 2421], [2658, 2421], [2662, 2425], [2686, 2425], [2689, 2428], [2706, 2428], [2710, 2425], [2730, 2425], [2733, 2421], [2761, 2421], [2764, 2418], [2815, 2418], [2819, 2415], [2853, 2415], [2857, 2411], [2870, 2411], [2874, 2408], [2877, 2408], [2880, 2404], [2887, 2404], [2891, 2401], [2898, 2401], [2901, 2397], [2908, 2397], [2911, 2394], [2993, 2394], [2997, 2397], [3004, 2397], [3007, 2401], [3010, 2401], [3017, 2408], [3021, 2408], [3024, 2411], [3027, 2411], [3031, 2415], [3034, 2415], [3041, 2421], [3048, 2421], [3051, 2425], [3055, 2425], [3058, 2428], [3062, 2428], [3065, 2432], [3072, 2432], [3075, 2435], [3092, 2435], [3096, 2438], [3127, 2438], [3130, 2435], [3144, 2435], [3147, 2432], [3154, 2432], [3157, 2428], [3168, 2428], [3171, 2425], [3174, 2425], [3181, 2418], [3185, 2418], [3195, 2408], [3195, 2404], [3198, 2401], [3198, 2387], [3202, 2384], [3202, 2322], [3205, 2319], [3205, 2302], [3209, 2298], [3209, 2285], [3212, 2281], [3212, 2274], [3216, 2271], [3216, 2264], [3219, 2261], [3219, 2254], [3226, 2247], [3226, 2244], [3233, 2237], [3233, 2226], [3236, 2223], [3236, 2213], [3239, 2209], [3239, 2168], [3250, 2158], [3253, 2158], [3260, 2151], [3263, 2151], [3277, 2138], [3277, 2134], [3280, 2131], [3280, 2127], [3284, 2124], [3284, 2120], [3287, 2117], [3287, 2114], [3291, 2110], [3291, 2100], [3294, 2096], [3304, 2096], [3304, 1908], [2227, 1908]]",0.95,ASOK_KAN032a.JPG,ASOK_KAN032a,Karnataka,Āndhradeśa,Kaṇagaṇahaḷḷi,Cakravartin,1 B.C. ; 1 A.D. ; 2 A.D. ; 3 A.D. ,Stūpa ; panneau,bouddhisme,In situ,Maronet Léa
ASOK_KAN032a_lotus_6966.png,lotus,"[[2173, 2832], [2173, 3369], [2183, 3369], [2186, 3372], [2186, 3376], [2190, 3379], [2190, 3382], [2193, 3386], [2193, 3389], [2197, 3393], [2197, 3399], [2200, 3403], [2200, 3406], [2204, 3410], [2204, 3413], [2210, 3420], [2210, 3423], [2214, 3427], [2214, 3430], [2217, 3434], [2217, 3437], [2224, 3444], [2224, 3447], [2227, 3451], [2227, 3454], [2234, 3461], [2234, 3464], [2245, 3475], [2245, 3478], [2255, 3488], [2255, 3492], [2272, 3509], [2275, 3509], [2282, 3516], [2286, 3516], [2289, 3519], [2292, 3519], [2299, 3526], [2303, 3526], [2306, 3529], [2313, 3529], [2316, 3533], [2327, 3533], [2330, 3536], [2361, 3536], [2364, 3533], [2381, 3533], [2385, 3529], [2392, 3529], [2395, 3526], [2402, 3526], [2405, 3523], [2409, 3523], [2412, 3519], [2415, 3519], [2419, 3516], [2422, 3516], [2446, 3492], [2446, 3488], [2460, 3475], [2463, 3475], [2470, 3468], [2508, 3468], [2511, 3471], [2521, 3471], [2525, 3475], [2539, 3475], [2542, 3478], [2549, 3478], [2552, 3482], [2559, 3482], [2562, 3485], [2569, 3485], [2573, 3488], [2586, 3488], [2590, 3492], [2607, 3492], [2610, 3495], [2641, 3495], [2645, 3492], [2730, 3492], [2733, 3495], [2761, 3495], [2764, 3499], [2870, 3499], [2874, 3495], [2894, 3495], [2898, 3492], [2904, 3492], [2908, 3488], [2915, 3488], [2918, 3485], [2925, 3485], [2928, 3482], [2932, 3482], [2935, 3478], [2939, 3478], [2942, 3475], [2952, 3475], [2956, 3471], [2986, 3471], [2990, 3475], [2997, 3475], [3017, 3495], [3017, 3499], [3024, 3506], [3027, 3506], [3031, 3509], [3045, 3509], [3048, 3512], [3120, 3512], [3123, 3516], [3130, 3516], [3133, 3519], [3144, 3519], [3147, 3523], [3151, 3523], [3154, 3526], [3161, 3526], [3164, 3529], [3171, 3529], [3174, 3526], [3178, 3526], [3181, 3523], [3198, 3523], [3202, 3519], [3205, 3519], [3209, 3516], [3216, 3516], [3219, 3512], [3222, 3512], [3226, 3509], [3229, 3509], [3233, 3506], [3236, 3506], [3294, 3447], [3294, 3444], [3301, 3437], [3301, 3434], [3308, 3427], [3308, 3423], [3311, 3420], [3311, 3413], [3315, 3410], [3315, 3403], [3318, 3399], [3318, 3393], [3321, 3389], [3332, 3389], [3332, 2928], [3321, 2928], [3318, 2924], [3318, 2904], [3321, 2900], [3332, 2900], [3332, 2777], [3321, 2777], [3315, 2770], [3315, 2767], [3311, 2763], [3311, 2760], [3308, 2757], [3308, 2750], [3304, 2746], [3304, 2729], [3301, 2726], [3301, 2722], [3304, 2719], [3304, 2715], [3301, 2712], [3301, 2668], [3304, 2664], [3304, 2657], [3301, 2654], [3301, 2644], [3294, 2637], [3294, 2633], [3287, 2627], [3284, 2627], [3277, 2620], [3274, 2620], [3263, 2609], [3260, 2609], [3216, 2565], [3212, 2565], [3188, 2541], [3185, 2541], [3174, 2531], [3171, 2531], [3168, 2527], [3164, 2527], [3161, 2524], [3157, 2524], [3151, 2517], [3147, 2517], [3144, 2514], [3140, 2514], [3137, 2510], [3133, 2510], [3130, 2507], [3130, 2497], [3017, 2497], [3017, 2507], [3010, 2514], [3004, 2514], [3000, 2517], [2993, 2517], [2990, 2521], [2983, 2521], [2980, 2524], [2963, 2524], [2959, 2521], [2952, 2521], [2949, 2517], [2942, 2517], [2939, 2514], [2935, 2514], [2932, 2510], [2928, 2510], [2925, 2507], [2925, 2497], [2556, 2497], [2556, 2507], [2552, 2510], [2549, 2510], [2545, 2514], [2535, 2514], [2532, 2517], [2515, 2517], [2511, 2514], [2501, 2514], [2494, 2507], [2494, 2497], [2385, 2497], [2385, 2507], [2381, 2510], [2378, 2510], [2374, 2514], [2361, 2514], [2357, 2517], [2347, 2517], [2344, 2521], [2333, 2521], [2330, 2524], [2320, 2524], [2316, 2527], [2303, 2527], [2299, 2531], [2292, 2531], [2289, 2534], [2282, 2534], [2279, 2538], [2275, 2538], [2272, 2541], [2265, 2541], [2262, 2544], [2258, 2544], [2251, 2551], [2248, 2551], [2241, 2558], [2238, 2558], [2231, 2565], [2231, 2568], [2227, 2572], [2227, 2575], [2224, 2579], [2224, 2582], [2221, 2586], [2221, 2589], [2217, 2592], [2217, 2599], [2214, 2603], [2214, 2630], [2210, 2633], [2210, 2650], [2207, 2654], [2207, 2671], [2204, 2674], [2204, 2702], [2200, 2705], [2200, 2722], [2197, 2726], [2197, 2739], [2193, 2743], [2193, 2804], [2197, 2808], [2193, 2811], [2193, 2822], [2183, 2832], [2173, 2832]]",0.97,ASOK_KAN032a.JPG,ASOK_KAN032a,Karnataka,Āndhradeśa,Kaṇagaṇahaḷḷi,Cakravartin,1 B.C. ; 1 A.D. ; 2 A.D. ; 3 A.D. ,Stūpa ; panneau,bouddhisme,In situ,Maronet Léa
ASOK_KAN032a_lotus_6967.png,lotus,"[[2091, 3779], [2091, 4210], [2125, 4210], [2128, 4213], [2142, 4213], [2145, 4217], [2169, 4217], [2173, 4220], [2186, 4220], [2190, 4224], [2238, 4224], [2241, 4227], [2309, 4227], [2313, 4231], [2368, 4231], [2371, 4234], [2409, 4234], [2412, 4237], [2429, 4237], [2433, 4241], [2443, 4241], [2446, 4244], [2515, 4244], [2518, 4248], [2562, 4248], [2566, 4251], [2597, 4251], [2600, 4254], [2627, 4254], [2631, 4258], [2651, 4258], [2655, 4261], [2675, 4261], [2679, 4265], [2692, 4265], [2696, 4268], [2747, 4268], [2751, 4272], [2778, 4272], [2781, 4268], [2819, 4268], [2822, 4265], [2867, 4265], [2870, 4261], [2891, 4261], [2894, 4265], [2990, 4265], [2993, 4268], [3007, 4268], [3010, 4272], [3014, 4272], [3017, 4275], [3017, 4285], [3318, 4285], [3318, 3762], [3301, 3762], [3298, 3759], [3287, 3759], [3284, 3755], [3277, 3755], [3274, 3752], [3267, 3752], [3263, 3748], [3260, 3748], [3253, 3741], [3250, 3741], [3246, 3738], [3243, 3738], [3236, 3731], [3233, 3731], [3229, 3728], [3226, 3728], [3222, 3724], [3219, 3724], [3216, 3721], [3212, 3721], [3209, 3718], [3202, 3718], [3198, 3714], [3192, 3714], [3188, 3711], [3185, 3711], [3181, 3707], [3174, 3707], [3171, 3704], [3168, 3704], [3164, 3700], [3161, 3700], [3157, 3697], [3147, 3697], [3144, 3694], [3133, 3694], [3130, 3690], [3116, 3690], [3113, 3687], [3103, 3687], [3099, 3683], [3096, 3683], [3092, 3680], [3086, 3680], [3082, 3676], [3068, 3676], [3065, 3673], [3027, 3673], [3024, 3676], [3010, 3676], [3007, 3680], [2997, 3680], [2993, 3683], [2976, 3683], [2973, 3687], [2963, 3687], [2959, 3683], [2949, 3683], [2945, 3680], [2939, 3680], [2935, 3676], [2932, 3676], [2928, 3673], [2925, 3673], [2921, 3670], [2915, 3670], [2911, 3666], [2908, 3666], [2901, 3659], [2898, 3659], [2894, 3656], [2891, 3656], [2887, 3653], [2884, 3653], [2880, 3649], [2877, 3649], [2870, 3642], [2870, 3632], [2535, 3632], [2535, 3642], [2532, 3646], [2528, 3646], [2525, 3649], [2518, 3649], [2515, 3653], [2504, 3653], [2501, 3656], [2494, 3656], [2491, 3659], [2487, 3659], [2484, 3663], [2470, 3663], [2467, 3666], [2457, 3666], [2453, 3663], [2446, 3663], [2439, 3656], [2436, 3656], [2433, 3653], [2429, 3653], [2426, 3649], [2422, 3649], [2415, 3642], [2415, 3632], [2251, 3632], [2251, 3642], [2238, 3656], [2234, 3656], [2231, 3659], [2227, 3659], [2224, 3663], [2217, 3663], [2214, 3666], [2210, 3666], [2207, 3670], [2200, 3670], [2197, 3673], [2193, 3673], [2190, 3676], [2186, 3676], [2183, 3680], [2180, 3680], [2176, 3683], [2169, 3683], [2166, 3687], [2162, 3687], [2159, 3690], [2156, 3690], [2142, 3704], [2142, 3707], [2139, 3711], [2139, 3714], [2132, 3721], [2132, 3724], [2125, 3731], [2125, 3735], [2121, 3738], [2121, 3741], [2118, 3745], [2118, 3748], [2115, 3752], [2115, 3755], [2111, 3759], [2111, 3762], [2108, 3765], [2108, 3772], [2101, 3779], [2091, 3779]]",0.92,ASOK_KAN032a.JPG,ASOK_KAN032a,Karnataka,Āndhradeśa,Kaṇagaṇahaḷḷi,Cakravartin,1 B.C. ; 1 A.D. ; 2 A.D. ; 3 A.D. ,Stūpa ; panneau,bouddhisme,In situ,Maronet Léa
ASOK_MAT060_éléphant_7083.png,éléphant,"[[663, 1974], [663, 2306], [739, 2306], [742, 2309], [787, 2309], [790, 2306], [824, 2306], [828, 2303], [855, 2303], [858, 2299], [876, 2299], [879, 2296], [886, 2296], [889, 2292], [893, 2292], [899, 2286], [903, 2286], [906, 2282], [910, 2282], [910, 2279], [906, 2275], [903, 2275], [899, 2272], [896, 2272], [893, 2268], [893, 2265], [889, 2262], [889, 2255], [886, 2251], [886, 2245], [882, 2241], [882, 2238], [879, 2234], [872, 2234], [869, 2231], [858, 2231], [855, 2234], [852, 2234], [848, 2231], [841, 2231], [838, 2227], [821, 2227], [817, 2231], [814, 2231], [811, 2234], [804, 2234], [800, 2238], [797, 2234], [793, 2234], [790, 2231], [787, 2231], [783, 2227], [783, 2224], [780, 2221], [780, 2180], [783, 2176], [783, 2152], [787, 2149], [787, 2142], [793, 2135], [800, 2135], [804, 2132], [814, 2132], [817, 2135], [824, 2135], [828, 2139], [831, 2139], [841, 2149], [845, 2149], [848, 2152], [852, 2152], [855, 2156], [858, 2156], [862, 2159], [886, 2159], [889, 2156], [899, 2156], [903, 2152], [923, 2152], [927, 2149], [951, 2149], [954, 2145], [975, 2145], [978, 2142], [982, 2142], [985, 2139], [988, 2139], [995, 2132], [999, 2132], [1002, 2128], [1005, 2128], [1009, 2125], [1023, 2125], [1026, 2121], [1029, 2121], [1033, 2125], [1036, 2125], [1040, 2128], [1043, 2128], [1050, 2135], [1053, 2135], [1057, 2139], [1057, 2142], [1064, 2149], [1064, 2152], [1070, 2159], [1070, 2162], [1074, 2166], [1074, 2169], [1077, 2173], [1077, 2207], [1081, 2210], [1081, 2234], [1084, 2238], [1084, 2251], [1088, 2255], [1088, 2265], [1091, 2268], [1091, 2275], [1094, 2279], [1094, 2303], [1098, 2306], [1098, 2309], [1101, 2309], [1105, 2313], [1108, 2313], [1112, 2316], [1259, 2316], [1262, 2313], [1279, 2313], [1282, 2309], [1293, 2309], [1293, 2282], [1289, 2279], [1289, 2275], [1286, 2272], [1286, 2268], [1282, 2265], [1282, 2262], [1279, 2258], [1279, 2251], [1276, 2248], [1276, 2227], [1272, 2224], [1272, 2207], [1269, 2204], [1269, 2193], [1265, 2190], [1265, 2186], [1262, 2183], [1262, 2176], [1259, 2173], [1259, 2159], [1255, 2156], [1255, 2149], [1252, 2145], [1252, 2128], [1248, 2125], [1248, 2111], [1252, 2108], [1252, 2084], [1255, 2080], [1255, 2029], [1252, 2026], [1252, 2015], [1255, 2012], [1255, 1985], [1259, 1981], [1259, 1964], [1262, 1961], [1262, 1954], [1265, 1951], [1269, 1951], [1272, 1947], [1286, 1947], [1289, 1951], [1306, 1951], [1310, 1954], [1313, 1954], [1317, 1957], [1320, 1957], [1324, 1961], [1327, 1961], [1330, 1964], [1341, 1964], [1344, 1968], [1354, 1968], [1358, 1971], [1365, 1971], [1368, 1974], [1375, 1974], [1378, 1978], [1382, 1978], [1385, 1981], [1389, 1981], [1395, 1988], [1399, 1988], [1409, 1998], [1409, 2002], [1423, 2015], [1423, 2019], [1433, 2029], [1433, 2033], [1436, 2036], [1436, 2043], [1440, 2046], [1440, 2091], [1443, 2094], [1443, 2101], [1447, 2104], [1447, 2108], [1454, 2115], [1454, 2118], [1457, 2121], [1457, 2128], [1460, 2132], [1460, 2142], [1464, 2145], [1464, 2197], [1460, 2200], [1460, 2210], [1447, 2224], [1443, 2224], [1440, 2227], [1440, 2231], [1430, 2241], [1426, 2241], [1419, 2248], [1416, 2248], [1412, 2251], [1412, 2255], [1409, 2258], [1409, 2262], [1406, 2265], [1406, 2268], [1402, 2272], [1402, 2275], [1399, 2279], [1399, 2289], [1395, 2292], [1395, 2296], [1399, 2299], [1399, 2306], [1402, 2306], [1406, 2309], [1426, 2309], [1430, 2313], [1477, 2313], [1481, 2309], [1484, 2309], [1488, 2313], [1518, 2313], [1522, 2316], [1532, 2316], [1536, 2320], [1539, 2320], [1542, 2323], [1542, 2333], [1919, 2333], [1919, 2323], [1925, 2316], [1929, 2316], [1936, 2309], [1936, 2306], [1939, 2303], [1939, 2296], [1943, 2292], [1943, 2282], [1946, 2279], [1946, 2262], [1949, 2258], [1949, 2238], [1953, 2234], [1953, 2224], [1949, 2221], [1949, 2210], [1943, 2204], [1943, 2200], [1939, 2197], [1939, 2193], [1929, 2183], [1929, 2180], [1922, 2173], [1922, 2159], [1925, 2156], [1925, 2152], [1932, 2145], [1932, 2142], [1936, 2139], [1936, 2132], [1939, 2128], [1939, 2121], [1943, 2118], [1943, 2115], [1946, 2111], [1946, 2104], [1953, 2098], [1953, 2094], [1960, 2087], [1960, 2084], [1963, 2080], [1963, 2077], [1966, 2074], [1966, 2070], [1970, 2067], [1970, 2063], [1973, 2060], [1973, 2056], [1987, 2043], [1987, 2039], [1994, 2033], [1994, 2029], [2001, 2022], [2001, 2019], [2008, 2012], [2008, 2009], [2021, 1995], [2025, 1995], [2045, 1974], [2049, 1978], [2062, 1978], [2069, 1985], [2069, 1988], [2073, 1988], [2076, 1992], [2107, 1992], [2110, 1995], [2124, 1995], [2127, 1998], [2131, 1998], [2134, 2002], [2138, 2002], [2141, 2005], [2141, 2009], [2144, 2012], [2144, 2019], [2148, 2022], [2148, 2029], [2151, 2033], [2151, 2108], [2148, 2111], [2148, 2135], [2144, 2139], [2144, 2145], [2141, 2149], [2141, 2159], [2138, 2162], [2138, 2169], [2134, 2173], [2134, 2180], [2131, 2183], [2131, 2200], [2127, 2204], [2127, 2214], [2124, 2217], [2124, 2227], [2120, 2231], [2120, 2255], [2117, 2258], [2117, 2265], [2114, 2268], [2114, 2272], [2110, 2275], [2110, 2286], [2107, 2289], [2107, 2303], [2103, 2306], [2114, 2316], [2124, 2316], [2127, 2320], [2138, 2320], [2141, 2323], [2141, 2333], [2185, 2333], [2185, 2323], [2189, 2320], [2209, 2320], [2213, 2316], [2240, 2316], [2244, 2313], [2264, 2313], [2267, 2309], [2278, 2309], [2281, 2306], [2281, 2289], [2285, 2286], [2285, 2275], [2288, 2272], [2288, 2268], [2291, 2265], [2291, 2255], [2295, 2251], [2295, 2241], [2298, 2238], [2298, 2221], [2302, 2217], [2302, 2200], [2305, 2197], [2305, 2193], [2308, 2190], [2308, 2183], [2312, 2180], [2312, 2169], [2315, 2166], [2315, 2162], [2319, 2159], [2322, 2159], [2326, 2156], [2329, 2156], [2332, 2159], [2336, 2159], [2367, 2190], [2367, 2197], [2370, 2200], [2370, 2245], [2373, 2248], [2373, 2282], [2370, 2286], [2370, 2296], [2367, 2299], [2367, 2313], [2373, 2320], [2373, 2333], [2558, 2333], [2558, 2320], [2565, 2313], [2565, 2309], [2568, 2306], [2565, 2303], [2565, 2292], [2562, 2289], [2562, 2279], [2558, 2275], [2558, 2268], [2555, 2265], [2555, 2227], [2551, 2224], [2551, 2214], [2548, 2210], [2548, 2204], [2544, 2200], [2544, 2197], [2541, 2193], [2541, 2190], [2534, 2183], [2534, 2180], [2531, 2176], [2531, 2169], [2527, 2166], [2527, 2162], [2524, 2159], [2524, 2152], [2521, 2149], [2521, 2145], [2517, 2142], [2517, 2128], [2514, 2125], [2514, 2118], [2510, 2115], [2510, 2104], [2507, 2101], [2507, 2056], [2510, 2053], [2510, 2046], [2514, 2043], [2514, 2039], [2517, 2036], [2517, 2033], [2521, 2029], [2521, 2026], [2527, 2019], [2527, 2015], [2534, 2009], [2534, 2005], [2544, 1995], [2544, 1992], [2555, 1981], [2555, 1978], [2558, 1974], [2558, 1971], [2562, 1968], [2562, 1964], [2565, 1961], [2579, 1961], [2582, 1964], [2582, 1968], [2586, 1971], [2586, 1974], [2589, 1978], [2589, 1988], [2586, 1992], [2586, 2012], [2582, 2015], [2582, 2074], [2586, 2077], [2586, 2084], [2589, 2087], [2589, 2108], [2592, 2111], [2592, 2118], [2596, 2121], [2596, 2128], [2603, 2135], [2603, 2139], [2609, 2145], [2609, 2149], [2613, 2152], [2613, 2156], [2633, 2176], [2644, 2176], [2644, 1352], [2630, 1352], [2627, 1356], [2623, 1356], [2620, 1359], [2616, 1359], [2613, 1362], [2609, 1362], [2606, 1366], [2599, 1366], [2596, 1369], [2589, 1369], [2586, 1373], [2575, 1373], [2572, 1376], [2568, 1376], [2562, 1383], [2558, 1383], [2555, 1386], [2555, 1390], [2541, 1403], [2541, 1407], [2538, 1410], [2538, 1414], [2534, 1417], [2534, 1421], [2531, 1424], [2531, 1427], [2527, 1431], [2527, 1438], [2524, 1441], [2524, 1444], [2507, 1462], [2497, 1462], [2493, 1458], [2483, 1458], [2480, 1455], [2476, 1455], [2473, 1451], [2466, 1451], [2462, 1448], [2459, 1448], [2456, 1444], [2449, 1444], [2445, 1441], [2438, 1441], [2435, 1438], [2425, 1438], [2421, 1434], [2411, 1434], [2408, 1431], [2397, 1431], [2394, 1427], [2387, 1427], [2384, 1424], [2373, 1424], [2370, 1421], [2360, 1421], [2356, 1417], [2353, 1417], [2350, 1414], [2343, 1414], [2339, 1410], [2332, 1410], [2329, 1407], [2326, 1407], [2322, 1403], [2319, 1403], [2315, 1400], [2312, 1400], [2308, 1397], [2305, 1397], [2302, 1393], [2298, 1393], [2295, 1390], [2291, 1390], [2288, 1386], [2285, 1386], [2278, 1380], [2274, 1380], [2271, 1376], [2264, 1376], [2261, 1373], [2250, 1373], [2247, 1369], [2213, 1369], [2209, 1366], [2199, 1366], [2196, 1362], [2189, 1362], [2185, 1359], [2151, 1359], [2148, 1362], [2120, 1362], [2117, 1366], [2079, 1366], [2076, 1362], [2069, 1362], [2066, 1359], [2001, 1359], [1997, 1356], [1946, 1356], [1943, 1352], [1936, 1352], [1932, 1349], [1929, 1349], [1925, 1345], [1922, 1345], [1919, 1342], [1912, 1342], [1908, 1339], [1902, 1339], [1898, 1335], [1891, 1335], [1888, 1332], [1884, 1332], [1881, 1328], [1878, 1328], [1874, 1325], [1871, 1325], [1867, 1321], [1857, 1321], [1854, 1318], [1813, 1318], [1809, 1315], [1737, 1315], [1734, 1311], [1727, 1311], [1724, 1315], [1707, 1315], [1703, 1318], [1686, 1318], [1683, 1321], [1666, 1321], [1662, 1325], [1652, 1325], [1648, 1328], [1642, 1328], [1638, 1332], [1635, 1332], [1631, 1335], [1628, 1335], [1618, 1345], [1614, 1345], [1601, 1359], [1597, 1359], [1587, 1369], [1583, 1369], [1577, 1376], [1570, 1376], [1566, 1380], [1560, 1380], [1556, 1383], [1553, 1383], [1546, 1390], [1542, 1390], [1518, 1414], [1515, 1414], [1508, 1421], [1505, 1421], [1498, 1427], [1495, 1427], [1471, 1451], [1460, 1451], [1457, 1455], [1433, 1455], [1430, 1451], [1412, 1451], [1409, 1448], [1392, 1448], [1389, 1444], [1371, 1444], [1368, 1441], [1354, 1441], [1351, 1438], [1337, 1438], [1334, 1434], [1324, 1434], [1320, 1431], [1310, 1431], [1306, 1427], [1296, 1427], [1293, 1424], [1282, 1424], [1279, 1421], [1272, 1421], [1269, 1417], [1262, 1417], [1259, 1414], [1255, 1414], [1252, 1410], [1248, 1410], [1245, 1407], [1238, 1407], [1235, 1403], [1231, 1403], [1228, 1400], [1224, 1400], [1221, 1397], [1218, 1397], [1211, 1390], [1207, 1390], [1200, 1383], [1197, 1383], [1187, 1373], [1183, 1373], [1173, 1362], [1170, 1362], [1163, 1356], [1159, 1356], [1153, 1349], [1149, 1349], [1146, 1345], [1142, 1345], [1139, 1342], [1135, 1342], [1132, 1339], [1129, 1339], [1125, 1335], [1122, 1335], [1118, 1332], [1115, 1332], [1112, 1328], [1105, 1328], [1101, 1325], [1094, 1325], [1091, 1321], [1077, 1321], [1074, 1318], [1060, 1318], [1057, 1315], [1043, 1315], [1040, 1311], [1033, 1311], [1029, 1308], [1029, 1297], [865, 1297], [865, 1318], [869, 1321], [865, 1325], [865, 1328], [862, 1332], [862, 1335], [858, 1339], [858, 1356], [862, 1359], [862, 1383], [858, 1386], [858, 1403], [855, 1407], [855, 1421], [852, 1424], [852, 1427], [848, 1431], [848, 1444], [845, 1448], [845, 1465], [841, 1468], [841, 1475], [838, 1479], [838, 1482], [834, 1486], [834, 1492], [831, 1496], [831, 1499], [828, 1503], [828, 1506], [824, 1509], [824, 1513], [821, 1516], [821, 1520], [817, 1523], [817, 1530], [814, 1533], [814, 1540], [811, 1544], [811, 1547], [807, 1550], [807, 1554], [804, 1557], [804, 1561], [793, 1571], [793, 1574], [790, 1578], [790, 1581], [787, 1585], [787, 1592], [783, 1595], [783, 1598], [776, 1605], [776, 1612], [770, 1619], [770, 1622], [763, 1629], [763, 1633], [759, 1636], [759, 1639], [756, 1643], [756, 1650], [752, 1653], [752, 1670], [756, 1674], [756, 1680], [752, 1684], [752, 1691], [749, 1694], [749, 1701], [746, 1704], [746, 1718], [742, 1721], [742, 1725], [739, 1728], [739, 1735], [735, 1739], [735, 1749], [732, 1752], [732, 1759], [728, 1762], [728, 1773], [725, 1776], [725, 1814], [722, 1817], [722, 1838], [718, 1841], [718, 1851], [715, 1855], [715, 1858], [708, 1865], [705, 1865], [698, 1872], [698, 1889], [694, 1892], [694, 1903], [691, 1906], [691, 1913], [694, 1916], [694, 1920], [698, 1923], [698, 1940], [694, 1944], [694, 1964], [687, 1971], [684, 1971], [681, 1974], [663, 1974]]",0.71,ASOK_MAT060.JPG,ASOK_MAT060,Uttar Pradesh,Mathurā,Mathurā,Frise avec éléphants,2 B.C. ; 1 B.C.,Frise,indéterminée,Mathura Government Museum,Maronet Léa
ASOK_MAT056_lotus_7097.png,lotus,"[[1024, 650], [1024, 1269], [1048, 1269], [1051, 1265], [1058, 1265], [1062, 1262], [1065, 1262], [1065, 1259], [1075, 1248], [1082, 1248], [1086, 1252], [1096, 1252], [1103, 1245], [1106, 1245], [1109, 1248], [1109, 1252], [1113, 1255], [1113, 1259], [1116, 1262], [1116, 1265], [1120, 1265], [1133, 1279], [1133, 1282], [1137, 1286], [1137, 1293], [1140, 1296], [1140, 1300], [1144, 1303], [1144, 1310], [1147, 1313], [1147, 1317], [1150, 1320], [1154, 1320], [1164, 1330], [1164, 1334], [1174, 1344], [1178, 1344], [1181, 1341], [1185, 1341], [1191, 1347], [1195, 1347], [1202, 1354], [1209, 1354], [1212, 1358], [1215, 1358], [1229, 1371], [1236, 1371], [1239, 1375], [1246, 1375], [1250, 1378], [1260, 1378], [1263, 1375], [1274, 1375], [1277, 1378], [1291, 1378], [1294, 1382], [1301, 1382], [1304, 1385], [1315, 1385], [1318, 1389], [1328, 1389], [1332, 1392], [1339, 1392], [1342, 1395], [1345, 1395], [1349, 1399], [1356, 1399], [1359, 1402], [1369, 1402], [1373, 1406], [1383, 1406], [1386, 1409], [1400, 1409], [1403, 1412], [1407, 1412], [1410, 1416], [1414, 1416], [1417, 1419], [1421, 1419], [1427, 1426], [1431, 1426], [1434, 1430], [1438, 1430], [1441, 1433], [1444, 1433], [1455, 1443], [1458, 1443], [1462, 1447], [1465, 1447], [1468, 1450], [1472, 1450], [1475, 1454], [1479, 1454], [1482, 1457], [1486, 1457], [1489, 1460], [1496, 1460], [1499, 1464], [1503, 1464], [1506, 1467], [1509, 1467], [1513, 1471], [1520, 1471], [1523, 1474], [1527, 1474], [1530, 1477], [1533, 1477], [1537, 1481], [1540, 1481], [1544, 1484], [1550, 1484], [1554, 1488], [1557, 1488], [1561, 1491], [1564, 1491], [1568, 1495], [1578, 1495], [1581, 1498], [1588, 1498], [1592, 1501], [1602, 1501], [1605, 1505], [1619, 1505], [1622, 1508], [1639, 1508], [1643, 1512], [1660, 1512], [1663, 1515], [1691, 1515], [1694, 1518], [1725, 1518], [1728, 1522], [1783, 1522], [1786, 1525], [1831, 1525], [1834, 1529], [1899, 1529], [1903, 1525], [1933, 1525], [1937, 1522], [1964, 1522], [1968, 1518], [1971, 1518], [1981, 1508], [1992, 1508], [1995, 1505], [2005, 1505], [2009, 1501], [2022, 1501], [2026, 1498], [2029, 1498], [2033, 1495], [2039, 1495], [2043, 1491], [2050, 1491], [2056, 1484], [2060, 1484], [2063, 1481], [2070, 1481], [2074, 1477], [2080, 1477], [2084, 1481], [2094, 1481], [2098, 1477], [2111, 1477], [2115, 1474], [2121, 1474], [2125, 1471], [2132, 1471], [2135, 1467], [2139, 1467], [2142, 1464], [2145, 1464], [2149, 1460], [2156, 1460], [2162, 1454], [2166, 1454], [2169, 1450], [2173, 1450], [2176, 1447], [2183, 1447], [2190, 1440], [2193, 1440], [2197, 1436], [2200, 1436], [2204, 1433], [2210, 1433], [2214, 1430], [2217, 1430], [2221, 1426], [2231, 1426], [2234, 1423], [2241, 1423], [2245, 1419], [2255, 1419], [2258, 1416], [2289, 1416], [2292, 1419], [2296, 1419], [2303, 1426], [2303, 1430], [2306, 1433], [2306, 1436], [2309, 1440], [2309, 1443], [2313, 1443], [2316, 1447], [2320, 1447], [2327, 1454], [2330, 1454], [2333, 1457], [2344, 1457], [2347, 1460], [2354, 1460], [2357, 1464], [2361, 1464], [2364, 1467], [2371, 1467], [2374, 1471], [2388, 1471], [2392, 1474], [2402, 1474], [2405, 1477], [2419, 1477], [2422, 1481], [2433, 1481], [2436, 1484], [2460, 1484], [2467, 1491], [2470, 1491], [2474, 1495], [2477, 1495], [2480, 1498], [2484, 1498], [2494, 1508], [2494, 1512], [2498, 1512], [2501, 1515], [2556, 1515], [2559, 1512], [2583, 1512], [2604, 1491], [2607, 1491], [2607, 1488], [2610, 1484], [2610, 1481], [2614, 1477], [2614, 1471], [2617, 1467], [2617, 1460], [2621, 1457], [2621, 1306], [2624, 1303], [2624, 1224], [2627, 1221], [2627, 1194], [2631, 1190], [2631, 1166], [2634, 1163], [2634, 1159], [2638, 1156], [2648, 1156], [2648, 879], [2638, 879], [2634, 876], [2634, 848], [2631, 845], [2631, 783], [2627, 780], [2627, 756], [2624, 752], [2624, 749], [2621, 746], [2621, 739], [2617, 735], [2617, 732], [2614, 728], [2586, 728], [2583, 725], [2573, 725], [2569, 722], [2566, 722], [2562, 718], [2559, 718], [2556, 715], [2539, 715], [2535, 718], [2528, 718], [2525, 722], [2518, 722], [2515, 725], [2511, 725], [2508, 722], [2491, 722], [2487, 725], [2474, 725], [2467, 732], [2463, 732], [2460, 735], [2436, 735], [2433, 732], [2422, 732], [2419, 728], [2415, 728], [2412, 732], [2405, 732], [2402, 735], [2395, 735], [2392, 739], [2368, 739], [2364, 735], [2361, 735], [2357, 732], [2357, 728], [2354, 725], [2354, 718], [2351, 715], [2351, 708], [2347, 705], [2347, 701], [2316, 670], [2313, 670], [2309, 667], [2306, 667], [2299, 660], [2299, 650], [2224, 650], [2224, 660], [2221, 663], [2217, 663], [2214, 667], [2207, 667], [2204, 670], [2197, 670], [2193, 674], [2190, 674], [2186, 677], [2169, 677], [2166, 681], [2156, 681], [2152, 684], [2139, 684], [2135, 687], [2125, 687], [2121, 684], [2115, 684], [2111, 681], [2101, 681], [2098, 677], [2091, 677], [2084, 670], [2080, 670], [2077, 667], [2074, 667], [2070, 663], [2063, 663], [2060, 660], [2060, 650], [1619, 650], [1619, 660], [1612, 667], [1568, 667], [1564, 670], [1554, 670], [1550, 674], [1540, 674], [1537, 677], [1530, 677], [1527, 681], [1520, 681], [1516, 677], [1496, 677], [1492, 674], [1489, 674], [1486, 670], [1479, 670], [1475, 667], [1472, 667], [1465, 660], [1465, 650], [1086, 650], [1086, 663], [1082, 667], [1079, 667], [1075, 670], [1072, 670], [1068, 674], [1058, 674], [1055, 670], [1051, 670], [1044, 663], [1044, 650], [1024, 650]]",0.87,ASOK_MAT056.JPG,ASOK_MAT056,Uttar Pradesh,Mathurā,Mathurā,Pilier avec médaillons et demi-médaillons lotiformes,1 B.C.,Balustrade ; pilier,indéterminée,Mathura Government Museum,Maronet Léa
ASOK_MAT056_lotus_7098.png,lotus,"[[997, 1898], [997, 3492], [1007, 3492], [1017, 3502], [1017, 3506], [1021, 3509], [1024, 3509], [1027, 3512], [1034, 3512], [1038, 3516], [1051, 3516], [1055, 3519], [1096, 3519], [1099, 3516], [1123, 3516], [1127, 3512], [1144, 3512], [1147, 3509], [1157, 3509], [1161, 3506], [1171, 3506], [1174, 3502], [1181, 3502], [1185, 3499], [1191, 3499], [1195, 3495], [1202, 3495], [1205, 3492], [1215, 3492], [1219, 3488], [1226, 3488], [1229, 3485], [1243, 3485], [1246, 3482], [1256, 3482], [1260, 3478], [1263, 3478], [1267, 3475], [1270, 3475], [1274, 3471], [1280, 3471], [1284, 3468], [1287, 3468], [1291, 3464], [1294, 3464], [1297, 3461], [1301, 3461], [1304, 3458], [1308, 3458], [1311, 3454], [1315, 3454], [1318, 3451], [1321, 3451], [1328, 3444], [1332, 3444], [1335, 3441], [1339, 3441], [1342, 3437], [1345, 3437], [1349, 3434], [1352, 3434], [1356, 3430], [1393, 3430], [1397, 3434], [1403, 3434], [1407, 3437], [1414, 3437], [1417, 3441], [1424, 3441], [1427, 3444], [1431, 3444], [1434, 3447], [1441, 3447], [1444, 3451], [1451, 3451], [1455, 3454], [1458, 3454], [1462, 3458], [1472, 3458], [1475, 3461], [1482, 3461], [1486, 3464], [1496, 3464], [1499, 3468], [1506, 3468], [1509, 3471], [1513, 3471], [1516, 3475], [1527, 3475], [1530, 3478], [1537, 3478], [1540, 3482], [1550, 3482], [1554, 3485], [1561, 3485], [1564, 3488], [1571, 3488], [1574, 3492], [1585, 3492], [1588, 3495], [1592, 3495], [1595, 3499], [1609, 3499], [1612, 3502], [1619, 3502], [1622, 3506], [1633, 3506], [1636, 3509], [1646, 3509], [1650, 3512], [1667, 3512], [1670, 3516], [1694, 3516], [1697, 3519], [1718, 3519], [1721, 3523], [1756, 3523], [1759, 3526], [1821, 3526], [1824, 3523], [1927, 3523], [1930, 3519], [1951, 3519], [1954, 3516], [1971, 3516], [1974, 3512], [1988, 3512], [1992, 3509], [2002, 3509], [2005, 3506], [2012, 3506], [2015, 3502], [2022, 3502], [2026, 3499], [2029, 3499], [2033, 3495], [2039, 3495], [2043, 3492], [2053, 3492], [2056, 3488], [2067, 3488], [2070, 3485], [2077, 3485], [2080, 3482], [2084, 3482], [2087, 3478], [2091, 3478], [2094, 3475], [2098, 3475], [2101, 3471], [2104, 3471], [2108, 3468], [2111, 3468], [2115, 3464], [2125, 3464], [2128, 3461], [2135, 3461], [2139, 3458], [2145, 3458], [2149, 3454], [2156, 3454], [2159, 3451], [2162, 3451], [2173, 3441], [2176, 3441], [2180, 3437], [2183, 3437], [2186, 3434], [2190, 3434], [2193, 3430], [2200, 3430], [2204, 3427], [2207, 3427], [2210, 3423], [2221, 3423], [2224, 3420], [2245, 3420], [2248, 3423], [2255, 3423], [2258, 3427], [2262, 3427], [2265, 3430], [2268, 3430], [2272, 3434], [2275, 3434], [2282, 3441], [2286, 3441], [2296, 3451], [2299, 3451], [2306, 3458], [2309, 3458], [2316, 3464], [2320, 3464], [2323, 3468], [2327, 3468], [2330, 3471], [2333, 3471], [2337, 3475], [2344, 3475], [2347, 3478], [2351, 3478], [2354, 3482], [2357, 3482], [2361, 3485], [2368, 3485], [2371, 3488], [2378, 3488], [2381, 3492], [2385, 3492], [2392, 3499], [2395, 3499], [2398, 3502], [2402, 3502], [2405, 3506], [2409, 3506], [2415, 3512], [2419, 3512], [2422, 3516], [2433, 3516], [2436, 3519], [2443, 3519], [2446, 3523], [2460, 3523], [2463, 3526], [2467, 3526], [2470, 3529], [2484, 3529], [2487, 3533], [2511, 3533], [2515, 3529], [2542, 3529], [2545, 3533], [2549, 3533], [2552, 3536], [2566, 3536], [2569, 3533], [2573, 3533], [2573, 3529], [2580, 3523], [2580, 3519], [2583, 3516], [2583, 3502], [2586, 3499], [2586, 3485], [2590, 3482], [2590, 3464], [2593, 3461], [2593, 3389], [2597, 3386], [2593, 3382], [2593, 3331], [2597, 3328], [2597, 3317], [2600, 3314], [2600, 3290], [2604, 3287], [2604, 3259], [2607, 3256], [2607, 3232], [2610, 3228], [2610, 3208], [2614, 3205], [2614, 3187], [2617, 3184], [2617, 3177], [2621, 3174], [2621, 3160], [2624, 3157], [2624, 3112], [2621, 3109], [2621, 3085], [2617, 3081], [2617, 3040], [2621, 3037], [2621, 3016], [2624, 3013], [2624, 2992], [2627, 2989], [2627, 2822], [2631, 2818], [2631, 2804], [2638, 2798], [2648, 2798], [2648, 2373], [2638, 2373], [2627, 2363], [2627, 2353], [2624, 2350], [2624, 2336], [2621, 2332], [2621, 2291], [2617, 2288], [2617, 2209], [2614, 2206], [2614, 2049], [2617, 2045], [2617, 1960], [2614, 1956], [2614, 1949], [2610, 1946], [2610, 1932], [2607, 1929], [2607, 1925], [2597, 1915], [2586, 1915], [2583, 1912], [2576, 1912], [2573, 1915], [2525, 1915], [2521, 1919], [2508, 1919], [2504, 1922], [2498, 1922], [2494, 1925], [2487, 1925], [2484, 1929], [2474, 1929], [2470, 1932], [2463, 1932], [2460, 1936], [2457, 1936], [2453, 1939], [2446, 1939], [2443, 1943], [2439, 1943], [2436, 1946], [2429, 1946], [2426, 1949], [2415, 1949], [2412, 1953], [2409, 1953], [2405, 1956], [2395, 1956], [2392, 1960], [2385, 1960], [2381, 1963], [2374, 1963], [2371, 1966], [2368, 1966], [2364, 1970], [2357, 1970], [2354, 1973], [2351, 1973], [2347, 1977], [2340, 1977], [2337, 1980], [2333, 1980], [2323, 1990], [2320, 1990], [2316, 1994], [2313, 1994], [2309, 1997], [2306, 1997], [2303, 2001], [2299, 2001], [2296, 2004], [2292, 2004], [2289, 2008], [2286, 2008], [2279, 2014], [2275, 2014], [2268, 2021], [2265, 2021], [2262, 2025], [2255, 2025], [2251, 2028], [2248, 2025], [2231, 2025], [2227, 2021], [2224, 2021], [2217, 2014], [2214, 2014], [2210, 2011], [2207, 2011], [2204, 2008], [2200, 2008], [2190, 1997], [2186, 1997], [2183, 1994], [2180, 1994], [2176, 1990], [2169, 1990], [2166, 1987], [2162, 1987], [2159, 1984], [2149, 1984], [2145, 1980], [2142, 1980], [2139, 1977], [2135, 1977], [2132, 1973], [2125, 1973], [2121, 1970], [2115, 1970], [2111, 1966], [2108, 1966], [2104, 1963], [2098, 1963], [2094, 1960], [2084, 1960], [2080, 1956], [2077, 1956], [2074, 1953], [2067, 1953], [2063, 1949], [2060, 1949], [2056, 1946], [2053, 1946], [2050, 1943], [2043, 1943], [2039, 1939], [2033, 1939], [2029, 1936], [2019, 1936], [2015, 1932], [2005, 1932], [2002, 1929], [1992, 1929], [1988, 1925], [1978, 1925], [1974, 1922], [1968, 1922], [1964, 1919], [1954, 1919], [1951, 1915], [1940, 1915], [1937, 1912], [1916, 1912], [1913, 1908], [1892, 1908], [1889, 1905], [1865, 1905], [1862, 1902], [1824, 1902], [1821, 1898], [1728, 1898], [1725, 1902], [1701, 1902], [1697, 1905], [1674, 1905], [1670, 1908], [1650, 1908], [1646, 1912], [1633, 1912], [1629, 1915], [1619, 1915], [1615, 1919], [1602, 1919], [1598, 1922], [1592, 1922], [1588, 1925], [1578, 1925], [1574, 1929], [1564, 1929], [1561, 1932], [1554, 1932], [1550, 1936], [1544, 1936], [1540, 1939], [1530, 1939], [1527, 1943], [1520, 1943], [1516, 1946], [1509, 1946], [1506, 1949], [1499, 1949], [1496, 1953], [1489, 1953], [1486, 1956], [1479, 1956], [1475, 1960], [1472, 1960], [1468, 1963], [1462, 1963], [1458, 1966], [1455, 1966], [1448, 1973], [1444, 1973], [1441, 1977], [1438, 1977], [1434, 1980], [1431, 1980], [1427, 1984], [1424, 1984], [1421, 1987], [1414, 1987], [1410, 1990], [1403, 1990], [1400, 1994], [1393, 1994], [1390, 1997], [1386, 1997], [1383, 2001], [1362, 2001], [1359, 1997], [1356, 1997], [1352, 1994], [1349, 1994], [1342, 1987], [1339, 1987], [1335, 1984], [1332, 1984], [1328, 1980], [1325, 1980], [1318, 1973], [1311, 1973], [1308, 1970], [1304, 1970], [1301, 1966], [1297, 1966], [1294, 1963], [1291, 1963], [1287, 1960], [1280, 1960], [1277, 1956], [1270, 1956], [1267, 1953], [1263, 1953], [1260, 1949], [1256, 1949], [1253, 1946], [1250, 1946], [1246, 1943], [1243, 1943], [1239, 1939], [1236, 1939], [1233, 1936], [1226, 1936], [1222, 1932], [1215, 1932], [1212, 1929], [1209, 1929], [1205, 1925], [1198, 1925], [1195, 1922], [1188, 1922], [1185, 1919], [1178, 1919], [1174, 1915], [1168, 1915], [1164, 1912], [1161, 1912], [1157, 1908], [1150, 1908], [1147, 1905], [1140, 1905], [1137, 1902], [1130, 1902], [1127, 1898], [1123, 1898], [1120, 1895], [1116, 1895], [1113, 1891], [1113, 1881], [1014, 1881], [1014, 1891], [1007, 1898], [997, 1898]]",0.98,ASOK_MAT056.JPG,ASOK_MAT056,Uttar Pradesh,Mathurā,Mathurā,Pilier avec médaillons et demi-médaillons lotiformes,1 B.C.,Balustrade ; pilier,indéterminée,Mathura Government Museum,Maronet Léa
ASOK_MAT056_lotus_7099.png,lotus,"[[983, 3871], [983, 4480], [993, 4480], [997, 4484], [997, 4497], [1000, 4501], [1000, 4542], [997, 4545], [997, 4566], [1000, 4569], [1000, 4603], [997, 4607], [997, 4634], [993, 4638], [983, 4638], [983, 5034], [993, 5034], [1000, 5041], [1000, 5048], [1003, 5051], [1003, 5065], [1007, 5068], [1007, 5082], [1010, 5086], [1010, 5099], [1014, 5103], [1014, 5106], [1017, 5109], [1017, 5113], [1021, 5116], [1021, 5123], [1038, 5140], [1038, 5144], [1041, 5147], [1041, 5151], [1044, 5154], [1044, 5157], [1051, 5164], [1051, 5168], [1058, 5174], [1058, 5178], [1068, 5188], [1068, 5192], [1072, 5195], [1072, 5198], [1096, 5222], [1099, 5222], [1103, 5226], [1103, 5229], [1113, 5239], [1113, 5243], [1120, 5250], [1120, 5253], [1123, 5257], [1123, 5263], [1127, 5267], [1127, 5277], [1130, 5280], [1130, 5294], [1127, 5298], [1127, 5304], [1130, 5308], [1130, 5311], [1137, 5318], [1140, 5318], [1147, 5325], [1150, 5325], [1157, 5332], [1164, 5332], [1168, 5335], [1171, 5335], [1174, 5339], [1178, 5339], [1181, 5342], [1195, 5342], [1198, 5345], [1222, 5345], [1226, 5349], [1233, 5349], [1236, 5352], [1246, 5352], [1250, 5356], [1267, 5356], [1270, 5359], [1311, 5359], [1315, 5363], [1318, 5363], [1321, 5366], [1342, 5366], [1345, 5369], [1444, 5369], [1448, 5373], [1568, 5373], [1571, 5369], [1598, 5369], [1602, 5366], [1670, 5366], [1674, 5369], [1701, 5369], [1704, 5373], [1739, 5373], [1742, 5376], [1827, 5376], [1831, 5380], [1851, 5380], [1855, 5383], [1855, 5393], [2111, 5393], [2111, 5383], [2115, 5380], [2118, 5380], [2121, 5376], [2125, 5376], [2128, 5373], [2156, 5373], [2159, 5369], [2166, 5369], [2169, 5366], [2173, 5366], [2176, 5363], [2180, 5363], [2186, 5356], [2190, 5356], [2200, 5345], [2207, 5345], [2210, 5342], [2214, 5345], [2255, 5345], [2258, 5342], [2296, 5342], [2299, 5339], [2313, 5339], [2316, 5335], [2320, 5335], [2323, 5332], [2327, 5332], [2333, 5325], [2330, 5322], [2330, 5308], [2340, 5298], [2344, 5298], [2347, 5294], [2351, 5294], [2357, 5287], [2368, 5287], [2371, 5284], [2374, 5284], [2378, 5280], [2378, 5277], [2381, 5274], [2381, 5270], [2385, 5267], [2385, 5263], [2388, 5260], [2388, 5246], [2395, 5239], [2395, 5236], [2402, 5229], [2402, 5226], [2412, 5216], [2412, 5212], [2433, 5192], [2436, 5192], [2446, 5181], [2446, 5178], [2453, 5171], [2457, 5171], [2470, 5157], [2477, 5157], [2480, 5154], [2484, 5154], [2487, 5151], [2491, 5151], [2501, 5140], [2501, 5137], [2508, 5130], [2511, 5130], [2518, 5123], [2518, 5120], [2521, 5116], [2521, 5109], [2528, 5103], [2528, 5099], [2535, 5092], [2535, 5082], [2539, 5079], [2539, 5075], [2542, 5072], [2542, 5068], [2545, 5065], [2545, 5055], [2562, 5038], [2562, 5034], [2566, 5031], [2566, 5027], [2569, 5024], [2573, 5024], [2580, 5017], [2593, 5017], [2593, 4853], [2583, 4853], [2580, 4850], [2580, 4839], [2576, 4836], [2576, 4791], [2573, 4788], [2573, 4720], [2576, 4716], [2576, 4610], [2580, 4607], [2580, 4562], [2576, 4559], [2576, 4419], [2573, 4415], [2573, 4316], [2576, 4313], [2576, 4296], [2580, 4292], [2580, 4282], [2583, 4278], [2593, 4278], [2593, 3916], [2583, 3916], [2576, 3909], [2576, 3902], [2569, 3895], [2562, 3895], [2559, 3892], [2542, 3892], [2539, 3889], [2501, 3889], [2498, 3892], [2491, 3892], [2487, 3895], [2477, 3895], [2474, 3899], [2470, 3899], [2467, 3902], [2463, 3902], [2460, 3906], [2453, 3906], [2450, 3909], [2446, 3909], [2443, 3912], [2439, 3912], [2436, 3916], [2433, 3916], [2429, 3919], [2426, 3919], [2422, 3923], [2419, 3923], [2415, 3926], [2412, 3926], [2395, 3943], [2392, 3943], [2388, 3947], [2385, 3947], [2381, 3950], [2371, 3950], [2368, 3954], [2357, 3954], [2354, 3957], [2347, 3957], [2344, 3960], [2337, 3960], [2333, 3964], [2330, 3964], [2327, 3967], [2323, 3967], [2320, 3971], [2309, 3971], [2306, 3974], [2299, 3974], [2296, 3977], [2282, 3977], [2279, 3981], [2262, 3981], [2258, 3984], [2245, 3984], [2241, 3981], [2221, 3981], [2217, 3977], [2210, 3977], [2207, 3974], [2200, 3974], [2197, 3971], [2193, 3971], [2190, 3967], [2183, 3967], [2180, 3964], [2176, 3964], [2173, 3960], [2169, 3960], [2162, 3954], [2159, 3954], [2156, 3950], [2152, 3950], [2149, 3947], [2145, 3947], [2142, 3943], [2139, 3943], [2135, 3940], [2132, 3940], [2128, 3936], [2125, 3936], [2121, 3933], [2118, 3933], [2111, 3926], [2108, 3926], [2101, 3919], [2094, 3919], [2091, 3916], [2087, 3916], [2084, 3912], [2080, 3912], [2077, 3909], [2074, 3909], [2070, 3906], [2060, 3906], [2056, 3902], [2050, 3902], [2046, 3899], [2039, 3899], [2036, 3895], [2019, 3895], [2015, 3892], [1998, 3892], [1995, 3889], [1981, 3889], [1978, 3885], [1964, 3885], [1961, 3882], [1947, 3882], [1944, 3878], [1923, 3878], [1920, 3875], [1824, 3875], [1821, 3878], [1769, 3878], [1766, 3882], [1732, 3882], [1728, 3885], [1708, 3885], [1704, 3889], [1680, 3889], [1677, 3892], [1653, 3892], [1650, 3895], [1636, 3895], [1633, 3899], [1619, 3899], [1615, 3902], [1602, 3902], [1598, 3906], [1588, 3906], [1585, 3909], [1578, 3909], [1574, 3912], [1568, 3912], [1564, 3916], [1557, 3916], [1554, 3919], [1547, 3919], [1544, 3923], [1533, 3923], [1530, 3926], [1523, 3926], [1520, 3930], [1513, 3930], [1509, 3933], [1503, 3933], [1499, 3936], [1492, 3936], [1489, 3940], [1486, 3940], [1482, 3943], [1479, 3943], [1475, 3947], [1468, 3947], [1465, 3950], [1458, 3950], [1455, 3954], [1451, 3954], [1444, 3960], [1438, 3960], [1434, 3964], [1431, 3964], [1427, 3967], [1424, 3967], [1421, 3971], [1417, 3971], [1414, 3974], [1410, 3974], [1407, 3977], [1403, 3977], [1400, 3981], [1397, 3981], [1390, 3988], [1386, 3988], [1383, 3991], [1359, 3991], [1356, 3988], [1349, 3988], [1339, 3977], [1335, 3977], [1332, 3974], [1328, 3974], [1311, 3957], [1308, 3957], [1301, 3950], [1297, 3950], [1294, 3947], [1291, 3947], [1284, 3940], [1280, 3940], [1277, 3936], [1274, 3936], [1267, 3930], [1263, 3930], [1253, 3919], [1250, 3919], [1246, 3916], [1243, 3916], [1229, 3902], [1222, 3902], [1219, 3899], [1215, 3899], [1212, 3895], [1209, 3895], [1205, 3892], [1202, 3892], [1198, 3889], [1195, 3889], [1188, 3882], [1185, 3882], [1178, 3875], [1174, 3875], [1171, 3871], [1168, 3871], [1164, 3868], [1161, 3868], [1154, 3861], [1154, 3851], [1000, 3851], [1000, 3861], [997, 3865], [997, 3868], [993, 3871], [983, 3871]]",0.97,ASOK_MAT056.JPG,ASOK_MAT056,Uttar Pradesh,Mathurā,Mathurā,Pilier avec médaillons et demi-médaillons lotiformes,1 B.C.,Balustrade ; pilier,indéterminée,Mathura Government Museum,Maronet Léa
ASOK_BHA161_lotus_7104.png,lotus,"[[4063, 497], [4063, 993], [4073, 993], [4079, 999], [4079, 1002], [4082, 1006], [4082, 1009], [4086, 1012], [4086, 1015], [4092, 1022], [4092, 1025], [4095, 1028], [4095, 1041], [4092, 1045], [4092, 1054], [4089, 1058], [4089, 1074], [4092, 1077], [4092, 1080], [4099, 1087], [4102, 1087], [4112, 1077], [4118, 1077], [4121, 1080], [4128, 1080], [4131, 1077], [4131, 1074], [4134, 1070], [4134, 1067], [4141, 1061], [4141, 1048], [4144, 1045], [4150, 1045], [4154, 1048], [4154, 1051], [4157, 1054], [4157, 1061], [4163, 1067], [4163, 1070], [4173, 1070], [4176, 1067], [4176, 1064], [4180, 1061], [4180, 1054], [4183, 1051], [4183, 1045], [4189, 1038], [4193, 1038], [4199, 1032], [4206, 1032], [4209, 1035], [4212, 1035], [4215, 1038], [4235, 1038], [4238, 1035], [4241, 1035], [4244, 1038], [4248, 1038], [4251, 1041], [4254, 1041], [4261, 1048], [4261, 1051], [4267, 1058], [4267, 1061], [4264, 1064], [4261, 1064], [4257, 1067], [4244, 1067], [4241, 1070], [4238, 1070], [4235, 1074], [4228, 1074], [4225, 1077], [4218, 1077], [4215, 1080], [4212, 1080], [4206, 1087], [4199, 1087], [4193, 1093], [4193, 1096], [4180, 1109], [4176, 1109], [4170, 1116], [4163, 1116], [4160, 1119], [4154, 1119], [4150, 1122], [4121, 1122], [4118, 1119], [4108, 1119], [4102, 1113], [4099, 1113], [4095, 1116], [4092, 1116], [4086, 1122], [4086, 1161], [4089, 1164], [4089, 1174], [4092, 1177], [4092, 1181], [4095, 1184], [4095, 1187], [4099, 1190], [4099, 1194], [4105, 1200], [4105, 1207], [4108, 1210], [4108, 1213], [4112, 1216], [4112, 1219], [4125, 1232], [4125, 1236], [4141, 1252], [4141, 1255], [4150, 1265], [4150, 1268], [4154, 1271], [4154, 1275], [4157, 1278], [4157, 1281], [4163, 1287], [4163, 1291], [4170, 1297], [4170, 1300], [4183, 1313], [4183, 1317], [4193, 1326], [4196, 1326], [4222, 1352], [4225, 1352], [4238, 1365], [4238, 1368], [4244, 1375], [4248, 1375], [4270, 1398], [4274, 1398], [4283, 1407], [4287, 1407], [4322, 1443], [4322, 1446], [4332, 1456], [4332, 1459], [4338, 1466], [4338, 1469], [4342, 1472], [4342, 1475], [4351, 1485], [4351, 1488], [4358, 1495], [4358, 1498], [4371, 1511], [4371, 1514], [4380, 1524], [4380, 1527], [4397, 1543], [4397, 1547], [4410, 1560], [4410, 1563], [4429, 1582], [4429, 1585], [4436, 1592], [4436, 1595], [4449, 1608], [4449, 1615], [4452, 1618], [4452, 1624], [4455, 1628], [4455, 1634], [4458, 1637], [4458, 1641], [4461, 1644], [4461, 1647], [4465, 1650], [4465, 1654], [4471, 1660], [4471, 1663], [4484, 1676], [4484, 1679], [4487, 1683], [4491, 1683], [4504, 1696], [4504, 1699], [4507, 1702], [4507, 1705], [4513, 1712], [4513, 1715], [4517, 1718], [4517, 1722], [4520, 1725], [4520, 1731], [4523, 1734], [4523, 1738], [4530, 1744], [4530, 1747], [4533, 1751], [4533, 1754], [4536, 1757], [4536, 1760], [4539, 1764], [4539, 1767], [4542, 1770], [4542, 1773], [4546, 1777], [4546, 1783], [4549, 1786], [4549, 1790], [4552, 1793], [4552, 1796], [4555, 1799], [4555, 1802], [4562, 1809], [4562, 1812], [4568, 1819], [4568, 1822], [4572, 1825], [4572, 1835], [4662, 1835], [4662, 1825], [4659, 1822], [4659, 1815], [4656, 1812], [4656, 1796], [4653, 1793], [4653, 1783], [4649, 1780], [4649, 1767], [4646, 1764], [4646, 1751], [4643, 1747], [4643, 1741], [4640, 1738], [4640, 1728], [4636, 1725], [4636, 1718], [4633, 1715], [4633, 1712], [4630, 1709], [4630, 1702], [4627, 1699], [4627, 1686], [4630, 1683], [4630, 1679], [4633, 1676], [4633, 1673], [4640, 1666], [4640, 1663], [4643, 1660], [4643, 1657], [4646, 1654], [4646, 1637], [4649, 1634], [4649, 1602], [4646, 1598], [4646, 1585], [4649, 1582], [4649, 1566], [4653, 1563], [4653, 1543], [4656, 1540], [4656, 1534], [4662, 1527], [4662, 1521], [4666, 1517], [4666, 1514], [4669, 1511], [4669, 1498], [4672, 1495], [4672, 1485], [4675, 1482], [4675, 1475], [4679, 1472], [4679, 1466], [4682, 1462], [4682, 1456], [4685, 1453], [4685, 1446], [4688, 1443], [4688, 1430], [4692, 1427], [4692, 1417], [4695, 1414], [4695, 1398], [4698, 1394], [4698, 1378], [4701, 1375], [4701, 1359], [4704, 1356], [4704, 1349], [4708, 1346], [4708, 1330], [4711, 1326], [4711, 1323], [4714, 1320], [4714, 1310], [4717, 1307], [4717, 1304], [4721, 1300], [4721, 1297], [4724, 1294], [4724, 1284], [4727, 1281], [4727, 1275], [4730, 1271], [4730, 1265], [4734, 1262], [4734, 1255], [4737, 1252], [4737, 1245], [4740, 1242], [4740, 1229], [4743, 1226], [4743, 1213], [4747, 1210], [4747, 1200], [4750, 1197], [4750, 1194], [4753, 1190], [4753, 1177], [4756, 1174], [4756, 1161], [4760, 1158], [4760, 1148], [4763, 1145], [4763, 1122], [4760, 1119], [4760, 1100], [4756, 1096], [4756, 1093], [4753, 1090], [4753, 1087], [4747, 1080], [4740, 1080], [4737, 1077], [4734, 1077], [4730, 1080], [4727, 1080], [4724, 1083], [4721, 1083], [4717, 1087], [4714, 1087], [4711, 1090], [4708, 1090], [4704, 1093], [4701, 1093], [4692, 1103], [4688, 1103], [4685, 1106], [4685, 1109], [4679, 1116], [4679, 1119], [4675, 1122], [4675, 1129], [4672, 1132], [4672, 1135], [4659, 1148], [4659, 1151], [4656, 1155], [4656, 1158], [4653, 1161], [4653, 1164], [4649, 1168], [4636, 1168], [4633, 1164], [4630, 1164], [4623, 1158], [4623, 1155], [4620, 1151], [4620, 1148], [4611, 1139], [4611, 1132], [4607, 1129], [4607, 1126], [4620, 1113], [4620, 1109], [4623, 1106], [4623, 1103], [4633, 1093], [4636, 1093], [4640, 1090], [4666, 1090], [4669, 1087], [4669, 1083], [4666, 1080], [4662, 1080], [4659, 1077], [4656, 1077], [4649, 1070], [4643, 1070], [4640, 1067], [4633, 1067], [4614, 1048], [4614, 1045], [4604, 1035], [4604, 1032], [4601, 1028], [4601, 1025], [4594, 1019], [4585, 1019], [4581, 1015], [4578, 1019], [4575, 1019], [4572, 1022], [4568, 1022], [4565, 1025], [4559, 1025], [4555, 1028], [4552, 1028], [4552, 1032], [4549, 1035], [4549, 1038], [4546, 1041], [4546, 1045], [4542, 1048], [4536, 1041], [4536, 996], [4539, 993], [4539, 990], [4542, 986], [4542, 983], [4549, 977], [4549, 970], [4552, 967], [4555, 967], [4559, 964], [4588, 964], [4591, 960], [4598, 960], [4604, 954], [4604, 951], [4607, 947], [4607, 944], [4611, 941], [4611, 928], [4614, 925], [4614, 828], [4611, 824], [4611, 818], [4607, 815], [4607, 811], [4604, 808], [4604, 805], [4601, 802], [4601, 743], [4604, 740], [4604, 714], [4607, 711], [4607, 698], [4611, 695], [4611, 682], [4614, 679], [4614, 646], [4611, 643], [4614, 640], [4614, 630], [4611, 627], [4611, 601], [4607, 598], [4607, 568], [4604, 565], [4604, 520], [4607, 517], [4607, 510], [4611, 507], [4611, 497], [4614, 494], [4614, 449], [4611, 445], [4611, 432], [4607, 429], [4607, 416], [4604, 413], [4604, 400], [4497, 400], [4497, 426], [4494, 429], [4494, 432], [4484, 442], [4484, 445], [4478, 452], [4478, 455], [4471, 462], [4471, 465], [4458, 478], [4458, 481], [4455, 484], [4455, 487], [4436, 507], [4436, 510], [4423, 523], [4387, 523], [4384, 520], [4380, 520], [4377, 517], [4374, 517], [4368, 510], [4368, 500], [4364, 497], [4364, 478], [4361, 475], [4361, 471], [4355, 471], [4351, 475], [4348, 475], [4345, 478], [4335, 468], [4335, 465], [4332, 462], [4325, 462], [4322, 458], [4319, 458], [4312, 452], [4309, 452], [4306, 449], [4274, 449], [4270, 452], [4257, 452], [4254, 455], [4244, 455], [4241, 458], [4235, 458], [4231, 462], [4196, 462], [4193, 458], [4180, 458], [4176, 455], [4173, 458], [4154, 458], [4150, 462], [4141, 462], [4137, 465], [4125, 465], [4121, 468], [4118, 468], [4115, 471], [4108, 471], [4105, 475], [4102, 475], [4099, 478], [4095, 478], [4079, 494], [4076, 494], [4073, 497], [4063, 497]]",0.42,ASOK_BHA161.JPG,ASOK_BHA161,Madhya Pradesh,Madhyapradeśa,Bhārhut,Fleurs de lotus ; végétaux et yakṣa,2 B.C.,Stūpa ; balustrade ; pilier,bouddhisme,Allahabad Municipal Museum,Maronet Léa
ASOK_BHA161_lotus_7105.png,lotus,"[[1056, 1229], [1056, 1252], [1066, 1252], [1072, 1258], [1072, 1281], [1066, 1287], [1056, 1287], [1056, 1297], [1066, 1297], [1072, 1304], [1072, 1320], [1085, 1333], [1085, 1339], [1089, 1343], [1089, 1349], [1092, 1352], [1092, 1359], [1095, 1362], [1095, 1368], [1098, 1372], [1098, 1378], [1102, 1381], [1102, 1433], [1105, 1436], [1105, 1446], [1108, 1449], [1108, 1456], [1111, 1459], [1111, 1469], [1115, 1472], [1115, 1482], [1118, 1485], [1118, 1488], [1121, 1492], [1121, 1495], [1124, 1498], [1124, 1501], [1128, 1505], [1128, 1508], [1131, 1511], [1131, 1514], [1134, 1517], [1134, 1521], [1137, 1524], [1137, 1527], [1140, 1530], [1140, 1534], [1144, 1537], [1144, 1543], [1147, 1547], [1147, 1550], [1150, 1553], [1150, 1556], [1160, 1566], [1157, 1569], [1157, 1576], [1153, 1579], [1153, 1582], [1150, 1585], [1150, 1589], [1147, 1592], [1147, 1595], [1144, 1598], [1144, 1631], [1150, 1637], [1150, 1641], [1153, 1644], [1153, 1647], [1157, 1650], [1157, 1654], [1160, 1657], [1160, 1676], [1157, 1679], [1157, 1718], [1153, 1722], [1153, 1734], [1150, 1738], [1150, 1751], [1147, 1754], [1147, 1760], [1144, 1764], [1144, 1773], [1140, 1777], [1140, 1783], [1137, 1786], [1137, 1793], [1134, 1796], [1134, 1802], [1131, 1806], [1131, 1815], [1128, 1819], [1128, 1828], [1124, 1832], [1124, 1841], [1121, 1845], [1121, 1848], [1118, 1851], [1118, 1861], [1115, 1864], [1115, 1871], [1111, 1874], [1111, 1893], [1108, 1896], [1108, 1906], [1105, 1909], [1105, 1916], [1102, 1919], [1102, 1922], [1098, 1926], [1098, 1932], [1095, 1935], [1095, 1971], [1102, 1977], [1102, 1981], [1105, 1984], [1118, 1971], [1118, 1968], [1128, 1958], [1128, 1955], [1131, 1951], [1131, 1948], [1137, 1942], [1137, 1939], [1140, 1935], [1140, 1932], [1144, 1929], [1144, 1926], [1147, 1922], [1147, 1919], [1153, 1913], [1153, 1909], [1160, 1903], [1160, 1900], [1163, 1896], [1163, 1893], [1166, 1890], [1166, 1887], [1173, 1880], [1173, 1877], [1183, 1867], [1183, 1864], [1186, 1861], [1186, 1858], [1189, 1854], [1189, 1851], [1192, 1848], [1192, 1845], [1196, 1841], [1196, 1838], [1199, 1835], [1199, 1832], [1202, 1828], [1202, 1825], [1209, 1819], [1209, 1815], [1215, 1809], [1215, 1806], [1218, 1802], [1218, 1799], [1221, 1796], [1221, 1793], [1225, 1790], [1225, 1786], [1228, 1783], [1228, 1780], [1231, 1777], [1231, 1770], [1234, 1767], [1234, 1764], [1238, 1760], [1238, 1754], [1241, 1751], [1241, 1744], [1244, 1741], [1244, 1738], [1247, 1734], [1247, 1731], [1251, 1728], [1251, 1725], [1254, 1722], [1254, 1712], [1251, 1709], [1251, 1692], [1254, 1689], [1254, 1686], [1257, 1683], [1260, 1683], [1267, 1676], [1273, 1676], [1280, 1670], [1283, 1670], [1296, 1657], [1299, 1657], [1299, 1654], [1309, 1644], [1309, 1641], [1319, 1631], [1319, 1628], [1325, 1621], [1325, 1618], [1328, 1615], [1328, 1611], [1332, 1608], [1332, 1605], [1338, 1598], [1338, 1595], [1361, 1573], [1364, 1573], [1371, 1566], [1371, 1563], [1383, 1550], [1387, 1550], [1396, 1540], [1396, 1537], [1419, 1514], [1419, 1511], [1426, 1505], [1426, 1501], [1435, 1492], [1435, 1488], [1452, 1472], [1452, 1469], [1471, 1449], [1471, 1446], [1477, 1440], [1477, 1436], [1500, 1414], [1500, 1411], [1523, 1388], [1523, 1385], [1526, 1381], [1526, 1378], [1533, 1372], [1533, 1368], [1539, 1362], [1539, 1359], [1545, 1352], [1545, 1349], [1549, 1346], [1549, 1343], [1555, 1336], [1555, 1330], [1558, 1326], [1558, 1323], [1562, 1320], [1562, 1313], [1565, 1310], [1565, 1307], [1568, 1304], [1568, 1291], [1571, 1287], [1571, 1271], [1568, 1268], [1568, 1265], [1565, 1262], [1565, 1255], [1562, 1252], [1555, 1252], [1552, 1249], [1549, 1249], [1545, 1245], [1542, 1245], [1523, 1226], [1520, 1226], [1516, 1223], [1510, 1223], [1507, 1219], [1490, 1219], [1487, 1216], [1477, 1216], [1474, 1213], [1468, 1213], [1464, 1210], [1455, 1210], [1452, 1207], [1442, 1207], [1439, 1203], [1435, 1203], [1432, 1200], [1429, 1200], [1426, 1197], [1422, 1197], [1419, 1194], [1416, 1194], [1409, 1187], [1409, 1177], [1390, 1177], [1390, 1190], [1380, 1200], [1377, 1200], [1374, 1203], [1358, 1203], [1354, 1207], [1312, 1207], [1309, 1203], [1299, 1203], [1296, 1200], [1277, 1200], [1273, 1197], [1264, 1197], [1260, 1194], [1251, 1194], [1247, 1190], [1209, 1190], [1205, 1187], [1205, 1177], [1157, 1177], [1157, 1190], [1153, 1194], [1150, 1194], [1147, 1197], [1144, 1197], [1140, 1200], [1137, 1200], [1134, 1203], [1131, 1203], [1128, 1207], [1124, 1207], [1121, 1210], [1102, 1210], [1098, 1213], [1089, 1213], [1085, 1216], [1082, 1216], [1079, 1219], [1076, 1219], [1066, 1229], [1056, 1229]]",0.65,ASOK_BHA161.JPG,ASOK_BHA161,Madhya Pradesh,Madhyapradeśa,Bhārhut,Fleurs de lotus ; végétaux et yakṣa,2 B.C.,Stūpa ; balustrade ; pilier,bouddhisme,Allahabad Municipal Museum,Maronet Léa
ASOK_UTT026_lotus_7110.png,lotus,"[[928, 2442], [928, 3263], [956, 3263], [959, 3266], [983, 3266], [986, 3270], [1003, 3270], [1007, 3273], [1014, 3273], [1017, 3276], [1017, 3287], [1099, 3287], [1099, 3276], [1103, 3273], [1106, 3273], [1109, 3270], [1120, 3270], [1123, 3266], [1127, 3266], [1130, 3263], [1137, 3263], [1140, 3259], [1147, 3259], [1150, 3256], [1154, 3256], [1161, 3249], [1164, 3249], [1168, 3246], [1171, 3246], [1181, 3235], [1185, 3235], [1209, 3211], [1209, 3208], [1226, 3191], [1226, 3187], [1229, 3184], [1229, 3181], [1236, 3174], [1236, 3170], [1243, 3164], [1246, 3164], [1250, 3160], [1253, 3160], [1256, 3157], [1277, 3157], [1280, 3160], [1287, 3160], [1291, 3164], [1297, 3164], [1301, 3167], [1304, 3167], [1308, 3170], [1311, 3170], [1321, 3181], [1325, 3181], [1332, 3187], [1335, 3187], [1339, 3191], [1342, 3191], [1345, 3194], [1352, 3194], [1356, 3198], [1393, 3198], [1397, 3201], [1403, 3201], [1407, 3205], [1417, 3205], [1421, 3208], [1427, 3208], [1431, 3211], [1434, 3211], [1438, 3215], [1444, 3215], [1448, 3218], [1455, 3218], [1458, 3222], [1472, 3222], [1475, 3225], [1557, 3225], [1561, 3222], [1588, 3222], [1592, 3218], [1639, 3218], [1643, 3215], [1646, 3215], [1650, 3211], [1656, 3211], [1660, 3208], [1674, 3208], [1677, 3205], [1701, 3205], [1704, 3201], [1715, 3201], [1718, 3198], [1721, 3198], [1725, 3194], [1728, 3194], [1732, 3191], [1742, 3191], [1745, 3187], [1752, 3187], [1756, 3184], [1759, 3184], [1762, 3181], [1773, 3181], [1776, 3177], [1783, 3177], [1786, 3174], [1797, 3174], [1800, 3170], [1817, 3170], [1821, 3167], [1827, 3167], [1831, 3164], [1841, 3164], [1845, 3160], [1855, 3160], [1858, 3157], [1875, 3157], [1879, 3160], [1882, 3160], [1886, 3164], [1889, 3164], [1896, 3170], [1896, 3174], [1923, 3201], [1927, 3201], [1930, 3205], [1933, 3205], [1937, 3208], [1940, 3208], [1944, 3211], [1944, 3215], [1957, 3228], [1961, 3228], [1964, 3232], [1968, 3232], [1978, 3242], [1981, 3242], [1985, 3246], [2009, 3246], [2012, 3249], [2029, 3249], [2033, 3252], [2067, 3252], [2070, 3249], [2091, 3249], [2094, 3246], [2111, 3246], [2115, 3242], [2125, 3242], [2128, 3239], [2132, 3239], [2132, 3235], [2135, 3232], [2135, 3228], [2139, 3225], [2139, 3222], [2142, 3218], [2142, 3198], [2145, 3194], [2145, 3187], [2142, 3184], [2142, 3157], [2139, 3153], [2139, 3136], [2135, 3133], [2135, 3126], [2132, 3122], [2132, 3051], [2121, 3040], [2121, 3034], [2118, 3030], [2118, 3027], [2115, 3023], [2104, 3023], [2098, 3016], [2098, 2999], [2101, 2996], [2108, 2996], [2115, 3003], [2115, 3006], [2121, 3006], [2125, 3003], [2128, 3003], [2128, 2996], [2132, 2992], [2132, 2924], [2135, 2921], [2118, 2904], [2121, 2900], [2121, 2897], [2125, 2893], [2125, 2880], [2128, 2876], [2128, 2873], [2132, 2869], [2142, 2869], [2142, 2866], [2145, 2863], [2145, 2856], [2149, 2852], [2149, 2815], [2145, 2811], [2145, 2808], [2142, 2804], [2139, 2804], [2135, 2801], [2132, 2801], [2128, 2798], [2128, 2791], [2132, 2787], [2132, 2763], [2135, 2760], [2135, 2726], [2132, 2722], [2132, 2692], [2128, 2688], [2128, 2657], [2135, 2650], [2139, 2650], [2142, 2647], [2142, 2613], [2139, 2609], [2139, 2599], [2142, 2596], [2142, 2582], [2139, 2579], [2139, 2568], [2142, 2565], [2139, 2562], [2139, 2544], [2142, 2541], [2142, 2521], [2145, 2517], [2145, 2510], [2149, 2507], [2149, 2500], [2152, 2497], [2152, 2490], [2156, 2486], [2156, 2480], [2159, 2476], [2159, 2469], [2162, 2466], [2162, 2456], [2166, 2452], [2166, 2370], [2169, 2367], [2169, 2356], [2173, 2353], [2173, 2332], [2176, 2329], [2176, 2312], [2180, 2308], [2180, 2291], [2183, 2288], [2183, 2274], [2186, 2271], [2197, 2271], [2197, 1990], [2186, 1990], [2183, 1987], [2183, 1984], [2180, 1980], [2180, 1977], [2176, 1973], [2176, 1966], [2169, 1960], [2166, 1960], [2162, 1956], [2156, 1956], [2152, 1953], [2145, 1953], [2139, 1946], [2139, 1936], [2015, 1936], [2015, 1946], [2012, 1949], [2009, 1949], [2002, 1956], [1998, 1956], [1995, 1960], [1992, 1960], [1988, 1963], [1985, 1963], [1974, 1973], [1971, 1973], [1961, 1984], [1957, 1984], [1916, 2025], [1916, 2028], [1892, 2052], [1889, 2052], [1886, 2055], [1858, 2055], [1855, 2052], [1848, 2052], [1845, 2049], [1831, 2049], [1827, 2045], [1814, 2045], [1810, 2049], [1803, 2049], [1800, 2052], [1786, 2052], [1783, 2049], [1776, 2049], [1773, 2045], [1759, 2045], [1756, 2049], [1752, 2049], [1749, 2052], [1732, 2052], [1728, 2049], [1725, 2049], [1721, 2045], [1718, 2045], [1715, 2042], [1708, 2042], [1701, 2035], [1697, 2035], [1694, 2031], [1694, 2028], [1691, 2025], [1691, 2018], [1677, 2004], [1670, 2004], [1667, 2001], [1650, 2001], [1646, 1997], [1622, 1997], [1619, 1994], [1585, 1994], [1581, 1990], [1527, 1990], [1523, 1994], [1489, 1994], [1486, 1997], [1465, 1997], [1462, 2001], [1448, 2001], [1444, 2004], [1431, 2004], [1427, 2008], [1424, 2008], [1421, 2011], [1414, 2011], [1410, 2014], [1403, 2014], [1400, 2018], [1397, 2018], [1393, 2021], [1383, 2021], [1380, 2025], [1366, 2025], [1362, 2028], [1349, 2028], [1345, 2031], [1339, 2031], [1335, 2035], [1332, 2035], [1328, 2038], [1321, 2038], [1315, 2045], [1311, 2045], [1308, 2049], [1304, 2049], [1301, 2052], [1297, 2052], [1294, 2055], [1291, 2055], [1284, 2062], [1280, 2062], [1277, 2066], [1274, 2066], [1267, 2073], [1263, 2073], [1260, 2076], [1256, 2076], [1253, 2079], [1246, 2079], [1243, 2083], [1219, 2083], [1215, 2086], [1212, 2083], [1209, 2083], [1202, 2076], [1198, 2076], [1191, 2069], [1188, 2069], [1185, 2066], [1185, 2062], [1181, 2059], [1181, 2055], [1178, 2052], [1178, 2045], [1174, 2042], [1174, 2038], [1171, 2035], [1171, 2031], [1168, 2028], [1164, 2028], [1154, 2018], [1150, 2018], [1147, 2014], [1144, 2014], [1140, 2011], [1137, 2011], [1130, 2004], [1127, 2004], [1120, 1997], [1116, 1997], [1109, 1990], [1106, 1990], [1103, 1987], [1096, 1987], [1092, 1984], [1086, 1984], [1082, 1980], [1075, 1980], [1072, 1977], [1041, 1977], [1038, 1980], [1034, 1980], [1024, 1990], [1024, 1997], [1021, 2001], [1021, 2004], [1017, 2008], [1017, 2011], [1014, 2014], [1014, 2028], [1010, 2031], [1010, 2045], [1007, 2049], [1007, 2059], [1003, 2062], [1003, 2076], [1000, 2079], [1000, 2090], [997, 2093], [997, 2100], [993, 2103], [993, 2120], [990, 2124], [990, 2172], [986, 2175], [986, 2185], [983, 2189], [983, 2196], [980, 2199], [980, 2209], [976, 2213], [976, 2226], [973, 2230], [973, 2240], [969, 2244], [969, 2308], [973, 2312], [973, 2350], [969, 2353], [969, 2363], [966, 2367], [966, 2377], [962, 2380], [962, 2384], [959, 2387], [959, 2397], [956, 2401], [956, 2411], [952, 2415], [952, 2425], [949, 2428], [949, 2432], [938, 2442], [928, 2442]]",0.37,ASOK_UTT026.JPG,ASOK_UTT026,Uttar Pradesh,Mathurā,Govindnāgar,Balustrade avec médaillons et demi-médaillons,1 A.D. ; 2 A.D.,Balustrade ; pilier,indéterminée,Mathura Government Museum,Maronet Léa
ASOK_UTT026_lotus_7111.png,lotus,"[[901, 3550], [901, 4679], [915, 4679], [928, 4692], [942, 4692], [945, 4696], [969, 4696], [973, 4699], [1044, 4699], [1048, 4696], [1068, 4696], [1072, 4692], [1082, 4692], [1086, 4689], [1092, 4689], [1096, 4685], [1103, 4685], [1106, 4682], [1113, 4682], [1116, 4679], [1123, 4679], [1127, 4675], [1137, 4675], [1140, 4672], [1147, 4672], [1150, 4668], [1157, 4668], [1161, 4665], [1168, 4665], [1171, 4661], [1174, 4661], [1178, 4658], [1181, 4658], [1185, 4655], [1191, 4655], [1195, 4651], [1202, 4651], [1205, 4648], [1209, 4648], [1212, 4644], [1222, 4644], [1226, 4641], [1260, 4641], [1263, 4644], [1274, 4644], [1277, 4648], [1284, 4648], [1287, 4651], [1291, 4651], [1294, 4655], [1304, 4655], [1308, 4658], [1311, 4658], [1315, 4661], [1321, 4661], [1325, 4665], [1335, 4665], [1339, 4668], [1345, 4668], [1349, 4672], [1359, 4672], [1362, 4675], [1369, 4675], [1373, 4679], [1386, 4679], [1390, 4682], [1400, 4682], [1403, 4685], [1444, 4685], [1448, 4689], [1479, 4689], [1482, 4692], [1509, 4692], [1513, 4696], [1544, 4696], [1547, 4692], [1578, 4692], [1581, 4689], [1592, 4689], [1595, 4685], [1602, 4685], [1605, 4682], [1615, 4682], [1619, 4679], [1633, 4679], [1636, 4675], [1660, 4675], [1663, 4672], [1677, 4672], [1680, 4668], [1691, 4668], [1694, 4665], [1708, 4665], [1711, 4661], [1725, 4661], [1728, 4658], [1739, 4658], [1742, 4655], [1759, 4655], [1762, 4651], [1797, 4651], [1800, 4655], [1831, 4655], [1848, 4672], [1848, 4675], [1858, 4685], [1858, 4689], [1862, 4692], [1862, 4696], [1865, 4699], [1865, 4702], [1872, 4709], [1875, 4709], [1879, 4713], [1886, 4713], [1889, 4716], [1892, 4716], [1896, 4720], [1909, 4720], [1913, 4723], [1916, 4723], [1920, 4726], [1923, 4726], [1927, 4730], [1961, 4730], [1964, 4726], [1978, 4726], [1981, 4730], [1992, 4730], [1995, 4733], [1998, 4733], [2002, 4737], [2056, 4737], [2060, 4740], [2084, 4740], [2087, 4737], [2091, 4737], [2091, 4733], [2094, 4730], [2094, 4723], [2098, 4720], [2098, 4699], [2101, 4696], [2101, 4658], [2104, 4655], [2104, 4552], [2108, 4549], [2108, 4504], [2111, 4501], [2111, 4467], [2115, 4463], [2115, 4278], [2111, 4275], [2111, 4190], [2108, 4186], [2108, 4104], [2111, 4101], [2111, 4001], [2108, 3998], [2108, 3926], [2111, 3923], [2111, 3885], [2115, 3882], [2115, 3878], [2111, 3875], [2111, 3865], [2108, 3861], [2108, 3745], [2111, 3741], [2111, 3618], [2115, 3615], [2115, 3567], [2111, 3564], [2111, 3540], [2108, 3536], [2108, 3523], [2104, 3519], [2104, 3516], [2101, 3512], [2098, 3512], [2094, 3509], [2091, 3509], [2087, 3506], [2087, 3495], [2084, 3495], [2084, 3506], [2080, 3509], [2070, 3509], [2067, 3512], [2056, 3512], [2053, 3516], [2043, 3516], [2039, 3519], [2033, 3519], [2026, 3526], [2026, 3529], [2019, 3536], [2009, 3536], [2005, 3540], [1981, 3540], [1978, 3543], [1951, 3543], [1944, 3550], [1944, 3557], [1933, 3567], [1927, 3567], [1916, 3577], [1916, 3581], [1913, 3584], [1913, 3588], [1906, 3594], [1903, 3594], [1892, 3605], [1892, 3612], [1879, 3625], [1855, 3625], [1851, 3622], [1848, 3622], [1845, 3618], [1841, 3618], [1838, 3615], [1834, 3615], [1827, 3608], [1824, 3608], [1821, 3605], [1817, 3605], [1810, 3598], [1807, 3598], [1803, 3594], [1797, 3594], [1793, 3591], [1786, 3591], [1783, 3588], [1780, 3588], [1776, 3584], [1773, 3584], [1769, 3581], [1762, 3581], [1759, 3577], [1756, 3577], [1752, 3574], [1749, 3574], [1745, 3570], [1742, 3570], [1739, 3567], [1735, 3567], [1732, 3564], [1728, 3564], [1725, 3560], [1718, 3560], [1715, 3557], [1711, 3557], [1708, 3553], [1701, 3553], [1697, 3550], [1694, 3550], [1691, 3547], [1684, 3547], [1680, 3543], [1677, 3543], [1674, 3540], [1667, 3540], [1663, 3536], [1653, 3536], [1650, 3533], [1639, 3533], [1636, 3529], [1622, 3529], [1619, 3526], [1612, 3526], [1609, 3523], [1592, 3523], [1588, 3519], [1574, 3519], [1571, 3516], [1527, 3516], [1523, 3519], [1513, 3519], [1509, 3523], [1496, 3523], [1492, 3526], [1475, 3526], [1472, 3529], [1451, 3529], [1448, 3533], [1438, 3533], [1434, 3536], [1424, 3536], [1421, 3540], [1414, 3540], [1410, 3543], [1403, 3543], [1400, 3547], [1397, 3547], [1393, 3550], [1383, 3550], [1380, 3553], [1373, 3553], [1369, 3557], [1366, 3557], [1362, 3560], [1356, 3560], [1352, 3564], [1345, 3564], [1342, 3567], [1335, 3567], [1332, 3570], [1325, 3570], [1321, 3574], [1318, 3574], [1311, 3581], [1308, 3581], [1304, 3584], [1301, 3584], [1297, 3588], [1291, 3588], [1287, 3591], [1280, 3591], [1277, 3594], [1263, 3594], [1260, 3598], [1246, 3598], [1243, 3601], [1219, 3601], [1215, 3598], [1209, 3598], [1205, 3594], [1202, 3594], [1198, 3591], [1195, 3591], [1188, 3584], [1185, 3584], [1161, 3560], [1157, 3560], [1147, 3550], [1144, 3550], [1137, 3543], [1133, 3543], [1130, 3540], [1127, 3540], [1123, 3536], [1120, 3536], [1116, 3533], [1109, 3533], [1106, 3529], [1099, 3529], [1096, 3526], [1092, 3526], [1089, 3523], [1079, 3523], [1075, 3519], [1062, 3519], [1058, 3516], [1017, 3516], [1014, 3512], [986, 3512], [983, 3516], [966, 3516], [962, 3519], [949, 3519], [945, 3523], [938, 3523], [932, 3529], [928, 3529], [925, 3533], [925, 3536], [911, 3550], [901, 3550]]",0.93,ASOK_UTT026.JPG,ASOK_UTT026,Uttar Pradesh,Mathurā,Govindnāgar,Balustrade avec médaillons et demi-médaillons,1 A.D. ; 2 A.D.,Balustrade ; pilier,indéterminée,Mathura Government Museum,Maronet Léa
ASOK_UTT026_lotus_7112.png,lotus,"[[915, 4932], [915, 5174], [1256, 5174], [1256, 5164], [1260, 5161], [1284, 5161], [1287, 5157], [1332, 5157], [1335, 5161], [1407, 5161], [1410, 5164], [1410, 5174], [1472, 5174], [1472, 5164], [1475, 5161], [1492, 5161], [1496, 5164], [1496, 5174], [2053, 5174], [2053, 5164], [2060, 5157], [2063, 5157], [2067, 5154], [2070, 5154], [2077, 5147], [2077, 5137], [2080, 5133], [2080, 5113], [2084, 5109], [2084, 5079], [2087, 5075], [2087, 5068], [2091, 5065], [2101, 5065], [2101, 4973], [2091, 4973], [2084, 4966], [2084, 4962], [2080, 4959], [2080, 4956], [2074, 4949], [2070, 4949], [2063, 4942], [2063, 4932], [1968, 4932], [1968, 4942], [1964, 4945], [1933, 4945], [1930, 4949], [1920, 4949], [1916, 4952], [1909, 4952], [1906, 4956], [1899, 4956], [1896, 4959], [1892, 4959], [1889, 4962], [1886, 4962], [1855, 4993], [1855, 4997], [1848, 5003], [1848, 5007], [1841, 5014], [1841, 5017], [1834, 5024], [1834, 5027], [1824, 5038], [1807, 5038], [1803, 5034], [1797, 5034], [1793, 5031], [1790, 5031], [1783, 5024], [1780, 5024], [1773, 5017], [1769, 5017], [1762, 5010], [1759, 5010], [1752, 5003], [1749, 5003], [1742, 4997], [1739, 4997], [1735, 4993], [1732, 4993], [1728, 4990], [1725, 4990], [1718, 4983], [1715, 4983], [1711, 4980], [1704, 4980], [1701, 4976], [1697, 4976], [1694, 4973], [1691, 4973], [1687, 4969], [1684, 4969], [1680, 4966], [1674, 4966], [1670, 4962], [1667, 4962], [1663, 4959], [1653, 4959], [1650, 4956], [1639, 4956], [1636, 4952], [1619, 4952], [1615, 4949], [1595, 4949], [1592, 4945], [1574, 4945], [1571, 4942], [1571, 4932], [1431, 4932], [1431, 4942], [1427, 4945], [1417, 4945], [1414, 4949], [1400, 4949], [1397, 4952], [1383, 4952], [1380, 4956], [1369, 4956], [1366, 4959], [1356, 4959], [1352, 4962], [1349, 4962], [1345, 4966], [1339, 4966], [1335, 4969], [1332, 4969], [1328, 4973], [1321, 4973], [1315, 4980], [1311, 4980], [1308, 4983], [1304, 4983], [1301, 4986], [1297, 4986], [1291, 4993], [1287, 4993], [1280, 5000], [1277, 5000], [1270, 5007], [1267, 5007], [1263, 5010], [1260, 5010], [1256, 5014], [1253, 5014], [1250, 5017], [1246, 5017], [1243, 5021], [1236, 5021], [1233, 5024], [1222, 5024], [1219, 5027], [1212, 5027], [1209, 5024], [1202, 5024], [1188, 5010], [1185, 5010], [1181, 5007], [1181, 5003], [1133, 4956], [1130, 4956], [1127, 4952], [1123, 4952], [1116, 4945], [1113, 4945], [1109, 4942], [1109, 4932], [915, 4932]]",0.84,ASOK_UTT026.JPG,ASOK_UTT026,Uttar Pradesh,Mathurā,Govindnāgar,Balustrade avec médaillons et demi-médaillons,1 A.D. ; 2 A.D.,Balustrade ; pilier,indéterminée,Mathura Government Museum,Maronet Léa
ASOK_NAG081f_oie_7171.png,oie,"[[3523, 1841], [3523, 2022], [3533, 2022], [3540, 2029], [3540, 2033], [3543, 2036], [3543, 2043], [3547, 2046], [3547, 2050], [3553, 2056], [3553, 2060], [3567, 2074], [3567, 2077], [3581, 2091], [3581, 2094], [3594, 2108], [3594, 2111], [3601, 2118], [3601, 2121], [3605, 2125], [3605, 2128], [3612, 2135], [3612, 2139], [3618, 2145], [3618, 2152], [3622, 2156], [3622, 2159], [3625, 2162], [3625, 2169], [3629, 2173], [3629, 2183], [3632, 2186], [3632, 2200], [3635, 2204], [3635, 2207], [3639, 2210], [3639, 2217], [3642, 2221], [3642, 2231], [3646, 2234], [3646, 2241], [3649, 2245], [3649, 2248], [3653, 2251], [3653, 2255], [3656, 2258], [3656, 2262], [3659, 2265], [3659, 2268], [3676, 2286], [3676, 2289], [3683, 2296], [3683, 2299], [3687, 2303], [3690, 2303], [3704, 2316], [3704, 2320], [3707, 2323], [3707, 2327], [3718, 2337], [3718, 2340], [3745, 2368], [3748, 2368], [3752, 2371], [3755, 2371], [3759, 2374], [3762, 2374], [3765, 2378], [3769, 2378], [3772, 2381], [3779, 2381], [3783, 2385], [3786, 2385], [3793, 2392], [3796, 2392], [3800, 2395], [3806, 2395], [3810, 2398], [3813, 2398], [3820, 2405], [3827, 2405], [3830, 2409], [3837, 2409], [3848, 2419], [3854, 2419], [3858, 2422], [3861, 2422], [3865, 2426], [3868, 2426], [3871, 2429], [3882, 2429], [3885, 2433], [3912, 2433], [3916, 2436], [3977, 2436], [3981, 2439], [3984, 2439], [3988, 2443], [3991, 2443], [3995, 2446], [3998, 2446], [4022, 2470], [4022, 2474], [4029, 2480], [4029, 2484], [4049, 2504], [4053, 2504], [4056, 2508], [4060, 2508], [4063, 2511], [4066, 2511], [4070, 2515], [4077, 2515], [4080, 2518], [4097, 2518], [4101, 2521], [4121, 2521], [4125, 2525], [4131, 2525], [4135, 2528], [4135, 2539], [4162, 2539], [4162, 2528], [4166, 2525], [4169, 2525], [4172, 2521], [4183, 2521], [4186, 2518], [4196, 2518], [4200, 2515], [4210, 2515], [4213, 2511], [4220, 2511], [4224, 2508], [4227, 2508], [4234, 2501], [4244, 2501], [4248, 2498], [4251, 2498], [4254, 2494], [4265, 2494], [4268, 2491], [4278, 2491], [4282, 2487], [4296, 2487], [4299, 2484], [4323, 2484], [4326, 2487], [4360, 2487], [4364, 2491], [4419, 2491], [4422, 2487], [4439, 2487], [4443, 2484], [4453, 2484], [4456, 2480], [4470, 2480], [4473, 2477], [4504, 2477], [4508, 2474], [4552, 2474], [4555, 2477], [4576, 2477], [4579, 2480], [4634, 2480], [4638, 2484], [4651, 2484], [4655, 2480], [4699, 2480], [4702, 2484], [4822, 2484], [4826, 2480], [4846, 2480], [4846, 1670], [4826, 1670], [4819, 1663], [4815, 1663], [4809, 1656], [4795, 1670], [4788, 1670], [4785, 1667], [4774, 1667], [4771, 1663], [4754, 1663], [4750, 1660], [4737, 1660], [4733, 1656], [4730, 1656], [4726, 1653], [4723, 1653], [4720, 1650], [4713, 1650], [4702, 1639], [4702, 1636], [4699, 1633], [4696, 1633], [4689, 1626], [4689, 1622], [4682, 1615], [4682, 1612], [4675, 1605], [4675, 1602], [4665, 1592], [4665, 1588], [4661, 1585], [4661, 1581], [4658, 1578], [4658, 1571], [4648, 1561], [4648, 1557], [4641, 1550], [4641, 1547], [4631, 1537], [4631, 1533], [4624, 1527], [4624, 1523], [4620, 1520], [4620, 1516], [4617, 1513], [4617, 1509], [4610, 1503], [4610, 1499], [4596, 1486], [4596, 1482], [4593, 1479], [4590, 1479], [4583, 1472], [4583, 1462], [4460, 1462], [4460, 1472], [4439, 1492], [4436, 1492], [4432, 1496], [4429, 1496], [4419, 1506], [4415, 1506], [4412, 1509], [4408, 1509], [4398, 1520], [4395, 1520], [4391, 1523], [4388, 1523], [4384, 1527], [4381, 1527], [4367, 1540], [4364, 1540], [4347, 1557], [4347, 1561], [4343, 1564], [4343, 1568], [4340, 1571], [4340, 1574], [4330, 1585], [4330, 1588], [4326, 1592], [4326, 1595], [4323, 1598], [4323, 1602], [4319, 1605], [4319, 1609], [4316, 1612], [4316, 1619], [4313, 1622], [4313, 1626], [4309, 1629], [4309, 1633], [4306, 1636], [4306, 1643], [4302, 1646], [4302, 1650], [4299, 1653], [4299, 1656], [4296, 1660], [4296, 1663], [4292, 1667], [4292, 1674], [4289, 1677], [4289, 1684], [4285, 1687], [4285, 1691], [4282, 1694], [4282, 1701], [4278, 1704], [4278, 1708], [4275, 1711], [4275, 1721], [4272, 1725], [4272, 1732], [4268, 1735], [4268, 1745], [4265, 1749], [4265, 1773], [4261, 1776], [4261, 1790], [4258, 1793], [4258, 1807], [4254, 1810], [4254, 1855], [4251, 1858], [4251, 1865], [4248, 1868], [4248, 1872], [4244, 1875], [4244, 1879], [4241, 1882], [4241, 1886], [4237, 1889], [4234, 1889], [4227, 1896], [4224, 1896], [4220, 1899], [4203, 1899], [4200, 1896], [4193, 1896], [4190, 1892], [4179, 1892], [4176, 1889], [4169, 1889], [4166, 1886], [4111, 1886], [4107, 1882], [4097, 1882], [4094, 1879], [4083, 1879], [4080, 1875], [4066, 1875], [4063, 1872], [4056, 1872], [4053, 1868], [4049, 1868], [4046, 1865], [4042, 1865], [4032, 1855], [4032, 1848], [4029, 1845], [4029, 1841], [4025, 1838], [4022, 1838], [4018, 1834], [4015, 1834], [4012, 1831], [4012, 1817], [4018, 1810], [4025, 1810], [4029, 1807], [4036, 1807], [4039, 1803], [4046, 1803], [4049, 1800], [4053, 1800], [4060, 1793], [4060, 1790], [4066, 1783], [4070, 1783], [4073, 1780], [4077, 1780], [4090, 1766], [4090, 1762], [4094, 1759], [4090, 1756], [4090, 1732], [4104, 1718], [4118, 1718], [4121, 1721], [4125, 1718], [4131, 1718], [4135, 1715], [4148, 1715], [4152, 1711], [4155, 1711], [4162, 1704], [4166, 1704], [4169, 1701], [4172, 1701], [4176, 1697], [4186, 1697], [4190, 1694], [4193, 1694], [4196, 1691], [4196, 1670], [4193, 1667], [4193, 1663], [4196, 1660], [4196, 1650], [4200, 1646], [4200, 1629], [4203, 1626], [4203, 1622], [4200, 1619], [4200, 1595], [4196, 1592], [4196, 1585], [4193, 1581], [4193, 1574], [4196, 1571], [4179, 1554], [4179, 1544], [4176, 1540], [4176, 1537], [4172, 1533], [4172, 1513], [4169, 1509], [4169, 1499], [4166, 1496], [4166, 1489], [4148, 1489], [4131, 1472], [4131, 1462], [3796, 1462], [3796, 1475], [3803, 1482], [3803, 1489], [3796, 1496], [3789, 1496], [3786, 1499], [3765, 1499], [3762, 1496], [3759, 1496], [3752, 1489], [3752, 1486], [3759, 1479], [3759, 1475], [3762, 1472], [3762, 1462], [3659, 1462], [3659, 1472], [3666, 1479], [3666, 1482], [3670, 1486], [3670, 1489], [3663, 1496], [3646, 1496], [3639, 1503], [3639, 1513], [3625, 1527], [3622, 1527], [3618, 1530], [3618, 1540], [3615, 1544], [3615, 1547], [3612, 1550], [3612, 1554], [3601, 1564], [3598, 1564], [3594, 1568], [3594, 1571], [3591, 1574], [3591, 1585], [3594, 1585], [3601, 1592], [3605, 1592], [3612, 1598], [3612, 1602], [3615, 1605], [3615, 1615], [3612, 1619], [3612, 1626], [3608, 1629], [3608, 1633], [3605, 1636], [3605, 1639], [3612, 1646], [3612, 1650], [3629, 1667], [3629, 1687], [3632, 1691], [3618, 1704], [3618, 1711], [3615, 1715], [3615, 1718], [3588, 1745], [3588, 1752], [3581, 1759], [3581, 1762], [3577, 1766], [3577, 1776], [3574, 1780], [3574, 1786], [3553, 1807], [3553, 1814], [3543, 1824], [3543, 1827], [3540, 1831], [3540, 1834], [3533, 1841], [3523, 1841]]",0.54,ASOK_NAG081f.JPG,ASOK_NAG081f,Andhra Pradesh,Āndhradeśa,Nāgārjunakoṇḍa,,3 A.D.,Stūpa ; panneau,bouddhisme,Nagarjunakonda Archaeological Museum,Maronet Léa
ASOK_AND012_lotus_7185.png,lotus,"[[88, 487], [88, 692], [340, 692], [340, 690], [340, 689], [343, 689], [344, 690], [344, 692], [379, 692], [379, 690], [380, 689], [382, 689], [383, 688], [387, 688], [388, 688], [404, 688], [405, 688], [406, 689], [406, 692], [456, 692], [456, 690], [457, 689], [462, 689], [463, 688], [466, 688], [467, 689], [469, 689], [469, 690], [469, 692], [558, 692], [558, 690], [559, 689], [563, 689], [564, 688], [574, 688], [574, 689], [575, 689], [576, 688], [577, 688], [578, 690], [578, 692], [644, 692], [644, 690], [645, 689], [646, 688], [648, 688], [649, 688], [659, 688], [660, 688], [661, 689], [663, 689], [664, 688], [665, 689], [666, 689], [666, 690], [666, 692], [679, 692], [679, 688], [680, 688], [680, 687], [680, 686], [680, 685], [681, 684], [681, 681], [681, 680], [681, 677], [682, 676], [682, 672], [683, 671], [683, 666], [683, 665], [683, 659], [684, 658], [684, 651], [685, 650], [685, 645], [685, 636], [686, 636], [686, 606], [687, 605], [687, 601], [687, 600], [689, 600], [689, 581], [687, 581], [687, 580], [687, 576], [686, 576], [686, 572], [685, 572], [685, 565], [685, 564], [685, 545], [685, 544], [685, 541], [684, 541], [684, 539], [683, 538], [683, 527], [683, 518], [682, 518], [682, 514], [681, 514], [681, 509], [681, 508], [681, 499], [680, 499], [680, 488], [680, 483], [679, 483], [679, 479], [678, 479], [678, 473], [678, 472], [678, 470], [677, 470], [677, 468], [676, 467], [676, 464], [676, 463], [676, 460], [675, 459], [675, 456], [674, 455], [674, 454], [674, 453], [674, 451], [673, 450], [673, 449], [673, 448], [673, 446], [672, 446], [672, 444], [671, 444], [671, 442], [671, 441], [671, 439], [670, 439], [670, 434], [669, 434], [669, 432], [669, 430], [668, 429], [668, 428], [667, 427], [667, 426], [665, 424], [665, 423], [664, 423], [664, 421], [664, 420], [662, 418], [661, 417], [661, 416], [660, 416], [660, 415], [660, 414], [659, 414], [657, 412], [660, 409], [660, 408], [660, 407], [659, 406], [659, 404], [658, 403], [657, 403], [653, 400], [652, 400], [649, 397], [648, 397], [645, 397], [644, 396], [641, 396], [639, 398], [639, 399], [638, 400], [638, 401], [637, 402], [637, 404], [636, 404], [635, 404], [634, 405], [633, 405], [632, 404], [630, 404], [629, 402], [628, 402], [626, 404], [625, 404], [622, 404], [621, 404], [619, 406], [619, 407], [618, 408], [618, 409], [616, 410], [615, 410], [607, 402], [606, 402], [605, 402], [604, 400], [603, 400], [601, 398], [599, 397], [596, 393], [595, 393], [591, 389], [590, 389], [587, 386], [586, 386], [586, 385], [585, 385], [585, 384], [584, 384], [583, 384], [582, 384], [581, 383], [580, 382], [579, 382], [578, 382], [577, 381], [575, 381], [574, 381], [573, 381], [572, 380], [571, 380], [571, 379], [569, 379], [568, 379], [567, 378], [566, 378], [565, 377], [564, 377], [563, 376], [562, 376], [562, 375], [560, 375], [558, 375], [558, 374], [555, 374], [554, 374], [552, 374], [551, 373], [550, 372], [549, 372], [548, 372], [547, 372], [546, 371], [544, 371], [543, 370], [542, 370], [541, 370], [539, 370], [539, 369], [537, 369], [537, 368], [536, 368], [534, 368], [533, 367], [532, 367], [530, 367], [529, 366], [527, 366], [527, 365], [525, 365], [524, 365], [523, 365], [522, 364], [520, 364], [520, 363], [518, 363], [517, 363], [516, 363], [515, 362], [514, 362], [513, 361], [512, 361], [511, 361], [510, 361], [509, 360], [508, 360], [507, 359], [506, 359], [506, 358], [505, 358], [504, 358], [502, 356], [501, 356], [500, 356], [500, 355], [499, 355], [498, 354], [497, 354], [496, 354], [495, 354], [494, 353], [493, 353], [492, 353], [491, 352], [490, 352], [489, 351], [488, 351], [487, 351], [486, 351], [485, 349], [484, 349], [483, 349], [482, 348], [481, 348], [480, 347], [479, 347], [478, 347], [477, 347], [477, 346], [476, 346], [475, 346], [473, 346], [472, 345], [471, 344], [470, 344], [469, 344], [468, 344], [467, 343], [465, 343], [465, 342], [463, 342], [462, 342], [461, 341], [459, 341], [458, 340], [456, 340], [455, 340], [455, 339], [454, 339], [450, 335], [450, 333], [449, 333], [449, 332], [447, 330], [445, 330], [444, 330], [442, 330], [442, 329], [441, 329], [441, 328], [440, 328], [439, 327], [439, 325], [430, 325], [430, 327], [429, 328], [423, 328], [421, 328], [421, 327], [421, 325], [385, 325], [385, 328], [384, 329], [381, 329], [381, 330], [379, 330], [378, 330], [375, 330], [374, 331], [372, 331], [371, 332], [370, 332], [369, 332], [368, 332], [367, 333], [364, 333], [363, 333], [351, 333], [350, 333], [347, 333], [346, 334], [344, 334], [344, 335], [342, 335], [335, 335], [335, 336], [329, 336], [328, 337], [319, 337], [318, 337], [314, 337], [314, 338], [313, 338], [312, 339], [310, 339], [308, 339], [307, 340], [300, 340], [297, 340], [296, 341], [294, 341], [293, 342], [292, 342], [291, 342], [291, 343], [289, 343], [288, 345], [287, 345], [286, 346], [285, 346], [284, 346], [284, 347], [283, 347], [282, 347], [281, 348], [280, 348], [279, 349], [278, 349], [277, 349], [275, 349], [275, 350], [273, 350], [273, 351], [272, 351], [271, 351], [270, 352], [269, 353], [268, 353], [267, 353], [266, 354], [265, 354], [264, 354], [263, 355], [261, 356], [260, 356], [259, 357], [258, 358], [257, 358], [256, 358], [255, 359], [253, 359], [252, 360], [251, 360], [249, 360], [249, 361], [247, 361], [246, 361], [245, 362], [244, 363], [243, 363], [242, 363], [242, 364], [241, 364], [240, 365], [239, 365], [238, 365], [237, 366], [235, 367], [234, 368], [233, 368], [232, 368], [231, 369], [230, 370], [229, 370], [228, 370], [227, 371], [226, 371], [226, 372], [225, 372], [224, 372], [223, 372], [222, 373], [221, 374], [220, 374], [219, 374], [218, 374], [217, 375], [216, 375], [215, 375], [214, 376], [213, 376], [212, 377], [210, 377], [209, 377], [206, 377], [205, 377], [204, 377], [203, 377], [202, 377], [201, 377], [197, 377], [196, 376], [195, 376], [194, 375], [193, 375], [191, 377], [191, 378], [190, 379], [189, 380], [189, 381], [186, 384], [186, 385], [185, 386], [184, 386], [183, 387], [182, 387], [181, 388], [180, 388], [173, 395], [168, 400], [168, 401], [166, 402], [166, 403], [165, 404], [165, 405], [164, 405], [163, 406], [159, 410], [158, 410], [157, 411], [153, 414], [152, 414], [150, 416], [150, 417], [150, 418], [145, 423], [144, 425], [140, 430], [138, 432], [137, 432], [135, 435], [134, 436], [134, 437], [131, 440], [131, 441], [130, 441], [130, 442], [129, 442], [129, 443], [128, 445], [128, 446], [124, 449], [124, 450], [119, 455], [119, 456], [119, 457], [117, 459], [117, 460], [112, 464], [112, 465], [110, 467], [110, 468], [109, 469], [108, 470], [107, 472], [106, 474], [105, 476], [105, 478], [104, 479], [104, 481], [103, 482], [103, 483], [102, 484], [102, 485], [101, 486], [100, 486], [96, 486], [96, 487], [95, 487], [93, 485], [92, 485], [91, 487], [88, 487]]",0.98,ASOK_AND012.jpg,ASOK_AND012,Andhra Pradesh,Āndhradeśa,Ghaṇṭasala,Demi-médaillon lotiforme,1 A.D. ; 2 A.D. ; 3 A.D. ,Pilier,bouddhisme,Ghantasala Archaeological Museum,Maronet Léa
ASOK_UTT003_lotus_7208.png,lotus,"[[1270, 130], [1270, 551], [1284, 551], [1287, 554], [1291, 554], [1294, 557], [1304, 557], [1318, 571], [1321, 571], [1325, 575], [1362, 575], [1366, 571], [1369, 571], [1373, 568], [1376, 568], [1380, 564], [1383, 564], [1386, 568], [1393, 568], [1400, 575], [1403, 575], [1407, 578], [1414, 578], [1417, 581], [1462, 581], [1465, 585], [1482, 585], [1486, 588], [1499, 588], [1503, 592], [1516, 592], [1520, 595], [1527, 595], [1530, 598], [1533, 598], [1537, 602], [1540, 602], [1544, 605], [1547, 605], [1550, 609], [1557, 609], [1564, 616], [1568, 616], [1574, 622], [1578, 622], [1588, 633], [1592, 633], [1602, 643], [1605, 643], [1609, 646], [1612, 646], [1629, 663], [1633, 663], [1639, 670], [1643, 670], [1653, 681], [1656, 681], [1660, 684], [1663, 684], [1667, 687], [1670, 687], [1677, 694], [1684, 694], [1687, 698], [1694, 698], [1697, 701], [1704, 701], [1708, 705], [1725, 705], [1728, 708], [1739, 708], [1742, 711], [1752, 711], [1756, 715], [1762, 715], [1766, 718], [1776, 718], [1780, 722], [1783, 722], [1786, 725], [1793, 725], [1797, 728], [1803, 728], [1807, 732], [1810, 732], [1814, 735], [1831, 735], [1834, 739], [1841, 739], [1845, 742], [1858, 742], [1862, 746], [1865, 746], [1868, 749], [1879, 749], [1882, 752], [1889, 752], [1892, 756], [1909, 756], [1913, 759], [1923, 759], [1927, 763], [1947, 763], [1951, 766], [1978, 766], [1981, 770], [2094, 770], [2098, 766], [2118, 766], [2121, 763], [2132, 763], [2135, 759], [2152, 759], [2156, 756], [2169, 756], [2173, 752], [2183, 752], [2186, 749], [2193, 749], [2197, 746], [2210, 746], [2214, 742], [2221, 742], [2224, 739], [2231, 739], [2234, 735], [2241, 735], [2248, 728], [2251, 728], [2255, 725], [2262, 725], [2265, 722], [2268, 722], [2282, 708], [2286, 708], [2289, 705], [2292, 705], [2299, 698], [2303, 698], [2313, 687], [2316, 687], [2320, 684], [2323, 684], [2333, 674], [2340, 674], [2344, 670], [2351, 670], [2354, 667], [2357, 667], [2364, 660], [2392, 660], [2395, 663], [2398, 663], [2402, 667], [2405, 667], [2412, 674], [2412, 677], [2419, 684], [2419, 687], [2436, 705], [2436, 708], [2443, 715], [2443, 718], [2446, 722], [2450, 722], [2457, 728], [2460, 728], [2474, 742], [2480, 742], [2484, 746], [2487, 746], [2491, 749], [2498, 749], [2501, 752], [2508, 752], [2511, 756], [2518, 756], [2521, 759], [2525, 759], [2528, 763], [2535, 763], [2539, 766], [2542, 766], [2545, 770], [2549, 770], [2552, 773], [2559, 773], [2562, 776], [2569, 776], [2573, 780], [2580, 780], [2583, 783], [2593, 783], [2597, 787], [2597, 797], [2716, 797], [2716, 783], [2720, 780], [2720, 776], [2723, 773], [2723, 763], [2727, 759], [2727, 749], [2730, 746], [2730, 722], [2733, 718], [2733, 646], [2737, 643], [2737, 602], [2733, 598], [2733, 554], [2730, 551], [2730, 506], [2733, 503], [2733, 475], [2737, 472], [2737, 469], [2733, 465], [2733, 451], [2737, 448], [2737, 417], [2740, 414], [2737, 410], [2737, 393], [2740, 390], [2740, 383], [2737, 380], [2737, 376], [2740, 373], [2740, 342], [2744, 339], [2744, 332], [2747, 328], [2757, 328], [2757, 321], [2747, 321], [2744, 318], [2744, 311], [2740, 308], [2740, 287], [2737, 284], [2737, 274], [2733, 270], [2733, 267], [2737, 263], [2737, 260], [2744, 253], [2757, 253], [2757, 233], [2744, 233], [2737, 226], [2737, 222], [2730, 215], [2730, 212], [2723, 205], [2720, 205], [2713, 198], [2713, 192], [2710, 188], [2710, 171], [2706, 168], [2706, 161], [2703, 157], [2699, 157], [2696, 154], [2692, 154], [2679, 140], [2679, 130], [1270, 130]]",0.27,ASOK_UTT003.JPG,ASOK_UTT003,Uttar Pradesh,Mathurā,Jamalpur,Balustrade avec médaillons lotiformes,1 A.D. ; 2 A.D.,Balustrade ; pilier,indéterminée,Lucknow State Museum,Maronet Léa
ASOK_UTT003_lotus_7209.png,lotus,"[[1229, 3441], [1229, 4850], [1243, 4850], [1246, 4853], [1253, 4853], [1256, 4856], [1277, 4856], [1280, 4860], [1284, 4856], [1308, 4856], [1311, 4853], [1321, 4853], [1325, 4850], [1339, 4850], [1342, 4846], [1356, 4846], [1359, 4843], [1366, 4843], [1369, 4839], [1373, 4839], [1376, 4836], [1383, 4836], [1386, 4832], [1393, 4832], [1400, 4826], [1403, 4826], [1407, 4822], [1414, 4822], [1417, 4819], [1421, 4819], [1424, 4815], [1427, 4815], [1431, 4812], [1434, 4812], [1438, 4809], [1441, 4809], [1444, 4805], [1448, 4805], [1455, 4798], [1458, 4798], [1475, 4781], [1479, 4781], [1513, 4747], [1516, 4747], [1523, 4740], [1533, 4740], [1537, 4737], [1540, 4737], [1544, 4740], [1550, 4740], [1554, 4744], [1557, 4744], [1561, 4747], [1564, 4747], [1568, 4750], [1571, 4750], [1574, 4754], [1578, 4754], [1581, 4757], [1585, 4757], [1592, 4764], [1595, 4764], [1598, 4767], [1605, 4767], [1609, 4771], [1612, 4771], [1615, 4774], [1619, 4774], [1622, 4778], [1626, 4778], [1629, 4781], [1636, 4781], [1643, 4788], [1646, 4788], [1650, 4791], [1656, 4791], [1660, 4795], [1667, 4795], [1670, 4798], [1674, 4798], [1677, 4802], [1684, 4802], [1687, 4805], [1694, 4805], [1697, 4809], [1704, 4809], [1708, 4812], [1718, 4812], [1721, 4815], [1739, 4815], [1742, 4819], [1762, 4819], [1766, 4822], [1783, 4822], [1786, 4826], [1810, 4826], [1814, 4829], [1862, 4829], [1865, 4832], [1882, 4832], [1886, 4836], [1899, 4836], [1903, 4839], [1923, 4839], [1927, 4843], [2026, 4843], [2029, 4839], [2050, 4839], [2053, 4836], [2067, 4836], [2070, 4832], [2084, 4832], [2087, 4829], [2104, 4829], [2108, 4826], [2125, 4826], [2128, 4822], [2135, 4822], [2139, 4819], [2145, 4819], [2149, 4815], [2156, 4815], [2159, 4812], [2162, 4812], [2166, 4809], [2169, 4809], [2173, 4805], [2180, 4805], [2183, 4802], [2190, 4802], [2193, 4798], [2197, 4798], [2200, 4795], [2204, 4795], [2207, 4791], [2214, 4791], [2221, 4785], [2224, 4785], [2227, 4781], [2231, 4781], [2234, 4778], [2238, 4778], [2241, 4774], [2248, 4774], [2251, 4771], [2255, 4771], [2258, 4767], [2262, 4767], [2265, 4764], [2268, 4764], [2272, 4761], [2279, 4761], [2282, 4757], [2289, 4757], [2292, 4754], [2323, 4754], [2327, 4757], [2330, 4757], [2333, 4761], [2337, 4761], [2344, 4767], [2347, 4767], [2354, 4774], [2357, 4774], [2364, 4781], [2368, 4781], [2374, 4788], [2378, 4788], [2385, 4795], [2388, 4795], [2392, 4798], [2395, 4798], [2402, 4805], [2405, 4805], [2409, 4809], [2412, 4809], [2415, 4812], [2419, 4812], [2422, 4815], [2426, 4815], [2433, 4822], [2436, 4822], [2439, 4826], [2443, 4826], [2446, 4829], [2453, 4829], [2457, 4832], [2460, 4832], [2463, 4836], [2467, 4836], [2470, 4839], [2477, 4839], [2480, 4843], [2484, 4843], [2487, 4846], [2498, 4846], [2501, 4850], [2504, 4850], [2508, 4853], [2515, 4853], [2518, 4856], [2525, 4856], [2532, 4863], [2532, 4874], [2597, 4874], [2597, 4863], [2604, 4856], [2607, 4856], [2610, 4853], [2610, 4850], [2614, 4846], [2614, 4843], [2617, 4839], [2617, 4829], [2621, 4826], [2621, 4805], [2624, 4802], [2624, 4774], [2627, 4771], [2627, 4744], [2631, 4740], [2631, 4648], [2634, 4644], [2631, 4641], [2631, 4624], [2634, 4620], [2634, 4586], [2638, 4583], [2638, 4573], [2641, 4569], [2641, 4559], [2638, 4555], [2638, 4545], [2634, 4542], [2634, 4514], [2638, 4511], [2638, 4497], [2641, 4494], [2641, 4477], [2645, 4473], [2645, 4419], [2641, 4415], [2641, 4142], [2645, 4138], [2645, 4111], [2648, 4107], [2648, 4073], [2645, 4070], [2645, 3954], [2648, 3950], [2648, 3902], [2651, 3899], [2651, 3861], [2655, 3858], [2655, 3793], [2658, 3789], [2658, 3625], [2662, 3622], [2662, 3506], [2658, 3502], [2658, 3475], [2655, 3471], [2655, 3441], [2521, 3441], [2521, 3451], [2518, 3454], [2515, 3454], [2511, 3458], [2504, 3458], [2501, 3461], [2498, 3461], [2494, 3464], [2491, 3464], [2487, 3468], [2484, 3468], [2480, 3471], [2477, 3471], [2474, 3475], [2470, 3475], [2467, 3478], [2463, 3478], [2460, 3482], [2457, 3482], [2453, 3485], [2446, 3485], [2443, 3488], [2439, 3488], [2433, 3495], [2429, 3495], [2426, 3499], [2422, 3499], [2415, 3506], [2412, 3506], [2405, 3512], [2402, 3512], [2398, 3516], [2395, 3516], [2388, 3523], [2385, 3523], [2378, 3529], [2374, 3529], [2361, 3543], [2357, 3543], [2340, 3560], [2337, 3560], [2333, 3564], [2320, 3564], [2316, 3560], [2309, 3560], [2303, 3553], [2299, 3553], [2296, 3550], [2292, 3550], [2289, 3547], [2286, 3547], [2282, 3543], [2279, 3543], [2275, 3540], [2272, 3540], [2265, 3533], [2262, 3533], [2258, 3529], [2255, 3529], [2251, 3526], [2248, 3526], [2241, 3519], [2234, 3519], [2231, 3516], [2227, 3516], [2224, 3512], [2217, 3512], [2214, 3509], [2207, 3509], [2204, 3506], [2197, 3506], [2193, 3502], [2190, 3502], [2186, 3499], [2180, 3499], [2176, 3495], [2169, 3495], [2166, 3492], [2156, 3492], [2152, 3488], [2145, 3488], [2142, 3485], [2132, 3485], [2128, 3482], [2118, 3482], [2115, 3478], [2111, 3478], [2108, 3475], [2101, 3475], [2098, 3471], [2087, 3471], [2084, 3468], [2077, 3468], [2074, 3464], [2063, 3464], [2060, 3461], [2053, 3461], [2050, 3458], [2033, 3458], [2029, 3454], [2015, 3454], [2012, 3451], [2012, 3441], [1858, 3441], [1858, 3451], [1855, 3454], [1831, 3454], [1827, 3458], [1800, 3458], [1797, 3461], [1776, 3461], [1773, 3464], [1762, 3464], [1759, 3468], [1749, 3468], [1745, 3471], [1735, 3471], [1732, 3475], [1721, 3475], [1718, 3478], [1711, 3478], [1708, 3482], [1701, 3482], [1697, 3485], [1691, 3485], [1687, 3488], [1680, 3488], [1677, 3492], [1674, 3492], [1670, 3495], [1667, 3495], [1663, 3499], [1660, 3499], [1656, 3502], [1653, 3502], [1650, 3506], [1646, 3506], [1643, 3509], [1639, 3509], [1636, 3512], [1633, 3512], [1629, 3516], [1626, 3516], [1619, 3523], [1615, 3523], [1609, 3529], [1605, 3529], [1598, 3536], [1595, 3536], [1592, 3540], [1588, 3540], [1581, 3547], [1574, 3547], [1571, 3550], [1568, 3550], [1564, 3553], [1561, 3553], [1557, 3557], [1547, 3557], [1544, 3560], [1540, 3560], [1537, 3557], [1530, 3557], [1527, 3553], [1523, 3553], [1516, 3547], [1513, 3547], [1506, 3540], [1503, 3540], [1499, 3536], [1496, 3536], [1489, 3529], [1486, 3529], [1479, 3523], [1475, 3523], [1472, 3519], [1468, 3519], [1465, 3516], [1462, 3516], [1458, 3512], [1455, 3512], [1448, 3506], [1444, 3506], [1441, 3502], [1438, 3502], [1431, 3495], [1427, 3495], [1424, 3492], [1421, 3492], [1417, 3488], [1414, 3488], [1410, 3485], [1407, 3485], [1403, 3482], [1400, 3482], [1397, 3478], [1393, 3478], [1390, 3475], [1386, 3475], [1383, 3471], [1380, 3471], [1376, 3468], [1369, 3468], [1366, 3464], [1362, 3464], [1359, 3461], [1352, 3461], [1349, 3458], [1342, 3458], [1339, 3454], [1335, 3454], [1332, 3451], [1332, 3441], [1229, 3441]]",0.99,ASOK_UTT003.JPG,ASOK_UTT003,Uttar Pradesh,Mathurā,Jamalpur,Balustrade avec médaillons lotiformes,1 A.D. ; 2 A.D.,Balustrade ; pilier,indéterminée,Lucknow State Museum,Maronet Léa
ASOK_NAG032d_cheval_7584.png,cheval,"[[2021, 1663], [2021, 1694], [2025, 1697], [2025, 1708], [2028, 1711], [2028, 1715], [2031, 1718], [2031, 1721], [2035, 1725], [2035, 1728], [2038, 1732], [2038, 1735], [2042, 1739], [2042, 1742], [2045, 1745], [2045, 1749], [2049, 1752], [2049, 1756], [2055, 1762], [2055, 1766], [2062, 1773], [2062, 1776], [2086, 1800], [2090, 1800], [2093, 1803], [2096, 1803], [2100, 1807], [2103, 1807], [2107, 1810], [2114, 1810], [2127, 1824], [2131, 1824], [2134, 1827], [2138, 1827], [2141, 1831], [2144, 1831], [2151, 1838], [2155, 1838], [2158, 1841], [2161, 1841], [2165, 1845], [2175, 1845], [2179, 1848], [2223, 1848], [2226, 1845], [2230, 1845], [2233, 1841], [2257, 1841], [2261, 1838], [2267, 1838], [2271, 1841], [2322, 1841], [2326, 1845], [2360, 1845], [2363, 1848], [2370, 1848], [2373, 1851], [2384, 1851], [2408, 1875], [2408, 1879], [2415, 1886], [2415, 1889], [2418, 1892], [2418, 1899], [2421, 1903], [2421, 2056], [2418, 2060], [2418, 2074], [2415, 2077], [2415, 2084], [2411, 2087], [2411, 2104], [2408, 2108], [2408, 2128], [2404, 2132], [2404, 2152], [2408, 2156], [2408, 2166], [2411, 2169], [2411, 2180], [2415, 2183], [2415, 2190], [2418, 2193], [2418, 2197], [2421, 2200], [2421, 2214], [2425, 2217], [2425, 2224], [2428, 2227], [2428, 2238], [2432, 2241], [2432, 2248], [2435, 2251], [2435, 2258], [2438, 2262], [2438, 2268], [2442, 2272], [2442, 2275], [2445, 2279], [2445, 2282], [2449, 2286], [2449, 2289], [2452, 2292], [2452, 2296], [2466, 2309], [2466, 2313], [2473, 2320], [2476, 2320], [2493, 2337], [2493, 2344], [2497, 2347], [2497, 2351], [2510, 2364], [2510, 2368], [2514, 2371], [2514, 2374], [2544, 2405], [2548, 2405], [2551, 2409], [2555, 2405], [2558, 2405], [2562, 2402], [2565, 2405], [2572, 2405], [2575, 2409], [2582, 2409], [2586, 2405], [2592, 2405], [2596, 2409], [2599, 2409], [2603, 2412], [2606, 2412], [2623, 2429], [2623, 2433], [2633, 2443], [2633, 2446], [2637, 2450], [2637, 2453], [2640, 2457], [2640, 2467], [2644, 2470], [2644, 2501], [2640, 2504], [2640, 2511], [2637, 2515], [2637, 2521], [2633, 2525], [2633, 2528], [2630, 2532], [2630, 2535], [2627, 2539], [2627, 2542], [2623, 2545], [2623, 2556], [2620, 2559], [2620, 2566], [2613, 2573], [2613, 2576], [2609, 2580], [2609, 2583], [2606, 2586], [2606, 2590], [2603, 2593], [2603, 2597], [2596, 2604], [2596, 2610], [2582, 2624], [2582, 2627], [2568, 2641], [2568, 2645], [2558, 2655], [2555, 2655], [2541, 2668], [2541, 2672], [2527, 2686], [2527, 2689], [2517, 2699], [2517, 2703], [2514, 2706], [2514, 2710], [2510, 2713], [2510, 2716], [2503, 2723], [2503, 2727], [2500, 2730], [2500, 2737], [2497, 2740], [2497, 2768], [2500, 2771], [2500, 2778], [2503, 2781], [2503, 2785], [2510, 2792], [2510, 2795], [2514, 2795], [2521, 2802], [2521, 2805], [2541, 2826], [2544, 2826], [2562, 2843], [2565, 2843], [2568, 2846], [2572, 2846], [2575, 2850], [2579, 2850], [2586, 2857], [2589, 2857], [2596, 2863], [2599, 2863], [2603, 2867], [2606, 2867], [2613, 2874], [2616, 2874], [2620, 2877], [2623, 2877], [2627, 2880], [2630, 2880], [2637, 2887], [2637, 2891], [2640, 2894], [2640, 2898], [2654, 2911], [2657, 2911], [2668, 2921], [2671, 2921], [2674, 2925], [2685, 2925], [2688, 2928], [2692, 2928], [2702, 2939], [2705, 2939], [2709, 2942], [2712, 2942], [2722, 2952], [2726, 2952], [2729, 2956], [2733, 2956], [2736, 2959], [2739, 2959], [2750, 2969], [2750, 2973], [2753, 2976], [2753, 2980], [2757, 2980], [2763, 2986], [2763, 2990], [2777, 3004], [2777, 3007], [2780, 3007], [2801, 3027], [2804, 3027], [2825, 3048], [2825, 3051], [2828, 3055], [2828, 3058], [2832, 3062], [2832, 3065], [2835, 3068], [2835, 3072], [2839, 3075], [2839, 3079], [2842, 3082], [2842, 3086], [2845, 3089], [2845, 3096], [2849, 3099], [2849, 3110], [2852, 3113], [2852, 3154], [2849, 3157], [2849, 3164], [2852, 3168], [2852, 3219], [2866, 3233], [2873, 3233], [2880, 3239], [2880, 3250], [2890, 3260], [2890, 3274], [2886, 3277], [2886, 3280], [2880, 3287], [2876, 3287], [2873, 3291], [2866, 3291], [2866, 3318], [2869, 3321], [2866, 3325], [2866, 3345], [2863, 3349], [2863, 3363], [2866, 3366], [2866, 3373], [2869, 3373], [2873, 3376], [2876, 3376], [2890, 3390], [2886, 3393], [2886, 3400], [2893, 3407], [2917, 3407], [2921, 3404], [2928, 3404], [2931, 3400], [2934, 3400], [2941, 3393], [2945, 3393], [2948, 3390], [2951, 3390], [2955, 3386], [2958, 3386], [2962, 3383], [2965, 3383], [2969, 3380], [2972, 3380], [2986, 3366], [2986, 3363], [2989, 3359], [2989, 3349], [2992, 3345], [2992, 3325], [2996, 3321], [2996, 3301], [2999, 3298], [2999, 3277], [2996, 3274], [2996, 3257], [2992, 3253], [2992, 3209], [2996, 3205], [2996, 3202], [2999, 3198], [2999, 3185], [3003, 3181], [3003, 3174], [3006, 3171], [3006, 3154], [3016, 3144], [3016, 3130], [3020, 3127], [3020, 3123], [3027, 3116], [3030, 3116], [3034, 3113], [3037, 3113], [3037, 3110], [3040, 3106], [3047, 3106], [3051, 3110], [3051, 3113], [3071, 3113], [3071, 3096], [3075, 3092], [3075, 3089], [3078, 3086], [3078, 3079], [3081, 3075], [3075, 3068], [3068, 3068], [3064, 3072], [3061, 3072], [3057, 3075], [3054, 3075], [3044, 3065], [3044, 3062], [3040, 3058], [3040, 3045], [3044, 3041], [3044, 3031], [3040, 3027], [3040, 3017], [3037, 3014], [3037, 2997], [3034, 2993], [3034, 2990], [3030, 2986], [3030, 2983], [3027, 2980], [3027, 2973], [3023, 2969], [3023, 2959], [3020, 2956], [3020, 2952], [3016, 2949], [3016, 2945], [3013, 2942], [3013, 2939], [2989, 2915], [2986, 2915], [2979, 2908], [2975, 2908], [2969, 2901], [2965, 2901], [2962, 2898], [2955, 2898], [2948, 2891], [2945, 2891], [2941, 2887], [2934, 2887], [2931, 2884], [2928, 2884], [2924, 2880], [2921, 2880], [2917, 2877], [2910, 2877], [2907, 2874], [2904, 2874], [2890, 2860], [2890, 2857], [2886, 2853], [2886, 2850], [2883, 2846], [2883, 2836], [2880, 2833], [2880, 2815], [2876, 2812], [2876, 2792], [2873, 2788], [2873, 2771], [2869, 2768], [2869, 2761], [2866, 2757], [2866, 2747], [2863, 2744], [2863, 2733], [2859, 2730], [2859, 2713], [2856, 2710], [2856, 2686], [2852, 2682], [2852, 2662], [2856, 2658], [2856, 2645], [2859, 2641], [2859, 2634], [2863, 2631], [2863, 2624], [2869, 2617], [2869, 2614], [2897, 2586], [2900, 2586], [2907, 2580], [2914, 2580], [2917, 2576], [2928, 2576], [2931, 2573], [2972, 2573], [2975, 2576], [2986, 2576], [2989, 2580], [2992, 2580], [3003, 2590], [3003, 2593], [3010, 2600], [3010, 2604], [3013, 2607], [3013, 2610], [3020, 2617], [3020, 2627], [3023, 2631], [3023, 2641], [3027, 2645], [3027, 2651], [3030, 2655], [3030, 2665], [3034, 2668], [3034, 2672], [3037, 2675], [3037, 2686], [3040, 2689], [3040, 2692], [3044, 2696], [3044, 2699], [3047, 2703], [3047, 2706], [3054, 2713], [3054, 2716], [3061, 2723], [3061, 2727], [3064, 2730], [3064, 2737], [3068, 2740], [3068, 2744], [3078, 2754], [3078, 2757], [3085, 2764], [3088, 2764], [3095, 2771], [3102, 2771], [3105, 2774], [3112, 2774], [3116, 2778], [3119, 2778], [3129, 2788], [3133, 2788], [3136, 2792], [3136, 2795], [3140, 2798], [3143, 2798], [3146, 2802], [3153, 2802], [3157, 2798], [3157, 2792], [3160, 2788], [3160, 2771], [3164, 2768], [3164, 2740], [3167, 2737], [3167, 2716], [3170, 2713], [3170, 2699], [3174, 2696], [3174, 2627], [3170, 2624], [3170, 2593], [3174, 2590], [3174, 2583], [3177, 2580], [3177, 2576], [3181, 2573], [3184, 2573], [3191, 2566], [3205, 2566], [3208, 2569], [3321, 2569], [3324, 2573], [3345, 2573], [3348, 2576], [3352, 2576], [3355, 2580], [3358, 2580], [3362, 2583], [3365, 2583], [3372, 2590], [3376, 2590], [3403, 2617], [3403, 2621], [3406, 2624], [3406, 2627], [3410, 2631], [3410, 2634], [3417, 2641], [3420, 2641], [3430, 2651], [3434, 2651], [3437, 2655], [3441, 2655], [3447, 2662], [3451, 2662], [3458, 2668], [3458, 2672], [3464, 2679], [3464, 2682], [3471, 2689], [3471, 2706], [3464, 2713], [3464, 2716], [3461, 2720], [3461, 2727], [3458, 2730], [3458, 2733], [3447, 2744], [3444, 2744], [3437, 2751], [3437, 2757], [3430, 2764], [3427, 2764], [3423, 2768], [3417, 2768], [3413, 2771], [3406, 2771], [3403, 2774], [3399, 2774], [3386, 2788], [3386, 2792], [3382, 2795], [3382, 2798], [3379, 2802], [3379, 2805], [3376, 2809], [3376, 2812], [3372, 2815], [3372, 2819], [3369, 2822], [3369, 2829], [3365, 2833], [3365, 2836], [3362, 2839], [3362, 2870], [3372, 2880], [3379, 2880], [3382, 2884], [3382, 2898], [3386, 2898], [3396, 2908], [3399, 2904], [3399, 2901], [3403, 2898], [3403, 2880], [3410, 2874], [3430, 2874], [3441, 2884], [3444, 2880], [3447, 2880], [3451, 2877], [3451, 2874], [3454, 2870], [3454, 2860], [3458, 2857], [3458, 2853], [3461, 2850], [3461, 2846], [3468, 2839], [3471, 2839], [3478, 2833], [3478, 2829], [3495, 2812], [3499, 2812], [3506, 2805], [3509, 2805], [3516, 2798], [3526, 2798], [3529, 2795], [3547, 2795], [3550, 2792], [3570, 2792], [3574, 2788], [3588, 2788], [3591, 2785], [3594, 2785], [3598, 2781], [3601, 2781], [3605, 2778], [3608, 2778], [3612, 2774], [3618, 2774], [3618, 2768], [3622, 2764], [3622, 2757], [3625, 2754], [3625, 2747], [3632, 2740], [3656, 2740], [3659, 2737], [3673, 2737], [3676, 2733], [3680, 2733], [3687, 2727], [3690, 2727], [3694, 2730], [3707, 2730], [3711, 2733], [3718, 2733], [3721, 2737], [3724, 2737], [3728, 2740], [3728, 2744], [3731, 2747], [3731, 2771], [3738, 2778], [3741, 2778], [3745, 2774], [3752, 2774], [3755, 2771], [3759, 2771], [3762, 2768], [3765, 2768], [3769, 2764], [3772, 2764], [3776, 2761], [3779, 2761], [3783, 2757], [3783, 2747], [3796, 2733], [3803, 2733], [3806, 2730], [3810, 2730], [3810, 2727], [3820, 2716], [3824, 2716], [3827, 2720], [3830, 2720], [3834, 2723], [3837, 2723], [3841, 2727], [3848, 2727], [3851, 2730], [3854, 2730], [3861, 2737], [3865, 2737], [3875, 2747], [3878, 2747], [3882, 2751], [3885, 2751], [3889, 2754], [3892, 2754], [3895, 2757], [3902, 2757], [3906, 2761], [3912, 2761], [3916, 2764], [3919, 2764], [3923, 2768], [3926, 2768], [3930, 2771], [3936, 2771], [3940, 2774], [3943, 2774], [3947, 2778], [3950, 2778], [3957, 2785], [3960, 2785], [3964, 2788], [3967, 2788], [3974, 2795], [3977, 2795], [3984, 2802], [3988, 2802], [3991, 2805], [3995, 2805], [3998, 2809], [4001, 2809], [4005, 2812], [4008, 2812], [4012, 2815], [4015, 2815], [4018, 2819], [4022, 2819], [4029, 2826], [4032, 2826], [4042, 2836], [4046, 2836], [4053, 2843], [4056, 2843], [4073, 2860], [4073, 2863], [4097, 2887], [4097, 2891], [4107, 2901], [4107, 2904], [4111, 2908], [4111, 2911], [4114, 2915], [4114, 2918], [4121, 2925], [4121, 2932], [4125, 2935], [4125, 2939], [4128, 2942], [4128, 2949], [4131, 2952], [4131, 2959], [4135, 2963], [4135, 2966], [4138, 2969], [4138, 2976], [4142, 2980], [4142, 2997], [4145, 3000], [4145, 3014], [4148, 3017], [4148, 3031], [4152, 3034], [4152, 3072], [4155, 3075], [4155, 3082], [4159, 3086], [4159, 3103], [4162, 3106], [4162, 3127], [4159, 3130], [4159, 3144], [4155, 3147], [4155, 3151], [4148, 3157], [4148, 3161], [4145, 3164], [4145, 3168], [4104, 3209], [4101, 3209], [4046, 3263], [4046, 3267], [4032, 3280], [4032, 3284], [4025, 3291], [4025, 3294], [4022, 3298], [4022, 3304], [4018, 3308], [4018, 3311], [4015, 3315], [4015, 3335], [4012, 3339], [4012, 3345], [4008, 3349], [4008, 3356], [3995, 3369], [3991, 3369], [3988, 3373], [3988, 3400], [3991, 3404], [3991, 3407], [3995, 3410], [3995, 3414], [3998, 3417], [3998, 3421], [4001, 3424], [4001, 3427], [4012, 3438], [4012, 3441], [4018, 3448], [4022, 3448], [4029, 3455], [4029, 3469], [4152, 3469], [4152, 3455], [4155, 3451], [4155, 3448], [4159, 3445], [4159, 3441], [4162, 3438], [4162, 3434], [4169, 3427], [4169, 3424], [4172, 3421], [4176, 3421], [4176, 3417], [4183, 3410], [4183, 3407], [4193, 3397], [4196, 3397], [4200, 3393], [4200, 3390], [4217, 3373], [4217, 3366], [4220, 3363], [4220, 3356], [4224, 3352], [4224, 3349], [4231, 3342], [4234, 3342], [4237, 3339], [4244, 3339], [4248, 3335], [4248, 3332], [4251, 3328], [4251, 3325], [4254, 3321], [4254, 3270], [4258, 3267], [4258, 3263], [4278, 3243], [4278, 3239], [4285, 3233], [4289, 3233], [4292, 3229], [4296, 3229], [4299, 3226], [4313, 3226], [4313, 2665], [4302, 2665], [4299, 2662], [4299, 2658], [4296, 2655], [4296, 2638], [4292, 2634], [4292, 2627], [4289, 2624], [4289, 2607], [4285, 2604], [4285, 2597], [4282, 2593], [4282, 2576], [4278, 2573], [4278, 2556], [4275, 2552], [4275, 2535], [4272, 2532], [4272, 2508], [4268, 2504], [4268, 2463], [4265, 2460], [4265, 2398], [4268, 2395], [4268, 2378], [4272, 2374], [4272, 2361], [4285, 2347], [4285, 2344], [4289, 2340], [4289, 2337], [4299, 2327], [4313, 2327], [4313, 2139], [4302, 2139], [4296, 2132], [4296, 2128], [4292, 2125], [4292, 2118], [4285, 2111], [4285, 2108], [4282, 2104], [4282, 2101], [4278, 2098], [4278, 2091], [4275, 2087], [4275, 2084], [4272, 2080], [4272, 2077], [4268, 2074], [4268, 2070], [4261, 2063], [4261, 2060], [4248, 2046], [4248, 2043], [4237, 2033], [4234, 2033], [4231, 2029], [4227, 2029], [4224, 2026], [4220, 2026], [4217, 2022], [4213, 2022], [4210, 2019], [4207, 2019], [4200, 2012], [4196, 2012], [4186, 2002], [4183, 2002], [4179, 1998], [4172, 1998], [4169, 1995], [4162, 1995], [4159, 1992], [4152, 1992], [4148, 1988], [4138, 1988], [4135, 1992], [4101, 1992], [4097, 1988], [4080, 1988], [4077, 1985], [4049, 1985], [4046, 1981], [4032, 1981], [4029, 1978], [4022, 1978], [4018, 1974], [4015, 1974], [4012, 1971], [4008, 1971], [4001, 1964], [3998, 1964], [3995, 1961], [3991, 1961], [3988, 1957], [3984, 1957], [3981, 1954], [3977, 1954], [3974, 1951], [3967, 1951], [3964, 1947], [3943, 1947], [3940, 1944], [3889, 1944], [3885, 1940], [3841, 1940], [3837, 1937], [3830, 1937], [3827, 1933], [3820, 1933], [3817, 1930], [3813, 1930], [3810, 1927], [3800, 1927], [3796, 1923], [3789, 1923], [3786, 1920], [3745, 1920], [3741, 1923], [3704, 1923], [3700, 1927], [3680, 1927], [3676, 1930], [3659, 1930], [3656, 1927], [3642, 1927], [3639, 1923], [3625, 1923], [3622, 1920], [3608, 1920], [3601, 1927], [3601, 1930], [3598, 1933], [3598, 1968], [3601, 1971], [3601, 1988], [3598, 1992], [3598, 1995], [3594, 1998], [3594, 2002], [3588, 2009], [3584, 2009], [3581, 2012], [3574, 2012], [3567, 2019], [3543, 2019], [3540, 2015], [3536, 2015], [3533, 2012], [3523, 2012], [3519, 2009], [3516, 2009], [3512, 2005], [3485, 2005], [3482, 2009], [3471, 2009], [3468, 2012], [3464, 2012], [3461, 2009], [3423, 2009], [3413, 2019], [3410, 2019], [3399, 2029], [3399, 2033], [3396, 2036], [3386, 2036], [3382, 2033], [3382, 2029], [3379, 2026], [3379, 2022], [3358, 2002], [3355, 2002], [3345, 1992], [3345, 1988], [3341, 1985], [3341, 1981], [3328, 1981], [3324, 1978], [3290, 1978], [3287, 1974], [3270, 1974], [3266, 1971], [3239, 1971], [3235, 1968], [3222, 1968], [3218, 1964], [3215, 1964], [3211, 1961], [3208, 1961], [3205, 1957], [3201, 1957], [3198, 1954], [3194, 1954], [3191, 1951], [3187, 1951], [3184, 1947], [3181, 1947], [3177, 1944], [3133, 1944], [3129, 1947], [3122, 1947], [3119, 1951], [3112, 1951], [3102, 1961], [3099, 1961], [3095, 1964], [3092, 1964], [3088, 1968], [3081, 1968], [3078, 1971], [3068, 1971], [3064, 1974], [3051, 1974], [3044, 1981], [3030, 1981], [3016, 1995], [2996, 1995], [2992, 1998], [2962, 1998], [2958, 1995], [2951, 1995], [2945, 1988], [2931, 1988], [2928, 1985], [2924, 1985], [2921, 1981], [2921, 1978], [2928, 1971], [2931, 1971], [2934, 1968], [2938, 1968], [2938, 1964], [2934, 1964], [2921, 1951], [2917, 1954], [2917, 1957], [2914, 1961], [2914, 1968], [2917, 1971], [2917, 1981], [2910, 1988], [2900, 1988], [2897, 1985], [2893, 1985], [2886, 1978], [2886, 1974], [2883, 1971], [2883, 1968], [2880, 1964], [2880, 1930], [2883, 1927], [2883, 1909], [2880, 1906], [2880, 1899], [2876, 1896], [2880, 1892], [2880, 1865], [2883, 1862], [2883, 1855], [2886, 1851], [2886, 1841], [2893, 1834], [2897, 1834], [2900, 1831], [2900, 1824], [2904, 1821], [2904, 1814], [2907, 1810], [2907, 1803], [2910, 1800], [2910, 1786], [2914, 1783], [2914, 1780], [2921, 1773], [2921, 1769], [2924, 1766], [2924, 1759], [2928, 1756], [2928, 1752], [2931, 1749], [2931, 1721], [2924, 1715], [2924, 1711], [2921, 1708], [2921, 1704], [2917, 1701], [2917, 1694], [2914, 1691], [2914, 1687], [2907, 1680], [2907, 1674], [2904, 1670], [2904, 1660], [2900, 1656], [2900, 1636], [2897, 1633], [2897, 1622], [2893, 1619], [2893, 1609], [2869, 1585], [2869, 1581], [2866, 1578], [2866, 1574], [2859, 1568], [2852, 1568], [2849, 1564], [2845, 1564], [2842, 1561], [2839, 1561], [2832, 1554], [2832, 1550], [2835, 1547], [2835, 1544], [2842, 1537], [2845, 1537], [2852, 1530], [2852, 1527], [2856, 1523], [2856, 1513], [2852, 1509], [2852, 1506], [2849, 1503], [2849, 1496], [2845, 1492], [2845, 1489], [2842, 1486], [2842, 1482], [2832, 1472], [2828, 1472], [2825, 1468], [2825, 1465], [2822, 1462], [2822, 1444], [2818, 1441], [2818, 1438], [2815, 1434], [2815, 1431], [2811, 1427], [2811, 1424], [2808, 1421], [2798, 1421], [2798, 1451], [2801, 1455], [2801, 1472], [2798, 1475], [2794, 1475], [2791, 1479], [2780, 1479], [2774, 1472], [2774, 1468], [2770, 1465], [2770, 1455], [2763, 1448], [2763, 1444], [2767, 1441], [2767, 1434], [2770, 1431], [2770, 1424], [2774, 1421], [2774, 1417], [2770, 1414], [2770, 1410], [2767, 1407], [2767, 1400], [2770, 1397], [2770, 1393], [2767, 1390], [2767, 1386], [2760, 1380], [2760, 1376], [2757, 1373], [2753, 1373], [2750, 1376], [2746, 1376], [2746, 1390], [2750, 1393], [2750, 1424], [2753, 1427], [2753, 1444], [2750, 1448], [2750, 1455], [2746, 1458], [2746, 1462], [2743, 1465], [2739, 1465], [2736, 1462], [2733, 1462], [2729, 1458], [2715, 1458], [2712, 1455], [2709, 1455], [2705, 1451], [2705, 1448], [2698, 1441], [2698, 1438], [2695, 1434], [2695, 1431], [2685, 1421], [2681, 1421], [2678, 1417], [2674, 1417], [2668, 1410], [2664, 1410], [2657, 1403], [2650, 1403], [2647, 1400], [2644, 1400], [2640, 1397], [2640, 1393], [2637, 1390], [2637, 1369], [2640, 1366], [2640, 1362], [2637, 1359], [2637, 1352], [2633, 1349], [2633, 1345], [2627, 1339], [2627, 1315], [2623, 1311], [2623, 1304], [2620, 1301], [2620, 1297], [2603, 1280], [2603, 1267], [2599, 1263], [2596, 1263], [2592, 1260], [2589, 1260], [2586, 1256], [2586, 1243], [2575, 1233], [2568, 1233], [2562, 1226], [2562, 1219], [2565, 1215], [2565, 1212], [2558, 1205], [2558, 1185], [2551, 1185], [2548, 1181], [2514, 1181], [2510, 1185], [2503, 1185], [2497, 1191], [2497, 1195], [2486, 1205], [2483, 1205], [2469, 1219], [2469, 1226], [2466, 1229], [2466, 1236], [2462, 1239], [2462, 1250], [2459, 1253], [2459, 1263], [2404, 1318], [2401, 1318], [2394, 1325], [2391, 1325], [2384, 1332], [2380, 1332], [2377, 1335], [2373, 1335], [2370, 1339], [2367, 1339], [2356, 1349], [2356, 1352], [2350, 1359], [2350, 1362], [2339, 1373], [2339, 1376], [2298, 1417], [2295, 1417], [2288, 1424], [2285, 1424], [2274, 1434], [2271, 1434], [2261, 1444], [2257, 1444], [2254, 1448], [2250, 1448], [2237, 1462], [2233, 1462], [2226, 1468], [2223, 1468], [2220, 1472], [2216, 1472], [2206, 1482], [2202, 1482], [2189, 1496], [2185, 1496], [2179, 1503], [2175, 1503], [2172, 1506], [2168, 1506], [2158, 1516], [2155, 1516], [2148, 1523], [2144, 1523], [2138, 1530], [2134, 1530], [2114, 1550], [2114, 1554], [2090, 1578], [2090, 1581], [2028, 1643], [2028, 1646], [2025, 1650], [2025, 1660], [2021, 1663]]",0.74,ASOK_NAG032d.JPG,ASOK_NAG032d,Andhra Pradesh,Āndhradeśa,Nāgārjunakoṇḍa,,3 A.D.,Stūpa ; panneau,bouddhisme,Nagarjunakonda Archaeological Museum,Maronet Léa
ASOK_MAT035_lotus_7771.png,lotus,"[[1212, 1171], [1212, 1446], [1267, 1446], [1267, 1436], [1270, 1433], [1277, 1433], [1280, 1430], [1286, 1430], [1290, 1427], [1296, 1427], [1299, 1424], [1302, 1424], [1306, 1420], [1309, 1420], [1312, 1417], [1315, 1417], [1322, 1411], [1325, 1411], [1332, 1404], [1335, 1404], [1351, 1388], [1354, 1388], [1380, 1362], [1380, 1359], [1390, 1349], [1390, 1346], [1396, 1339], [1400, 1339], [1403, 1336], [1426, 1336], [1429, 1339], [1432, 1339], [1448, 1356], [1452, 1356], [1477, 1381], [1481, 1381], [1484, 1385], [1487, 1385], [1490, 1388], [1494, 1388], [1497, 1391], [1500, 1391], [1503, 1394], [1510, 1394], [1513, 1398], [1516, 1398], [1520, 1401], [1529, 1401], [1533, 1404], [1542, 1404], [1545, 1407], [1562, 1407], [1565, 1411], [1584, 1411], [1588, 1414], [1610, 1414], [1614, 1411], [1688, 1411], [1691, 1407], [1704, 1407], [1707, 1404], [1720, 1404], [1724, 1401], [1730, 1401], [1733, 1398], [1737, 1398], [1740, 1394], [1743, 1394], [1746, 1391], [1750, 1391], [1763, 1378], [1766, 1378], [1785, 1359], [1788, 1359], [1801, 1346], [1805, 1346], [1808, 1343], [1814, 1343], [1818, 1339], [1834, 1339], [1837, 1343], [1844, 1343], [1850, 1349], [1853, 1349], [1869, 1365], [1873, 1365], [1889, 1381], [1892, 1381], [1895, 1385], [1899, 1385], [1902, 1388], [1905, 1388], [1912, 1394], [1918, 1394], [1925, 1401], [1928, 1401], [1934, 1407], [1938, 1407], [1941, 1411], [1944, 1411], [1950, 1417], [1954, 1417], [1957, 1420], [1960, 1420], [1963, 1424], [1976, 1424], [1980, 1427], [2022, 1427], [2025, 1424], [2041, 1424], [2044, 1420], [2048, 1420], [2051, 1417], [2054, 1417], [2057, 1414], [2061, 1414], [2064, 1411], [2067, 1411], [2074, 1404], [2074, 1401], [2080, 1394], [2080, 1388], [2083, 1385], [2083, 1365], [2087, 1362], [2087, 1181], [2083, 1177], [2083, 1151], [2080, 1148], [2080, 1135], [2077, 1132], [2077, 1119], [2074, 1116], [2074, 1051], [2070, 1048], [2070, 1032], [2067, 1028], [2067, 1009], [2064, 1006], [2064, 967], [2061, 964], [2061, 957], [2057, 954], [2057, 951], [2054, 947], [2054, 944], [2051, 941], [2051, 931], [1403, 931], [1403, 941], [1400, 944], [1400, 947], [1390, 957], [1390, 960], [1387, 964], [1387, 967], [1383, 970], [1383, 973], [1377, 980], [1377, 983], [1345, 1015], [1341, 1015], [1328, 1028], [1328, 1032], [1312, 1048], [1312, 1051], [1306, 1058], [1306, 1061], [1299, 1067], [1299, 1070], [1296, 1074], [1296, 1077], [1290, 1083], [1290, 1087], [1283, 1093], [1283, 1096], [1277, 1103], [1277, 1106], [1267, 1116], [1267, 1119], [1264, 1122], [1264, 1126], [1260, 1129], [1260, 1132], [1257, 1135], [1257, 1142], [1254, 1145], [1254, 1148], [1241, 1161], [1238, 1161], [1228, 1171], [1212, 1171]]",0.95,ASOK_MAT035.JPG,ASOK_MAT035,Uttar Pradesh,Mathurā,Mathurā,Balustrade avec médaillons et demi-médaillons lotiformes,1 A.D. ; 2 A.D. ; 3 A.D.,Stūpa ; balustrade,bouddhisme,Cleveland Museum of Art,Maronet Léa
ASOK_MAT035_lotus_7772.png,lotus,"[[2961, 977], [2961, 1236], [2971, 1236], [2974, 1239], [2974, 1242], [2978, 1245], [2978, 1255], [2981, 1258], [2981, 1310], [2978, 1313], [2978, 1323], [2974, 1326], [2974, 1330], [2971, 1333], [2961, 1333], [2961, 1472], [3039, 1472], [3039, 1462], [3042, 1459], [3049, 1459], [3052, 1456], [3062, 1456], [3065, 1453], [3068, 1453], [3072, 1449], [3078, 1449], [3081, 1446], [3084, 1446], [3088, 1443], [3094, 1443], [3097, 1440], [3104, 1440], [3107, 1436], [3110, 1436], [3114, 1433], [3117, 1433], [3123, 1427], [3127, 1427], [3130, 1424], [3133, 1424], [3175, 1381], [3178, 1381], [3182, 1378], [3201, 1378], [3204, 1381], [3208, 1381], [3211, 1385], [3217, 1385], [3221, 1388], [3224, 1388], [3227, 1391], [3230, 1391], [3234, 1394], [3240, 1394], [3243, 1398], [3250, 1398], [3253, 1401], [3259, 1401], [3263, 1404], [3272, 1404], [3276, 1407], [3285, 1407], [3289, 1411], [3298, 1411], [3302, 1414], [3311, 1414], [3315, 1417], [3331, 1417], [3334, 1420], [3350, 1420], [3353, 1424], [3363, 1424], [3366, 1427], [3376, 1427], [3379, 1430], [3389, 1430], [3392, 1433], [3408, 1433], [3412, 1436], [3438, 1436], [3441, 1440], [3457, 1440], [3460, 1436], [3477, 1436], [3480, 1433], [3483, 1433], [3486, 1430], [3493, 1430], [3496, 1427], [3506, 1427], [3509, 1424], [3515, 1424], [3519, 1420], [3528, 1420], [3532, 1417], [3535, 1417], [3541, 1411], [3545, 1411], [3551, 1404], [3554, 1404], [3567, 1391], [3570, 1391], [3577, 1385], [3580, 1385], [3583, 1381], [3587, 1381], [3590, 1378], [3596, 1378], [3600, 1375], [3603, 1375], [3606, 1372], [3613, 1372], [3616, 1368], [3648, 1368], [3651, 1372], [3655, 1372], [3658, 1375], [3661, 1375], [3671, 1385], [3671, 1388], [3687, 1404], [3690, 1404], [3697, 1411], [3700, 1411], [3710, 1420], [3713, 1420], [3716, 1424], [3720, 1424], [3723, 1427], [3729, 1427], [3732, 1430], [3739, 1430], [3742, 1433], [3745, 1433], [3749, 1436], [3752, 1436], [3755, 1440], [3758, 1440], [3762, 1443], [3765, 1443], [3768, 1446], [3771, 1446], [3775, 1449], [3781, 1449], [3784, 1453], [3797, 1453], [3801, 1456], [3830, 1456], [3833, 1453], [3843, 1453], [3849, 1446], [3849, 1443], [3852, 1440], [3852, 1436], [3856, 1433], [3856, 1420], [3859, 1417], [3859, 1249], [3862, 1245], [3862, 1203], [3865, 1200], [3865, 1174], [3869, 1171], [3878, 1171], [3878, 944], [2991, 944], [2991, 957], [2971, 977], [2961, 977]]",0.96,ASOK_MAT035.JPG,ASOK_MAT035,Uttar Pradesh,Mathurā,Mathurā,Balustrade avec médaillons et demi-médaillons lotiformes,1 A.D. ; 2 A.D. ; 3 A.D.,Stūpa ; balustrade,bouddhisme,Cleveland Museum of Art,Maronet Léa
ASOK_MAT035_lotus_7773.png,lotus,"[[2326, 1291], [2326, 1407], [2336, 1407], [2339, 1411], [2339, 1414], [2343, 1417], [2343, 1420], [2346, 1424], [2346, 1427], [2349, 1430], [2349, 1433], [2352, 1436], [2352, 1440], [2355, 1443], [2355, 1446], [2362, 1453], [2362, 1456], [2368, 1462], [2368, 1466], [2388, 1485], [2391, 1485], [2401, 1495], [2404, 1495], [2411, 1501], [2414, 1501], [2417, 1505], [2420, 1505], [2424, 1508], [2427, 1508], [2430, 1511], [2433, 1511], [2436, 1514], [2440, 1514], [2443, 1517], [2446, 1517], [2449, 1521], [2456, 1521], [2459, 1524], [2469, 1524], [2472, 1527], [2482, 1527], [2485, 1530], [2501, 1530], [2505, 1534], [2547, 1534], [2550, 1530], [2566, 1530], [2569, 1527], [2579, 1527], [2582, 1524], [2589, 1524], [2592, 1521], [2595, 1521], [2598, 1517], [2602, 1517], [2605, 1514], [2608, 1514], [2611, 1511], [2615, 1511], [2618, 1508], [2621, 1508], [2624, 1505], [2628, 1505], [2634, 1498], [2637, 1498], [2644, 1492], [2647, 1492], [2657, 1482], [2660, 1482], [2667, 1475], [2667, 1472], [2676, 1462], [2676, 1459], [2686, 1449], [2686, 1446], [2689, 1443], [2689, 1440], [2696, 1433], [2696, 1430], [2702, 1424], [2702, 1420], [2709, 1414], [2709, 1407], [2712, 1404], [2712, 1401], [2715, 1398], [2715, 1394], [2718, 1391], [2718, 1388], [2722, 1385], [2722, 1378], [2725, 1375], [2725, 1372], [2728, 1368], [2738, 1368], [2738, 1287], [2728, 1287], [2725, 1284], [2725, 1278], [2722, 1275], [2722, 1265], [2718, 1262], [2718, 1255], [2715, 1252], [2715, 1249], [2712, 1245], [2712, 1242], [2709, 1239], [2709, 1236], [2702, 1229], [2702, 1226], [2686, 1210], [2686, 1207], [2670, 1190], [2667, 1190], [2654, 1177], [2650, 1177], [2647, 1174], [2644, 1174], [2637, 1168], [2634, 1168], [2628, 1161], [2624, 1161], [2621, 1158], [2618, 1158], [2611, 1151], [2608, 1151], [2592, 1135], [2592, 1126], [2446, 1126], [2446, 1135], [2430, 1151], [2427, 1151], [2417, 1161], [2414, 1161], [2394, 1181], [2394, 1184], [2385, 1194], [2385, 1197], [2378, 1203], [2378, 1207], [2372, 1213], [2372, 1216], [2368, 1219], [2368, 1223], [2365, 1226], [2365, 1229], [2362, 1232], [2362, 1236], [2359, 1239], [2359, 1245], [2355, 1249], [2355, 1252], [2352, 1255], [2352, 1262], [2349, 1265], [2349, 1268], [2346, 1271], [2346, 1275], [2343, 1278], [2343, 1281], [2339, 1284], [2339, 1287], [2336, 1291], [2326, 1291]]",0.93,ASOK_MAT035.JPG,ASOK_MAT035,Uttar Pradesh,Mathurā,Mathurā,Balustrade avec médaillons et demi-médaillons lotiformes,1 A.D. ; 2 A.D. ; 3 A.D.,Stūpa ; balustrade,bouddhisme,Cleveland Museum of Art,Maronet Léa
ASOK_MAT035_lotus_7774.png,lotus,"[[1225, 1488], [1225, 2246], [1234, 2246], [1238, 2249], [1238, 2259], [1241, 2262], [1241, 2282], [1244, 2285], [1244, 2305], [1247, 2308], [1247, 2321], [1251, 2324], [1251, 2353], [1254, 2356], [1254, 2369], [1257, 2373], [1257, 2386], [1260, 2389], [1260, 2395], [1264, 2398], [1264, 2405], [1277, 2418], [1277, 2431], [1354, 2431], [1354, 2421], [1361, 2415], [1364, 2415], [1371, 2408], [1374, 2408], [1377, 2405], [1380, 2405], [1387, 2398], [1390, 2398], [1416, 2373], [1416, 2369], [1429, 2356], [1432, 2356], [1435, 2353], [1439, 2353], [1442, 2350], [1445, 2350], [1448, 2353], [1455, 2353], [1458, 2356], [1461, 2356], [1468, 2363], [1471, 2363], [1474, 2366], [1477, 2366], [1481, 2369], [1484, 2369], [1497, 2382], [1500, 2382], [1503, 2386], [1507, 2386], [1513, 2392], [1516, 2392], [1523, 2398], [1526, 2398], [1533, 2405], [1536, 2405], [1539, 2408], [1542, 2408], [1545, 2411], [1558, 2411], [1562, 2415], [1575, 2415], [1578, 2418], [1591, 2418], [1594, 2421], [1594, 2431], [1675, 2431], [1675, 2421], [1678, 2418], [1717, 2418], [1720, 2415], [1743, 2415], [1746, 2411], [1756, 2411], [1759, 2408], [1766, 2408], [1769, 2405], [1772, 2405], [1776, 2402], [1779, 2402], [1785, 2395], [1788, 2395], [1792, 2392], [1795, 2392], [1805, 2382], [1808, 2382], [1827, 2363], [1831, 2363], [1844, 2350], [1847, 2350], [1853, 2343], [1857, 2343], [1860, 2340], [1866, 2340], [1869, 2337], [1899, 2337], [1902, 2340], [1905, 2340], [1931, 2366], [1934, 2366], [1947, 2379], [1950, 2379], [1954, 2382], [1957, 2382], [1963, 2389], [1967, 2389], [1970, 2392], [1973, 2392], [1980, 2398], [1983, 2398], [1986, 2402], [1989, 2402], [1993, 2405], [2006, 2405], [2009, 2408], [2025, 2408], [2028, 2411], [2035, 2411], [2038, 2415], [2044, 2415], [2048, 2411], [2054, 2411], [2061, 2405], [2064, 2405], [2070, 2398], [2074, 2398], [2080, 2392], [2083, 2392], [2087, 2389], [2090, 2389], [2093, 2386], [2100, 2386], [2103, 2382], [2106, 2382], [2109, 2379], [2109, 2376], [2112, 2373], [2112, 2369], [2119, 2363], [2129, 2363], [2129, 2100], [2119, 2100], [2116, 2097], [2116, 2081], [2112, 2078], [2112, 2052], [2109, 2049], [2109, 2013], [2106, 2010], [2106, 1948], [2103, 1945], [2103, 1786], [2106, 1783], [2103, 1780], [2103, 1767], [2106, 1764], [2106, 1722], [2103, 1718], [2103, 1715], [2106, 1712], [2106, 1705], [2103, 1702], [2103, 1666], [2100, 1663], [2100, 1611], [2096, 1608], [2096, 1582], [2093, 1579], [2093, 1550], [2090, 1547], [2090, 1534], [2087, 1530], [2087, 1521], [2083, 1517], [2083, 1511], [2080, 1508], [2080, 1505], [2074, 1498], [2074, 1488], [1993, 1488], [1993, 1498], [1989, 1501], [1986, 1501], [1983, 1505], [1980, 1505], [1976, 1508], [1973, 1508], [1967, 1514], [1963, 1514], [1928, 1550], [1928, 1553], [1915, 1566], [1912, 1566], [1908, 1569], [1905, 1569], [1902, 1573], [1899, 1573], [1895, 1576], [1889, 1576], [1886, 1579], [1882, 1579], [1879, 1582], [1876, 1582], [1873, 1585], [1827, 1585], [1824, 1582], [1814, 1582], [1811, 1579], [1805, 1579], [1801, 1576], [1795, 1576], [1792, 1573], [1788, 1573], [1785, 1569], [1779, 1569], [1776, 1566], [1772, 1566], [1769, 1563], [1766, 1563], [1763, 1560], [1756, 1560], [1753, 1556], [1743, 1556], [1740, 1553], [1727, 1553], [1724, 1550], [1711, 1550], [1707, 1547], [1656, 1547], [1652, 1543], [1614, 1543], [1610, 1547], [1578, 1547], [1575, 1550], [1562, 1550], [1558, 1553], [1549, 1553], [1545, 1556], [1536, 1556], [1533, 1560], [1526, 1560], [1523, 1563], [1516, 1563], [1513, 1566], [1510, 1566], [1507, 1569], [1500, 1569], [1497, 1573], [1494, 1573], [1487, 1579], [1484, 1579], [1481, 1582], [1474, 1582], [1471, 1585], [1461, 1585], [1458, 1589], [1442, 1589], [1439, 1585], [1435, 1585], [1432, 1582], [1426, 1582], [1422, 1579], [1419, 1579], [1403, 1563], [1400, 1563], [1393, 1556], [1390, 1556], [1383, 1550], [1380, 1550], [1351, 1521], [1348, 1521], [1341, 1514], [1338, 1514], [1335, 1511], [1332, 1511], [1328, 1508], [1325, 1508], [1322, 1505], [1319, 1505], [1312, 1498], [1312, 1488], [1225, 1488]]",0.96,ASOK_MAT035.JPG,ASOK_MAT035,Uttar Pradesh,Mathurā,Mathurā,Balustrade avec médaillons et demi-médaillons lotiformes,1 A.D. ; 2 A.D. ; 3 A.D.,Stūpa ; balustrade,bouddhisme,Cleveland Museum of Art,Maronet Léa
ASOK_MAT035_lotus_7775.png,lotus,"[[2974, 1527], [2974, 2463], [2987, 2463], [2991, 2466], [2994, 2466], [2997, 2470], [3000, 2470], [3003, 2473], [3010, 2473], [3013, 2476], [3023, 2476], [3026, 2479], [3068, 2479], [3072, 2476], [3088, 2476], [3091, 2473], [3094, 2473], [3097, 2470], [3104, 2470], [3107, 2466], [3114, 2466], [3117, 2463], [3120, 2463], [3123, 2460], [3127, 2460], [3130, 2457], [3133, 2457], [3136, 2454], [3140, 2454], [3143, 2450], [3146, 2450], [3153, 2444], [3156, 2444], [3159, 2441], [3162, 2441], [3165, 2437], [3169, 2437], [3172, 2434], [3175, 2434], [3178, 2431], [3182, 2431], [3185, 2428], [3195, 2428], [3198, 2424], [3221, 2424], [3224, 2428], [3234, 2428], [3237, 2431], [3243, 2431], [3246, 2434], [3250, 2434], [3253, 2437], [3256, 2437], [3259, 2441], [3263, 2441], [3266, 2444], [3272, 2444], [3276, 2447], [3279, 2447], [3282, 2450], [3289, 2450], [3292, 2454], [3298, 2454], [3302, 2457], [3305, 2457], [3308, 2460], [3318, 2460], [3321, 2463], [3334, 2463], [3337, 2466], [3363, 2466], [3366, 2463], [3386, 2463], [3389, 2460], [3402, 2460], [3405, 2457], [3415, 2457], [3418, 2454], [3451, 2454], [3454, 2450], [3477, 2450], [3480, 2447], [3486, 2447], [3489, 2444], [3499, 2444], [3502, 2441], [3509, 2441], [3512, 2437], [3519, 2437], [3522, 2434], [3528, 2434], [3532, 2431], [3538, 2431], [3541, 2428], [3551, 2428], [3554, 2424], [3564, 2424], [3567, 2421], [3577, 2421], [3580, 2418], [3590, 2418], [3593, 2415], [3622, 2415], [3626, 2418], [3632, 2418], [3635, 2421], [3639, 2421], [3645, 2428], [3648, 2428], [3664, 2444], [3668, 2444], [3677, 2454], [3681, 2454], [3687, 2460], [3690, 2460], [3694, 2463], [3697, 2463], [3700, 2466], [3703, 2466], [3707, 2470], [3713, 2470], [3716, 2473], [3720, 2473], [3723, 2476], [3729, 2476], [3732, 2479], [3739, 2479], [3742, 2483], [3745, 2483], [3749, 2486], [3758, 2486], [3762, 2489], [3765, 2489], [3768, 2492], [3771, 2492], [3775, 2496], [3778, 2496], [3781, 2499], [3781, 2509], [3817, 2509], [3817, 2492], [3820, 2489], [3820, 2486], [3823, 2483], [3823, 2479], [3826, 2476], [3826, 2473], [3830, 2470], [3830, 2460], [3833, 2457], [3833, 2450], [3836, 2447], [3836, 2434], [3839, 2431], [3839, 2415], [3843, 2411], [3843, 2237], [3846, 2233], [3846, 2191], [3849, 2188], [3849, 2126], [3852, 2123], [3852, 2091], [3849, 2088], [3849, 1968], [3852, 1964], [3852, 1948], [3856, 1945], [3865, 1945], [3865, 1576], [3856, 1576], [3852, 1573], [3852, 1566], [3849, 1563], [3849, 1556], [3846, 1553], [3846, 1550], [3843, 1547], [3843, 1543], [3836, 1537], [3836, 1527], [3765, 1527], [3765, 1537], [3762, 1540], [3755, 1540], [3752, 1543], [3745, 1543], [3742, 1547], [3732, 1547], [3729, 1550], [3723, 1550], [3720, 1553], [3713, 1553], [3707, 1560], [3703, 1560], [3700, 1563], [3697, 1563], [3681, 1579], [3681, 1582], [3677, 1585], [3677, 1589], [3674, 1592], [3674, 1595], [3671, 1598], [3671, 1602], [3658, 1615], [3655, 1615], [3648, 1621], [3639, 1621], [3635, 1624], [3626, 1624], [3622, 1621], [3616, 1621], [3613, 1618], [3609, 1618], [3606, 1615], [3600, 1615], [3596, 1611], [3593, 1611], [3590, 1608], [3583, 1608], [3580, 1605], [3574, 1605], [3570, 1602], [3567, 1602], [3564, 1598], [3558, 1598], [3554, 1595], [3545, 1595], [3541, 1592], [3535, 1592], [3532, 1589], [3525, 1589], [3522, 1585], [3515, 1585], [3512, 1582], [3506, 1582], [3502, 1579], [3493, 1579], [3489, 1576], [3480, 1576], [3477, 1573], [3467, 1573], [3464, 1569], [3441, 1569], [3438, 1566], [3392, 1566], [3389, 1569], [3344, 1569], [3340, 1573], [3318, 1573], [3315, 1576], [3302, 1576], [3298, 1579], [3289, 1579], [3285, 1582], [3282, 1582], [3279, 1585], [3272, 1585], [3269, 1589], [3263, 1589], [3259, 1592], [3256, 1592], [3253, 1595], [3250, 1595], [3246, 1598], [3240, 1598], [3237, 1602], [3224, 1602], [3221, 1605], [3214, 1605], [3211, 1602], [3204, 1602], [3201, 1598], [3198, 1598], [3195, 1595], [3191, 1595], [3185, 1589], [3182, 1589], [3169, 1576], [3165, 1576], [3159, 1569], [3156, 1569], [3146, 1560], [3143, 1560], [3140, 1556], [3136, 1556], [3127, 1547], [3123, 1547], [3114, 1537], [3114, 1527], [2974, 1527]]",0.97,ASOK_MAT035.JPG,ASOK_MAT035,Uttar Pradesh,Mathurā,Mathurā,Balustrade avec médaillons et demi-médaillons lotiformes,1 A.D. ; 2 A.D. ; 3 A.D.,Stūpa ; balustrade,bouddhisme,Cleveland Museum of Art,Maronet Léa
ASOK_MAT035_lotus_7776.png,lotus,"[[2339, 1913], [2339, 2081], [2352, 2081], [2355, 2084], [2355, 2088], [2365, 2097], [2365, 2100], [2372, 2107], [2372, 2110], [2388, 2126], [2391, 2126], [2411, 2146], [2414, 2146], [2420, 2152], [2424, 2152], [2427, 2156], [2430, 2156], [2433, 2159], [2436, 2159], [2440, 2162], [2446, 2162], [2449, 2165], [2456, 2165], [2459, 2169], [2472, 2169], [2475, 2172], [2482, 2172], [2485, 2175], [2485, 2185], [2582, 2185], [2582, 2175], [2586, 2172], [2589, 2172], [2592, 2169], [2598, 2169], [2602, 2165], [2605, 2165], [2608, 2162], [2615, 2162], [2618, 2159], [2621, 2159], [2624, 2156], [2628, 2156], [2631, 2152], [2634, 2152], [2641, 2146], [2644, 2146], [2670, 2120], [2670, 2117], [2683, 2104], [2683, 2100], [2696, 2088], [2696, 2084], [2705, 2075], [2705, 2071], [2712, 2065], [2712, 2062], [2718, 2055], [2718, 2052], [2722, 2049], [2722, 2045], [2725, 2042], [2725, 2039], [2728, 2036], [2738, 2036], [2738, 1903], [2728, 1903], [2725, 1900], [2725, 1896], [2722, 1893], [2722, 1887], [2718, 1883], [2718, 1880], [2715, 1877], [2715, 1874], [2712, 1871], [2712, 1867], [2705, 1861], [2705, 1858], [2699, 1851], [2699, 1848], [2667, 1815], [2663, 1815], [2660, 1812], [2660, 1809], [2647, 1796], [2647, 1786], [2449, 1786], [2449, 1799], [2440, 1809], [2436, 1809], [2427, 1819], [2424, 1819], [2414, 1828], [2411, 1828], [2385, 1854], [2385, 1858], [2381, 1861], [2381, 1864], [2375, 1871], [2375, 1874], [2365, 1883], [2365, 1887], [2362, 1890], [2362, 1893], [2359, 1896], [2359, 1900], [2355, 1903], [2355, 1906], [2349, 1913], [2339, 1913]]",0.89,ASOK_MAT035.JPG,ASOK_MAT035,Uttar Pradesh,Mathurā,Mathurā,Balustrade avec médaillons et demi-médaillons lotiformes,1 A.D. ; 2 A.D. ; 3 A.D.,Stūpa ; balustrade,bouddhisme,Cleveland Museum of Art,Maronet Léa
ASOK_MAT035_lotus_7777.png,lotus,"[[2339, 2528], [2339, 2684], [2349, 2684], [2359, 2693], [2359, 2696], [2368, 2706], [2368, 2709], [2375, 2716], [2375, 2719], [2378, 2722], [2381, 2722], [2398, 2739], [2401, 2739], [2411, 2748], [2414, 2748], [2420, 2755], [2424, 2755], [2427, 2758], [2430, 2758], [2433, 2761], [2440, 2761], [2443, 2764], [2449, 2764], [2453, 2768], [2456, 2768], [2459, 2771], [2459, 2781], [2582, 2781], [2582, 2771], [2586, 2768], [2589, 2768], [2592, 2764], [2595, 2764], [2598, 2761], [2602, 2761], [2605, 2758], [2608, 2758], [2611, 2755], [2615, 2755], [2618, 2752], [2621, 2752], [2624, 2748], [2628, 2748], [2634, 2742], [2637, 2742], [2660, 2719], [2660, 2716], [2667, 2709], [2667, 2706], [2676, 2696], [2676, 2693], [2683, 2687], [2683, 2684], [2686, 2680], [2686, 2677], [2692, 2671], [2692, 2667], [2696, 2664], [2696, 2661], [2702, 2654], [2702, 2651], [2709, 2645], [2709, 2638], [2715, 2632], [2725, 2632], [2725, 2544], [2715, 2544], [2705, 2535], [2705, 2528], [2702, 2525], [2702, 2522], [2699, 2518], [2699, 2515], [2696, 2512], [2696, 2509], [2692, 2505], [2692, 2499], [2689, 2496], [2689, 2492], [2686, 2489], [2686, 2483], [2683, 2479], [2683, 2476], [2679, 2473], [2679, 2470], [2676, 2466], [2676, 2460], [2673, 2457], [2673, 2454], [2670, 2450], [2670, 2447], [2654, 2431], [2654, 2421], [2430, 2421], [2430, 2434], [2427, 2437], [2424, 2437], [2407, 2454], [2407, 2457], [2388, 2476], [2388, 2479], [2368, 2499], [2368, 2502], [2362, 2509], [2362, 2512], [2355, 2518], [2355, 2522], [2349, 2528], [2339, 2528]]",0.92,ASOK_MAT035.JPG,ASOK_MAT035,Uttar Pradesh,Mathurā,Mathurā,Balustrade avec médaillons et demi-médaillons lotiformes,1 A.D. ; 2 A.D. ; 3 A.D.,Stūpa ; balustrade,bouddhisme,Cleveland Museum of Art,Maronet Léa
ASOK_MAT035_lotus_7778.png,lotus,"[[1251, 2693], [1251, 2913], [1260, 2913], [1264, 2917], [1264, 2920], [1267, 2923], [1267, 2956], [1270, 2959], [1270, 2962], [1277, 2969], [1280, 2969], [1283, 2972], [1309, 2972], [1312, 2975], [1322, 2975], [1325, 2972], [1358, 2972], [1361, 2975], [1419, 2975], [1422, 2978], [1439, 2978], [1442, 2981], [1477, 2981], [1481, 2985], [1497, 2985], [1500, 2981], [1565, 2981], [1568, 2985], [1594, 2985], [1597, 2988], [1646, 2988], [1649, 2985], [1665, 2985], [1669, 2988], [1691, 2988], [1695, 2991], [1698, 2991], [1701, 2994], [1711, 2994], [1714, 2998], [1727, 2998], [1730, 3001], [1743, 3001], [1746, 3004], [1772, 3004], [1776, 3007], [1818, 3007], [1821, 3011], [1847, 3011], [1850, 3014], [1876, 3014], [1879, 3017], [1879, 3027], [2125, 3027], [2125, 3017], [2132, 3011], [2132, 3007], [2135, 3004], [2135, 2998], [2138, 2994], [2138, 2985], [2142, 2981], [2142, 2975], [2145, 2972], [2155, 2972], [2155, 2858], [2145, 2858], [2142, 2855], [2142, 2842], [2138, 2839], [2138, 2813], [2135, 2810], [2135, 2716], [2132, 2713], [2132, 2693], [2129, 2690], [2129, 2648], [2125, 2645], [2125, 2599], [2122, 2596], [2122, 2577], [2119, 2573], [2119, 2560], [2116, 2557], [2116, 2541], [2112, 2538], [2112, 2528], [2109, 2525], [2109, 2515], [2106, 2512], [2106, 2505], [2103, 2502], [2103, 2486], [1993, 2486], [1993, 2496], [1986, 2502], [1986, 2505], [1960, 2531], [1957, 2531], [1950, 2538], [1944, 2538], [1941, 2541], [1934, 2541], [1931, 2544], [1925, 2544], [1921, 2547], [1912, 2547], [1908, 2551], [1899, 2551], [1895, 2554], [1882, 2554], [1879, 2551], [1869, 2551], [1866, 2547], [1863, 2547], [1860, 2544], [1857, 2544], [1853, 2541], [1850, 2541], [1847, 2538], [1844, 2538], [1840, 2535], [1837, 2535], [1834, 2531], [1831, 2531], [1827, 2528], [1824, 2528], [1821, 2525], [1814, 2525], [1811, 2522], [1805, 2522], [1801, 2518], [1798, 2518], [1795, 2515], [1785, 2515], [1782, 2512], [1769, 2512], [1766, 2509], [1756, 2509], [1753, 2505], [1740, 2505], [1737, 2502], [1652, 2502], [1649, 2505], [1630, 2505], [1626, 2509], [1620, 2509], [1617, 2512], [1610, 2512], [1607, 2515], [1604, 2515], [1601, 2518], [1597, 2518], [1594, 2522], [1591, 2522], [1588, 2525], [1584, 2525], [1581, 2528], [1578, 2528], [1571, 2535], [1568, 2535], [1565, 2538], [1562, 2538], [1555, 2544], [1552, 2544], [1549, 2547], [1545, 2547], [1542, 2551], [1539, 2551], [1536, 2554], [1533, 2554], [1529, 2557], [1526, 2557], [1523, 2560], [1520, 2560], [1516, 2564], [1513, 2564], [1510, 2567], [1503, 2567], [1500, 2570], [1494, 2570], [1490, 2573], [1487, 2573], [1484, 2577], [1481, 2577], [1477, 2580], [1471, 2580], [1468, 2583], [1461, 2583], [1458, 2586], [1452, 2586], [1448, 2590], [1432, 2590], [1429, 2593], [1419, 2593], [1416, 2590], [1409, 2590], [1406, 2586], [1390, 2586], [1387, 2583], [1341, 2583], [1338, 2586], [1325, 2586], [1319, 2593], [1312, 2593], [1309, 2596], [1302, 2596], [1299, 2599], [1299, 2603], [1293, 2609], [1293, 2612], [1290, 2615], [1290, 2619], [1286, 2622], [1286, 2628], [1283, 2632], [1283, 2635], [1280, 2638], [1280, 2645], [1277, 2648], [1277, 2658], [1273, 2661], [1273, 2667], [1270, 2671], [1270, 2677], [1267, 2680], [1267, 2684], [1264, 2687], [1264, 2690], [1260, 2693], [1251, 2693]]",0.94,ASOK_MAT035.JPG,ASOK_MAT035,Uttar Pradesh,Mathurā,Mathurā,Balustrade avec médaillons et demi-médaillons lotiformes,1 A.D. ; 2 A.D. ; 3 A.D.,Stūpa ; balustrade,bouddhisme,Cleveland Museum of Art,Maronet Léa
ASOK_MAT035_lotus_7779.png,lotus,"[[2961, 2557], [2961, 3004], [3046, 3004], [3049, 3007], [3055, 3007], [3059, 3004], [3065, 3004], [3068, 3007], [3094, 3007], [3097, 3004], [3130, 3004], [3133, 3001], [3169, 3001], [3172, 2998], [3227, 2998], [3230, 3001], [3311, 3001], [3315, 3004], [3337, 3004], [3340, 3007], [3392, 3007], [3396, 3011], [3434, 3011], [3438, 3014], [3522, 3014], [3525, 3017], [3609, 3017], [3613, 3020], [3639, 3020], [3642, 3024], [3661, 3024], [3664, 3027], [3677, 3027], [3681, 3030], [3697, 3030], [3700, 3033], [3716, 3033], [3720, 3037], [3723, 3037], [3726, 3040], [3732, 3040], [3736, 3043], [3736, 3053], [3826, 3053], [3826, 3040], [3830, 3037], [3830, 3030], [3833, 3027], [3833, 3004], [3830, 3001], [3830, 2946], [3833, 2943], [3833, 2904], [3836, 2901], [3836, 2849], [3833, 2845], [3833, 2826], [3836, 2823], [3836, 2816], [3833, 2813], [3833, 2803], [3836, 2800], [3836, 2787], [3833, 2784], [3836, 2781], [3836, 2684], [3833, 2680], [3833, 2612], [3830, 2609], [3830, 2570], [3826, 2567], [3826, 2551], [3823, 2547], [3823, 2538], [3820, 2535], [3820, 2531], [3817, 2528], [3817, 2525], [3813, 2522], [3813, 2512], [3707, 2512], [3707, 2522], [3703, 2525], [3700, 2525], [3671, 2554], [3671, 2557], [3664, 2564], [3664, 2567], [3661, 2570], [3661, 2573], [3658, 2577], [3655, 2577], [3651, 2580], [3648, 2580], [3639, 2590], [3635, 2590], [3632, 2593], [3629, 2593], [3626, 2596], [3613, 2596], [3609, 2593], [3596, 2593], [3593, 2590], [3590, 2590], [3587, 2586], [3583, 2586], [3580, 2583], [3574, 2583], [3570, 2580], [3564, 2580], [3561, 2577], [3545, 2577], [3541, 2573], [3522, 2573], [3519, 2570], [3509, 2570], [3506, 2567], [3496, 2567], [3493, 2564], [3486, 2564], [3483, 2560], [3480, 2560], [3477, 2557], [3464, 2557], [3460, 2554], [3421, 2554], [3418, 2551], [3408, 2551], [3405, 2554], [3389, 2554], [3386, 2557], [3379, 2557], [3376, 2560], [3370, 2560], [3366, 2564], [3357, 2564], [3353, 2567], [3337, 2567], [3334, 2570], [3318, 2570], [3315, 2573], [3285, 2573], [3282, 2577], [3259, 2577], [3253, 2583], [3250, 2583], [3243, 2590], [3240, 2590], [3237, 2593], [3230, 2593], [3227, 2596], [3224, 2596], [3221, 2599], [3198, 2599], [3195, 2603], [3169, 2603], [3165, 2599], [3159, 2599], [3149, 2590], [3149, 2586], [3146, 2586], [3136, 2577], [3133, 2577], [3123, 2567], [3120, 2567], [3114, 2560], [3110, 2560], [3104, 2554], [3101, 2554], [3097, 2551], [3094, 2551], [3091, 2547], [3084, 2547], [3081, 2544], [3075, 2544], [3072, 2541], [3068, 2541], [3065, 2538], [3059, 2538], [3055, 2535], [3046, 2535], [3042, 2531], [3013, 2531], [3010, 2535], [3003, 2535], [3000, 2538], [2997, 2538], [2994, 2541], [2991, 2541], [2984, 2547], [2981, 2547], [2978, 2551], [2978, 2554], [2974, 2557], [2961, 2557]]",0.88,ASOK_MAT035.JPG,ASOK_MAT035,Uttar Pradesh,Mathurā,Mathurā,Balustrade avec médaillons et demi-médaillons lotiformes,1 A.D. ; 2 A.D. ; 3 A.D.,Stūpa ; balustrade,bouddhisme,Cleveland Museum of Art,Maronet Léa
ASOK_AMA001_lotus_7915.png,lotus,"[[2010, 326], [2010, 759], [2016, 759], [2018, 761], [2018, 769], [2073, 769], [2073, 761], [2079, 755], [2081, 755], [2083, 753], [2087, 753], [2089, 751], [2093, 751], [2095, 749], [2103, 749], [2107, 745], [2109, 745], [2113, 741], [2115, 741], [2117, 739], [2119, 739], [2121, 737], [2123, 737], [2127, 733], [2131, 733], [2133, 731], [2135, 731], [2142, 723], [2144, 723], [2150, 717], [2152, 717], [2164, 705], [2166, 705], [2166, 703], [2176, 693], [2188, 693], [2190, 695], [2192, 695], [2194, 697], [2196, 697], [2198, 699], [2200, 699], [2204, 703], [2206, 703], [2208, 705], [2210, 705], [2212, 707], [2214, 707], [2216, 709], [2218, 709], [2221, 713], [2225, 713], [2227, 715], [2233, 715], [2235, 717], [2243, 717], [2245, 719], [2251, 719], [2253, 721], [2263, 721], [2265, 723], [2271, 723], [2273, 725], [2279, 725], [2281, 727], [2283, 727], [2285, 729], [2291, 729], [2293, 731], [2297, 731], [2299, 733], [2301, 733], [2302, 735], [2308, 735], [2310, 737], [2314, 737], [2316, 739], [2318, 739], [2320, 741], [2324, 741], [2326, 743], [2328, 743], [2330, 745], [2338, 745], [2340, 747], [2346, 747], [2348, 749], [2356, 749], [2358, 751], [2364, 751], [2366, 753], [2376, 753], [2378, 755], [2393, 755], [2395, 757], [2409, 757], [2411, 755], [2439, 755], [2441, 753], [2459, 753], [2461, 751], [2468, 751], [2470, 749], [2474, 749], [2476, 747], [2482, 747], [2484, 745], [2488, 745], [2490, 743], [2496, 743], [2498, 741], [2502, 741], [2504, 739], [2506, 739], [2508, 737], [2514, 737], [2516, 735], [2518, 735], [2520, 733], [2524, 733], [2526, 731], [2528, 731], [2530, 729], [2534, 729], [2536, 727], [2538, 727], [2540, 725], [2543, 725], [2545, 723], [2547, 723], [2549, 721], [2553, 721], [2555, 719], [2559, 719], [2561, 717], [2565, 717], [2567, 715], [2569, 715], [2571, 713], [2577, 713], [2579, 711], [2583, 711], [2585, 709], [2589, 709], [2591, 707], [2595, 707], [2597, 705], [2599, 705], [2601, 703], [2603, 703], [2605, 701], [2607, 701], [2609, 699], [2613, 699], [2615, 697], [2619, 697], [2621, 695], [2624, 695], [2626, 693], [2628, 693], [2630, 691], [2632, 691], [2634, 689], [2636, 689], [2638, 688], [2644, 688], [2646, 686], [2650, 686], [2652, 684], [2658, 684], [2660, 682], [2662, 682], [2664, 680], [2666, 680], [2670, 676], [2672, 676], [2674, 674], [2676, 674], [2678, 672], [2682, 672], [2684, 670], [2692, 670], [2694, 668], [2731, 668], [2733, 666], [2735, 666], [2741, 660], [2741, 652], [2745, 648], [2751, 648], [2759, 640], [2759, 638], [2761, 636], [2761, 624], [2763, 622], [2763, 618], [2765, 616], [2765, 608], [2767, 607], [2767, 605], [2769, 603], [2769, 593], [2771, 591], [2771, 585], [2773, 583], [2773, 579], [2775, 577], [2775, 573], [2779, 569], [2779, 567], [2781, 565], [2781, 563], [2783, 561], [2783, 559], [2786, 555], [2786, 553], [2788, 551], [2788, 549], [2792, 545], [2792, 543], [2796, 539], [2796, 535], [2798, 533], [2798, 531], [2804, 526], [2804, 524], [2808, 520], [2808, 518], [2814, 512], [2814, 510], [2816, 508], [2816, 506], [2818, 504], [2818, 502], [2820, 500], [2820, 498], [2822, 496], [2822, 494], [2826, 490], [2826, 488], [2828, 486], [2828, 484], [2830, 482], [2830, 478], [2832, 476], [2832, 474], [2834, 472], [2834, 470], [2836, 468], [2836, 466], [2838, 464], [2838, 462], [2840, 460], [2840, 458], [2842, 456], [2842, 454], [2844, 452], [2844, 450], [2846, 448], [2846, 445], [2848, 443], [2848, 439], [2850, 437], [2850, 435], [2852, 433], [2852, 429], [2854, 427], [2854, 423], [2856, 421], [2856, 419], [2858, 417], [2858, 413], [2860, 411], [2860, 397], [2862, 395], [2862, 385], [2864, 383], [2864, 375], [2866, 373], [2866, 369], [2867, 367], [2867, 350], [2869, 348], [2869, 344], [2879, 334], [2885, 334], [2885, 235], [2879, 235], [2875, 231], [2875, 225], [2038, 225], [2038, 231], [2036, 233], [2036, 241], [2034, 243], [2034, 245], [2032, 247], [2032, 253], [2030, 255], [2030, 261], [2028, 263], [2028, 271], [2026, 273], [2026, 284], [2024, 286], [2024, 296], [2022, 298], [2022, 308], [2020, 310], [2020, 320], [2018, 322], [2018, 324], [2016, 326], [2010, 326]]",0.93,ASOK_AMA001.jpg,ASOK_AMA001,Andhra Pradesh,Āndhradeśa,Amarāvatī,Balustrade avec médaillons lotiformes,1 A.D. ; 2 A.D. ; 3 A.D.,Stūpa ; balustrade ; pilier,bouddhisme,The British Museum,Maronet Léa
ASOK_AMA001_lotus_7917.png,lotus,"[[1014, 2487], [1014, 2784], [1020, 2784], [1026, 2790], [1026, 2792], [1032, 2797], [1032, 2799], [1036, 2803], [1036, 2805], [1040, 2809], [1040, 2811], [1042, 2813], [1042, 2815], [1048, 2821], [1048, 2823], [1054, 2829], [1054, 2831], [1058, 2835], [1058, 2837], [1064, 2843], [1064, 2845], [1066, 2847], [1066, 2849], [1072, 2855], [1072, 2857], [1074, 2859], [1074, 2861], [1076, 2863], [1076, 2865], [1078, 2867], [1078, 2869], [1080, 2871], [1080, 2875], [1084, 2878], [1084, 2880], [1088, 2884], [1088, 2886], [1090, 2888], [1090, 2890], [1093, 2894], [1093, 2896], [1095, 2898], [1095, 2900], [1099, 2904], [1099, 2906], [1101, 2908], [1101, 2910], [1103, 2912], [1103, 2914], [1109, 2920], [1109, 2922], [1111, 2924], [1111, 2926], [1119, 2934], [1119, 2936], [1125, 2942], [1125, 2944], [1129, 2948], [1129, 2950], [1131, 2952], [1131, 2954], [1133, 2956], [1133, 2958], [1135, 2959], [1137, 2959], [1143, 2965], [1143, 2967], [1145, 2969], [1145, 2971], [1147, 2973], [1147, 2975], [1149, 2977], [1151, 2977], [1165, 2991], [1165, 2993], [1167, 2993], [1169, 2995], [1170, 2995], [1174, 2999], [1174, 3001], [1176, 3003], [1176, 3005], [1178, 3007], [1180, 3007], [1182, 3009], [1184, 3009], [1186, 3011], [1190, 3011], [1192, 3013], [1194, 3013], [1198, 3017], [1200, 3017], [1204, 3021], [1206, 3021], [1208, 3023], [1210, 3023], [1212, 3025], [1214, 3025], [1216, 3027], [1218, 3027], [1220, 3029], [1222, 3029], [1224, 3031], [1226, 3031], [1228, 3033], [1230, 3033], [1232, 3035], [1236, 3035], [1238, 3037], [1242, 3037], [1244, 3039], [1248, 3039], [1250, 3040], [1251, 3040], [1253, 3042], [1257, 3042], [1259, 3044], [1261, 3044], [1265, 3048], [1267, 3048], [1273, 3054], [1275, 3054], [1279, 3058], [1281, 3058], [1289, 3066], [1291, 3066], [1293, 3068], [1297, 3068], [1299, 3070], [1301, 3070], [1303, 3072], [1307, 3072], [1309, 3074], [1313, 3074], [1315, 3076], [1317, 3076], [1319, 3078], [1323, 3078], [1325, 3080], [1329, 3080], [1331, 3082], [1334, 3082], [1336, 3084], [1340, 3084], [1342, 3086], [1346, 3086], [1348, 3088], [1354, 3088], [1356, 3090], [1364, 3090], [1366, 3092], [1370, 3092], [1372, 3094], [1372, 3100], [1528, 3100], [1528, 3094], [1530, 3092], [1534, 3092], [1536, 3090], [1546, 3090], [1548, 3088], [1554, 3088], [1556, 3086], [1560, 3086], [1562, 3084], [1568, 3084], [1570, 3082], [1574, 3082], [1575, 3080], [1581, 3080], [1583, 3078], [1587, 3078], [1589, 3076], [1595, 3076], [1597, 3074], [1603, 3074], [1605, 3072], [1609, 3072], [1611, 3070], [1615, 3070], [1617, 3068], [1621, 3068], [1623, 3066], [1625, 3066], [1627, 3064], [1631, 3064], [1635, 3060], [1637, 3060], [1639, 3058], [1643, 3058], [1645, 3056], [1647, 3056], [1649, 3054], [1651, 3054], [1655, 3050], [1658, 3050], [1660, 3048], [1662, 3048], [1666, 3044], [1668, 3044], [1670, 3042], [1674, 3042], [1676, 3040], [1680, 3040], [1682, 3039], [1684, 3039], [1686, 3037], [1688, 3037], [1690, 3035], [1692, 3035], [1694, 3033], [1696, 3033], [1702, 3027], [1704, 3027], [1706, 3025], [1708, 3025], [1710, 3023], [1712, 3023], [1716, 3019], [1718, 3019], [1728, 3009], [1730, 3009], [1745, 2993], [1745, 2991], [1751, 2985], [1751, 2983], [1783, 2952], [1783, 2950], [1793, 2940], [1793, 2938], [1801, 2930], [1801, 2928], [1805, 2924], [1805, 2922], [1815, 2912], [1815, 2910], [1822, 2902], [1822, 2900], [1826, 2896], [1826, 2894], [1832, 2888], [1832, 2886], [1836, 2882], [1836, 2880], [1838, 2878], [1838, 2877], [1840, 2875], [1840, 2873], [1844, 2869], [1844, 2867], [1846, 2865], [1846, 2863], [1848, 2861], [1848, 2857], [1850, 2855], [1850, 2853], [1852, 2851], [1852, 2849], [1854, 2847], [1854, 2843], [1856, 2841], [1856, 2837], [1858, 2835], [1858, 2831], [1862, 2827], [1862, 2825], [1864, 2823], [1864, 2821], [1866, 2819], [1866, 2815], [1868, 2813], [1868, 2809], [1870, 2807], [1870, 2801], [1872, 2799], [1872, 2796], [1874, 2794], [1874, 2792], [1876, 2790], [1876, 2788], [1878, 2786], [1878, 2782], [1880, 2780], [1880, 2776], [1882, 2774], [1882, 2770], [1884, 2768], [1884, 2766], [1886, 2764], [1886, 2760], [1888, 2758], [1888, 2754], [1890, 2752], [1890, 2750], [1892, 2748], [1897, 2748], [1897, 2477], [1892, 2477], [1890, 2475], [1890, 2473], [1888, 2472], [1888, 2464], [1886, 2462], [1886, 2458], [1884, 2456], [1884, 2454], [1882, 2452], [1882, 2450], [1880, 2448], [1880, 2444], [1876, 2440], [1876, 2438], [1874, 2436], [1874, 2434], [1872, 2432], [1872, 2430], [1866, 2424], [1864, 2424], [1856, 2416], [1856, 2414], [1846, 2404], [1846, 2402], [1844, 2400], [1844, 2398], [1840, 2394], [1840, 2392], [1832, 2385], [1832, 2383], [1828, 2379], [1826, 2379], [1824, 2377], [1824, 2375], [1822, 2373], [1820, 2373], [1815, 2367], [1815, 2365], [1805, 2355], [1805, 2353], [1799, 2347], [1799, 2345], [1763, 2310], [1761, 2310], [1755, 2304], [1753, 2304], [1726, 2276], [1724, 2276], [1720, 2272], [1718, 2272], [1706, 2260], [1704, 2260], [1694, 2250], [1692, 2250], [1688, 2246], [1686, 2246], [1684, 2244], [1682, 2244], [1678, 2240], [1672, 2240], [1670, 2238], [1668, 2240], [1664, 2240], [1662, 2242], [1658, 2242], [1656, 2240], [1647, 2240], [1645, 2238], [1643, 2238], [1637, 2232], [1637, 2230], [1635, 2229], [1635, 2225], [1633, 2223], [1633, 2221], [1629, 2217], [1629, 2215], [1627, 2213], [1607, 2213], [1599, 2221], [1579, 2221], [1577, 2219], [1575, 2219], [1574, 2217], [1568, 2217], [1566, 2215], [1564, 2217], [1560, 2217], [1558, 2215], [1554, 2215], [1552, 2213], [1538, 2213], [1536, 2211], [1524, 2211], [1522, 2209], [1520, 2209], [1518, 2207], [1518, 2201], [1356, 2201], [1356, 2207], [1354, 2209], [1352, 2209], [1350, 2211], [1346, 2211], [1344, 2213], [1338, 2213], [1336, 2215], [1331, 2215], [1329, 2217], [1325, 2217], [1323, 2219], [1319, 2219], [1317, 2221], [1315, 2221], [1313, 2223], [1311, 2223], [1309, 2225], [1305, 2225], [1303, 2227], [1301, 2227], [1299, 2229], [1295, 2229], [1293, 2230], [1289, 2230], [1287, 2232], [1285, 2232], [1283, 2234], [1281, 2234], [1279, 2236], [1275, 2236], [1271, 2240], [1269, 2240], [1267, 2242], [1265, 2242], [1263, 2244], [1259, 2244], [1257, 2246], [1255, 2246], [1253, 2248], [1251, 2248], [1250, 2250], [1248, 2250], [1246, 2252], [1244, 2252], [1238, 2258], [1236, 2258], [1232, 2262], [1230, 2262], [1228, 2264], [1226, 2264], [1220, 2270], [1218, 2270], [1212, 2276], [1210, 2276], [1208, 2278], [1206, 2278], [1204, 2280], [1202, 2280], [1198, 2284], [1196, 2284], [1190, 2290], [1188, 2290], [1184, 2294], [1182, 2294], [1178, 2298], [1176, 2298], [1174, 2300], [1172, 2300], [1169, 2304], [1167, 2304], [1161, 2310], [1159, 2310], [1157, 2311], [1155, 2311], [1155, 2313], [1143, 2325], [1141, 2325], [1137, 2329], [1135, 2329], [1127, 2337], [1125, 2337], [1121, 2341], [1119, 2341], [1113, 2347], [1111, 2347], [1105, 2353], [1103, 2353], [1091, 2365], [1091, 2367], [1064, 2394], [1062, 2394], [1060, 2396], [1060, 2398], [1056, 2402], [1056, 2404], [1054, 2406], [1054, 2410], [1050, 2414], [1048, 2414], [1046, 2416], [1044, 2416], [1040, 2420], [1040, 2422], [1042, 2424], [1042, 2426], [1044, 2428], [1044, 2430], [1042, 2432], [1042, 2434], [1040, 2436], [1040, 2440], [1038, 2442], [1038, 2446], [1036, 2448], [1036, 2450], [1034, 2452], [1034, 2458], [1032, 2460], [1032, 2466], [1030, 2468], [1030, 2470], [1028, 2472], [1028, 2473], [1026, 2475], [1026, 2479], [1024, 2481], [1024, 2483], [1020, 2487], [1014, 2487]]",0.95,ASOK_AMA001.jpg,ASOK_AMA001,Andhra Pradesh,Āndhradeśa,Amarāvatī,Balustrade avec médaillons lotiformes,1 A.D. ; 2 A.D. ; 3 A.D.,Stūpa ; balustrade ; pilier,bouddhisme,The British Museum,Maronet Léa
ASOK_AMA001_lotus_7918.png,lotus,"[[1939, 2408], [1939, 2861], [1945, 2861], [1957, 2873], [1957, 2875], [1959, 2877], [1959, 2878], [1961, 2880], [1961, 2886], [1967, 2886], [1967, 2880], [1971, 2877], [1975, 2877], [1977, 2875], [1980, 2875], [1982, 2873], [1994, 2873], [1996, 2875], [2038, 2875], [2040, 2877], [2042, 2875], [2048, 2875], [2050, 2873], [2085, 2873], [2087, 2875], [2089, 2873], [2109, 2873], [2111, 2871], [2117, 2871], [2119, 2873], [2121, 2871], [2150, 2871], [2152, 2873], [2154, 2873], [2156, 2871], [2158, 2871], [2160, 2873], [2172, 2873], [2174, 2871], [2178, 2871], [2180, 2873], [2184, 2873], [2186, 2871], [2196, 2871], [2198, 2873], [2202, 2873], [2204, 2871], [2208, 2871], [2210, 2873], [2255, 2873], [2257, 2875], [2277, 2875], [2279, 2873], [2304, 2873], [2306, 2875], [2312, 2875], [2314, 2873], [2318, 2873], [2320, 2875], [2338, 2875], [2340, 2877], [2352, 2877], [2354, 2878], [2370, 2878], [2372, 2880], [2372, 2886], [2862, 2886], [2862, 2477], [2854, 2477], [2852, 2475], [2850, 2475], [2848, 2473], [2844, 2473], [2842, 2472], [2838, 2472], [2834, 2468], [2834, 2462], [2832, 2460], [2832, 2456], [2830, 2454], [2830, 2452], [2828, 2450], [2828, 2432], [2830, 2430], [2830, 2426], [2832, 2424], [2832, 2414], [2830, 2412], [2830, 2408], [2824, 2402], [2822, 2402], [2820, 2404], [2816, 2404], [2814, 2406], [2808, 2406], [2806, 2408], [2802, 2408], [2800, 2410], [2798, 2410], [2796, 2408], [2792, 2408], [2788, 2404], [2788, 2402], [2785, 2398], [2781, 2398], [2779, 2396], [2775, 2396], [2773, 2394], [2771, 2394], [2769, 2392], [2767, 2392], [2765, 2391], [2761, 2391], [2751, 2381], [2745, 2381], [2743, 2383], [2741, 2383], [2737, 2387], [2735, 2387], [2733, 2389], [2729, 2389], [2727, 2391], [2725, 2391], [2723, 2392], [2721, 2392], [2719, 2394], [2713, 2394], [2711, 2396], [2704, 2396], [2702, 2398], [2700, 2398], [2698, 2400], [2696, 2400], [2688, 2408], [2686, 2408], [2682, 2412], [2680, 2412], [2674, 2418], [2648, 2418], [2646, 2416], [2634, 2416], [2632, 2414], [2628, 2414], [2626, 2412], [2621, 2412], [2619, 2410], [2609, 2410], [2607, 2408], [2593, 2408], [2591, 2406], [2585, 2406], [2583, 2404], [2581, 2404], [2579, 2402], [2577, 2402], [2575, 2400], [2569, 2400], [2567, 2398], [2565, 2398], [2561, 2394], [2559, 2394], [2557, 2392], [2553, 2392], [2551, 2391], [2549, 2391], [2545, 2387], [2543, 2387], [2542, 2385], [2538, 2385], [2534, 2381], [2530, 2381], [2528, 2379], [2524, 2379], [2522, 2377], [2520, 2377], [2518, 2375], [2514, 2375], [2512, 2373], [2510, 2373], [2508, 2371], [2504, 2371], [2502, 2369], [2500, 2369], [2498, 2367], [2494, 2367], [2492, 2365], [2490, 2365], [2488, 2363], [2486, 2363], [2484, 2361], [2478, 2361], [2476, 2359], [2472, 2359], [2470, 2357], [2466, 2357], [2464, 2355], [2461, 2355], [2459, 2353], [2453, 2353], [2451, 2351], [2449, 2351], [2447, 2349], [2447, 2343], [2332, 2343], [2332, 2349], [2330, 2351], [2328, 2351], [2326, 2353], [2322, 2353], [2320, 2355], [2316, 2355], [2314, 2357], [2312, 2357], [2310, 2359], [2306, 2359], [2304, 2361], [2302, 2361], [2301, 2363], [2297, 2363], [2295, 2365], [2293, 2365], [2291, 2367], [2289, 2367], [2287, 2369], [2281, 2369], [2279, 2371], [2275, 2371], [2273, 2373], [2271, 2373], [2269, 2375], [2265, 2375], [2263, 2377], [2261, 2377], [2259, 2379], [2255, 2379], [2253, 2381], [2251, 2381], [2249, 2383], [2243, 2383], [2241, 2385], [2237, 2385], [2235, 2387], [2231, 2387], [2229, 2389], [2227, 2389], [2225, 2391], [2223, 2391], [2221, 2392], [2220, 2392], [2218, 2394], [2216, 2394], [2212, 2398], [2208, 2398], [2206, 2400], [2204, 2400], [2200, 2404], [2198, 2404], [2196, 2406], [2192, 2406], [2190, 2408], [2188, 2408], [2186, 2410], [2184, 2410], [2182, 2412], [2180, 2412], [2178, 2414], [2174, 2414], [2172, 2416], [2166, 2416], [2164, 2418], [2150, 2418], [2148, 2416], [2144, 2416], [2142, 2414], [2140, 2414], [2139, 2412], [2137, 2412], [2135, 2410], [2133, 2410], [2129, 2406], [2127, 2406], [2119, 2398], [2119, 2396], [2115, 2392], [2115, 2391], [2111, 2387], [2109, 2387], [2103, 2381], [2101, 2381], [2099, 2379], [2097, 2379], [2093, 2375], [2089, 2375], [2087, 2373], [2083, 2373], [2081, 2371], [2079, 2371], [2077, 2369], [2073, 2369], [2071, 2367], [2061, 2367], [2059, 2365], [2044, 2365], [2042, 2363], [2022, 2363], [2020, 2365], [2014, 2365], [2012, 2367], [2006, 2367], [2004, 2369], [2002, 2369], [2000, 2371], [1998, 2371], [1996, 2373], [1992, 2373], [1990, 2375], [1988, 2375], [1986, 2377], [1980, 2377], [1978, 2379], [1975, 2379], [1973, 2381], [1971, 2381], [1969, 2383], [1967, 2383], [1961, 2389], [1959, 2389], [1955, 2392], [1953, 2392], [1953, 2394], [1949, 2398], [1949, 2404], [1945, 2408], [1939, 2408]]",0.94,ASOK_AMA001.jpg,ASOK_AMA001,Andhra Pradesh,Āndhradeśa,Amarāvatī,Balustrade avec médaillons lotiformes,1 A.D. ; 2 A.D. ; 3 A.D.,Stūpa ; balustrade ; pilier,bouddhisme,The British Museum,Maronet Léa
ASOK_AND015_lotus_8088.png,lotus,"[[705, 1824], [705, 1998], [718, 1998], [725, 2005], [728, 2005], [742, 2019], [746, 2019], [752, 2026], [756, 2026], [759, 2029], [766, 2029], [770, 2033], [773, 2033], [776, 2036], [780, 2036], [783, 2039], [790, 2039], [793, 2043], [804, 2043], [807, 2046], [814, 2046], [817, 2050], [817, 2060], [872, 2060], [872, 2050], [879, 2043], [886, 2043], [893, 2036], [896, 2036], [906, 2026], [910, 2026], [947, 1988], [947, 1985], [954, 1978], [954, 1974], [958, 1971], [958, 1968], [961, 1964], [961, 1957], [964, 1954], [964, 1947], [968, 1944], [968, 1933], [971, 1930], [971, 1920], [975, 1916], [975, 1913], [978, 1909], [988, 1909], [988, 1865], [978, 1865], [971, 1858], [971, 1848], [968, 1845], [968, 1841], [961, 1834], [958, 1834], [947, 1824], [947, 1821], [930, 1803], [930, 1790], [742, 1790], [742, 1800], [735, 1807], [735, 1810], [725, 1821], [722, 1821], [718, 1824], [705, 1824]]",0.86,ASOK_AND015.JPG,ASOK_AND015,Andhra Pradesh,Āndhradeśa,Uppugundur,Stūpa,2 A.D. ; 3 A.D.,Stūpa ; panneau,bouddhisme,Telangana State Archaeology Museum,Maronet Léa
ASOK_AND015_lotus_8089.png,lotus,"[[1060, 1848], [1060, 1974], [1074, 1974], [1077, 1978], [1077, 1981], [1105, 2009], [1108, 2009], [1118, 2019], [1122, 2019], [1129, 2026], [1132, 2026], [1135, 2029], [1139, 2029], [1142, 2033], [1156, 2033], [1159, 2036], [1166, 2036], [1170, 2039], [1180, 2039], [1183, 2043], [1228, 2043], [1231, 2039], [1238, 2039], [1245, 2033], [1248, 2033], [1252, 2029], [1259, 2029], [1265, 2022], [1269, 2022], [1289, 2002], [1289, 1998], [1296, 1992], [1296, 1985], [1300, 1981], [1300, 1978], [1303, 1974], [1303, 1971], [1306, 1968], [1306, 1964], [1310, 1961], [1310, 1954], [1313, 1951], [1313, 1940], [1317, 1937], [1317, 1927], [1320, 1923], [1330, 1923], [1330, 1872], [1320, 1872], [1317, 1868], [1317, 1865], [1313, 1862], [1313, 1855], [1306, 1848], [1306, 1845], [1300, 1838], [1300, 1834], [1279, 1814], [1279, 1803], [1105, 1803], [1105, 1817], [1074, 1848], [1060, 1848]]",0.93,ASOK_AND015.JPG,ASOK_AND015,Andhra Pradesh,Āndhradeśa,Uppugundur,Stūpa,2 A.D. ; 3 A.D.,Stūpa ; panneau,bouddhisme,Telangana State Archaeology Museum,Maronet Léa
ASOK_AND015_lotus_8090.png,lotus,"[[1840, 1865], [1840, 2022], [1850, 2022], [1854, 2026], [1854, 2029], [1860, 2036], [1860, 2039], [1864, 2043], [1867, 2043], [1874, 2050], [1878, 2050], [1881, 2053], [1884, 2053], [1888, 2056], [1891, 2056], [1895, 2060], [1902, 2060], [1905, 2063], [1908, 2063], [1912, 2067], [1919, 2067], [1922, 2070], [1929, 2070], [1932, 2074], [1936, 2074], [1939, 2077], [1939, 2087], [2014, 2087], [2014, 2077], [2021, 2070], [2025, 2070], [2028, 2067], [2031, 2067], [2038, 2060], [2042, 2060], [2066, 2036], [2066, 2033], [2096, 2002], [2096, 1998], [2100, 1995], [2100, 1988], [2103, 1985], [2103, 1978], [2107, 1974], [2107, 1968], [2110, 1964], [2110, 1957], [2114, 1954], [2124, 1954], [2124, 1831], [2114, 1831], [2110, 1827], [2110, 1803], [1905, 1803], [1905, 1814], [1888, 1831], [1884, 1831], [1867, 1848], [1864, 1848], [1864, 1851], [1850, 1865], [1840, 1865]]",0.65,ASOK_AND015.JPG,ASOK_AND015,Andhra Pradesh,Āndhradeśa,Uppugundur,Stūpa,2 A.D. ; 3 A.D.,Stūpa ; panneau,bouddhisme,Telangana State Archaeology Museum,Maronet Léa
ASOK_AND015_lotus_8091.png,lotus,"[[3933, 1862], [3933, 2012], [3943, 2012], [3977, 2046], [3981, 2046], [3988, 2053], [3991, 2053], [3995, 2056], [3998, 2056], [4001, 2060], [4008, 2060], [4012, 2063], [4015, 2063], [4018, 2067], [4025, 2067], [4029, 2070], [4039, 2070], [4042, 2074], [4046, 2074], [4049, 2077], [4049, 2087], [4125, 2087], [4125, 2077], [4142, 2060], [4142, 2056], [4155, 2043], [4155, 2039], [4162, 2033], [4162, 2029], [4169, 2022], [4169, 2019], [4172, 2015], [4172, 2009], [4176, 2005], [4176, 1998], [4179, 1995], [4179, 1992], [4183, 1988], [4183, 1981], [4186, 1978], [4186, 1968], [4190, 1964], [4190, 1954], [4193, 1951], [4203, 1951], [4203, 1927], [4193, 1927], [4190, 1923], [4190, 1906], [4186, 1903], [4186, 1882], [4183, 1879], [4183, 1868], [4179, 1865], [4179, 1858], [4176, 1855], [4176, 1848], [4172, 1845], [4172, 1841], [4169, 1838], [4169, 1834], [4166, 1831], [4166, 1817], [3981, 1817], [3981, 1827], [3971, 1838], [3971, 1841], [3960, 1851], [3957, 1851], [3947, 1862], [3933, 1862]]",0.95,ASOK_AND015.JPG,ASOK_AND015,Andhra Pradesh,Āndhradeśa,Uppugundur,Stūpa,2 A.D. ; 3 A.D.,Stūpa ; panneau,bouddhisme,Telangana State Archaeology Museum,Maronet Léa
ASOK_AND015_lotus_8092.png,lotus,"[[3194, 1896], [3194, 2046], [3205, 2046], [3218, 2060], [3222, 2060], [3235, 2074], [3239, 2074], [3242, 2077], [3246, 2077], [3249, 2080], [3252, 2080], [3256, 2084], [3263, 2084], [3266, 2087], [3273, 2087], [3276, 2091], [3283, 2091], [3287, 2094], [3297, 2094], [3300, 2098], [3317, 2098], [3321, 2101], [3345, 2101], [3348, 2098], [3355, 2098], [3358, 2094], [3362, 2094], [3365, 2091], [3369, 2091], [3379, 2080], [3382, 2080], [3393, 2070], [3396, 2070], [3420, 2046], [3420, 2043], [3423, 2039], [3423, 2036], [3427, 2033], [3427, 2029], [3430, 2026], [3430, 2022], [3434, 2019], [3434, 2002], [3437, 1998], [3437, 1916], [3434, 1913], [3434, 1896], [3430, 1892], [3430, 1886], [3427, 1882], [3427, 1879], [3420, 1872], [3420, 1868], [3393, 1841], [3393, 1831], [3249, 1831], [3249, 1841], [3239, 1851], [3235, 1851], [3235, 1855], [3225, 1865], [3225, 1868], [3218, 1875], [3218, 1879], [3211, 1886], [3211, 1889], [3205, 1896], [3194, 1896]]",0.94,ASOK_AND015.JPG,ASOK_AND015,Andhra Pradesh,Āndhradeśa,Uppugundur,Stūpa,2 A.D. ; 3 A.D.,Stūpa ; panneau,bouddhisme,Telangana State Archaeology Museum,Maronet Léa
ASOK_AND015_lotus_8093.png,lotus,"[[4289, 1855], [4289, 2015], [4299, 2015], [4302, 2019], [4306, 2019], [4323, 2036], [4326, 2036], [4343, 2053], [4347, 2053], [4350, 2056], [4354, 2056], [4357, 2060], [4360, 2060], [4367, 2067], [4371, 2067], [4374, 2070], [4381, 2070], [4388, 2077], [4388, 2087], [4432, 2087], [4432, 2077], [4436, 2074], [4439, 2074], [4443, 2070], [4446, 2070], [4449, 2067], [4453, 2067], [4456, 2063], [4460, 2063], [4463, 2060], [4467, 2060], [4473, 2053], [4477, 2053], [4480, 2050], [4480, 2046], [4504, 2022], [4508, 2022], [4511, 2019], [4511, 2015], [4518, 2009], [4518, 2002], [4521, 1998], [4521, 1988], [4525, 1985], [4525, 1974], [4528, 1971], [4528, 1909], [4525, 1906], [4525, 1899], [4521, 1896], [4521, 1892], [4514, 1886], [4514, 1879], [4508, 1872], [4508, 1868], [4504, 1865], [4504, 1862], [4501, 1858], [4501, 1855], [4497, 1851], [4497, 1848], [4490, 1841], [4490, 1831], [4313, 1831], [4313, 1845], [4302, 1855], [4289, 1855]]",0.7,ASOK_AND015.JPG,ASOK_AND015,Andhra Pradesh,Āndhradeśa,Uppugundur,Stūpa,2 A.D. ; 3 A.D.,Stūpa ; panneau,bouddhisme,Telangana State Archaeology Museum,Maronet Léa
ASOK_AND015_lotus_8094.png,lotus,"[[1060, 2159], [1060, 2306], [1074, 2306], [1077, 2309], [1077, 2313], [1081, 2316], [1084, 2316], [1098, 2330], [1101, 2330], [1118, 2347], [1122, 2347], [1129, 2354], [1132, 2354], [1135, 2357], [1139, 2357], [1146, 2364], [1146, 2374], [1228, 2374], [1228, 2364], [1231, 2361], [1235, 2361], [1238, 2357], [1245, 2357], [1248, 2354], [1252, 2354], [1262, 2344], [1265, 2344], [1279, 2330], [1279, 2327], [1282, 2323], [1282, 2320], [1286, 2316], [1286, 2313], [1289, 2309], [1289, 2306], [1293, 2303], [1293, 2292], [1296, 2289], [1296, 2282], [1300, 2279], [1300, 2268], [1303, 2265], [1303, 2262], [1306, 2258], [1317, 2258], [1317, 2173], [1306, 2173], [1300, 2166], [1300, 2159], [1293, 2152], [1293, 2149], [1286, 2142], [1286, 2139], [1282, 2135], [1282, 2132], [1272, 2121], [1272, 2118], [1269, 2115], [1269, 2111], [1272, 2108], [1272, 2091], [1108, 2091], [1108, 2104], [1101, 2111], [1101, 2115], [1091, 2125], [1091, 2128], [1088, 2132], [1088, 2135], [1081, 2142], [1081, 2145], [1077, 2149], [1077, 2152], [1070, 2159], [1060, 2159]]",0.8,ASOK_AND015.JPG,ASOK_AND015,Andhra Pradesh,Āndhradeśa,Uppugundur,Stūpa,2 A.D. ; 3 A.D.,Stūpa ; panneau,bouddhisme,Telangana State Archaeology Museum,Maronet Léa
ASOK_AND015_lotus_8095.png,lotus,"[[1840, 2156], [1840, 2313], [1850, 2313], [1857, 2320], [1857, 2323], [1860, 2327], [1860, 2330], [1878, 2347], [1881, 2347], [1888, 2354], [1891, 2354], [1895, 2357], [1898, 2357], [1902, 2361], [1905, 2361], [1908, 2364], [1912, 2364], [1915, 2368], [1919, 2368], [1922, 2371], [1932, 2371], [1936, 2374], [1943, 2374], [1946, 2378], [1949, 2378], [1953, 2381], [1956, 2381], [1960, 2385], [1987, 2385], [1990, 2388], [2004, 2388], [2008, 2385], [2021, 2385], [2025, 2381], [2025, 2378], [2076, 2327], [2076, 2323], [2079, 2320], [2079, 2316], [2086, 2309], [2086, 2306], [2090, 2303], [2090, 2299], [2093, 2296], [2093, 2289], [2096, 2286], [2096, 2282], [2100, 2279], [2110, 2279], [2110, 2197], [2100, 2197], [2096, 2193], [2096, 2186], [2093, 2183], [2093, 2169], [2090, 2166], [2090, 2159], [2083, 2152], [2083, 2149], [2073, 2139], [2073, 2135], [2066, 2128], [2066, 2125], [2059, 2118], [2059, 2104], [1891, 2104], [1891, 2115], [1881, 2125], [1881, 2128], [1860, 2149], [1857, 2149], [1850, 2156], [1840, 2156]]",0.92,ASOK_AND015.JPG,ASOK_AND015,Andhra Pradesh,Āndhradeśa,Uppugundur,Stūpa,2 A.D. ; 3 A.D.,Stūpa ; panneau,bouddhisme,Telangana State Archaeology Museum,Maronet Léa
ASOK_AND015_lotus_8096.png,lotus,"[[3960, 2159], [3960, 2316], [3971, 2316], [3991, 2337], [3991, 2340], [3995, 2344], [3998, 2344], [4008, 2354], [4012, 2354], [4015, 2357], [4018, 2357], [4022, 2361], [4025, 2361], [4029, 2364], [4032, 2364], [4036, 2368], [4039, 2368], [4042, 2371], [4053, 2371], [4056, 2374], [4063, 2374], [4066, 2378], [4070, 2378], [4073, 2381], [4077, 2381], [4080, 2385], [4087, 2385], [4090, 2388], [4094, 2388], [4097, 2392], [4097, 2402], [4111, 2402], [4111, 2392], [4114, 2388], [4118, 2388], [4179, 2327], [4179, 2323], [4183, 2320], [4183, 2316], [4186, 2313], [4186, 2309], [4190, 2306], [4190, 2299], [4193, 2296], [4193, 2289], [4196, 2286], [4196, 2272], [4200, 2268], [4200, 2193], [4196, 2190], [4196, 2183], [4190, 2176], [4190, 2173], [4186, 2169], [4186, 2166], [4172, 2152], [4172, 2149], [4162, 2139], [4162, 2135], [4159, 2132], [4159, 2118], [3998, 2118], [3998, 2132], [3971, 2159], [3960, 2159]]",0.92,ASOK_AND015.JPG,ASOK_AND015,Andhra Pradesh,Āndhradeśa,Uppugundur,Stūpa,2 A.D. ; 3 A.D.,Stūpa ; panneau,bouddhisme,Telangana State Archaeology Museum,Maronet Léa
ASOK_AND015_lotus_8097.png,lotus,"[[3194, 2173], [3194, 2347], [3208, 2347], [3235, 2374], [3239, 2374], [3246, 2381], [3249, 2381], [3252, 2385], [3256, 2385], [3259, 2388], [3263, 2388], [3270, 2395], [3273, 2395], [3276, 2398], [3280, 2398], [3283, 2402], [3290, 2402], [3297, 2409], [3304, 2409], [3307, 2412], [3314, 2412], [3317, 2415], [3324, 2415], [3328, 2419], [3328, 2429], [3386, 2429], [3386, 2419], [3403, 2402], [3403, 2398], [3413, 2388], [3413, 2385], [3417, 2381], [3417, 2378], [3420, 2374], [3420, 2371], [3423, 2368], [3423, 2364], [3427, 2361], [3427, 2357], [3430, 2354], [3430, 2347], [3434, 2344], [3434, 2337], [3437, 2333], [3437, 2327], [3441, 2323], [3441, 2320], [3444, 2316], [3444, 2309], [3447, 2306], [3447, 2231], [3444, 2227], [3444, 2221], [3441, 2217], [3441, 2207], [3437, 2204], [3437, 2197], [3434, 2193], [3434, 2190], [3430, 2186], [3430, 2183], [3413, 2166], [3413, 2162], [3410, 2159], [3410, 2156], [3406, 2152], [3406, 2132], [3235, 2132], [3235, 2142], [3228, 2149], [3228, 2152], [3208, 2173], [3194, 2173]]",0.94,ASOK_AND015.JPG,ASOK_AND015,Andhra Pradesh,Āndhradeśa,Uppugundur,Stūpa,2 A.D. ; 3 A.D.,Stūpa ; panneau,bouddhisme,Telangana State Archaeology Museum,Maronet Léa
ASOK_AND015_lotus_8098.png,lotus,"[[1826, 2487], [1826, 2621], [1837, 2621], [1843, 2627], [1843, 2631], [1847, 2634], [1847, 2638], [1850, 2641], [1850, 2645], [1857, 2651], [1857, 2658], [1864, 2665], [1864, 2668], [1874, 2679], [1878, 2679], [1884, 2686], [1888, 2686], [1891, 2689], [1895, 2689], [1902, 2696], [1905, 2696], [1908, 2699], [1912, 2699], [1915, 2703], [1919, 2703], [1936, 2720], [1936, 2730], [2031, 2730], [2031, 2720], [2018, 2706], [2025, 2699], [2028, 2699], [2031, 2696], [2038, 2696], [2049, 2686], [2052, 2686], [2066, 2672], [2066, 2668], [2076, 2658], [2076, 2655], [2079, 2651], [2079, 2645], [2083, 2641], [2083, 2634], [2086, 2631], [2086, 2627], [2090, 2624], [2090, 2617], [2093, 2614], [2093, 2600], [2096, 2597], [2096, 2580], [2100, 2576], [2110, 2576], [2110, 2419], [2100, 2419], [2096, 2415], [2096, 2405], [1898, 2405], [1898, 2419], [1891, 2426], [1891, 2429], [1867, 2453], [1867, 2457], [1837, 2487], [1826, 2487]]",0.84,ASOK_AND015.JPG,ASOK_AND015,Andhra Pradesh,Āndhradeśa,Uppugundur,Stūpa,2 A.D. ; 3 A.D.,Stūpa ; panneau,bouddhisme,Telangana State Archaeology Museum,Maronet Léa
ASOK_AND015_lotus_8099.png,lotus,"[[3194, 2508], [3194, 2638], [3205, 2638], [3222, 2655], [3222, 2658], [3242, 2679], [3246, 2679], [3252, 2686], [3256, 2686], [3263, 2692], [3266, 2692], [3270, 2696], [3273, 2696], [3280, 2703], [3283, 2703], [3287, 2706], [3290, 2706], [3293, 2710], [3297, 2710], [3300, 2713], [3307, 2713], [3311, 2716], [3321, 2716], [3324, 2720], [3331, 2720], [3334, 2723], [3341, 2723], [3345, 2727], [3362, 2727], [3365, 2730], [3372, 2730], [3376, 2733], [3376, 2744], [3410, 2744], [3410, 2733], [3417, 2727], [3417, 2723], [3423, 2716], [3423, 2713], [3427, 2710], [3427, 2699], [3430, 2696], [3430, 2682], [3434, 2679], [3434, 2668], [3437, 2665], [3437, 2662], [3441, 2658], [3441, 2655], [3444, 2651], [3444, 2648], [3447, 2645], [3447, 2638], [3451, 2634], [3451, 2631], [3454, 2627], [3464, 2627], [3464, 2511], [3454, 2511], [3447, 2504], [3447, 2498], [3441, 2491], [3441, 2487], [3420, 2467], [3420, 2463], [3413, 2457], [3413, 2446], [3256, 2446], [3256, 2460], [3252, 2463], [3249, 2463], [3235, 2477], [3235, 2480], [3222, 2494], [3222, 2498], [3218, 2501], [3215, 2501], [3208, 2508], [3194, 2508]]",0.92,ASOK_AND015.JPG,ASOK_AND015,Andhra Pradesh,Āndhradeśa,Uppugundur,Stūpa,2 A.D. ; 3 A.D.,Stūpa ; panneau,bouddhisme,Telangana State Archaeology Museum,Maronet Léa
ASOK_KAN121_lotus_8102.png,lotus,"[[257, 309], [257, 461], [260, 461], [261, 463], [263, 466], [264, 466], [266, 467], [266, 470], [308, 470], [308, 467], [310, 465], [311, 465], [323, 453], [323, 452], [326, 449], [330, 444], [333, 444], [334, 443], [335, 444], [337, 444], [338, 445], [340, 445], [341, 446], [342, 446], [343, 446], [344, 446], [345, 447], [346, 447], [347, 448], [348, 448], [349, 449], [351, 449], [352, 449], [354, 449], [355, 450], [359, 450], [360, 451], [364, 451], [364, 452], [367, 452], [367, 453], [372, 453], [373, 453], [387, 453], [388, 453], [391, 453], [392, 452], [394, 452], [395, 451], [396, 451], [397, 450], [400, 450], [401, 449], [409, 449], [414, 449], [415, 448], [419, 448], [419, 447], [423, 447], [423, 446], [425, 446], [426, 446], [427, 446], [428, 445], [430, 445], [430, 444], [432, 444], [433, 443], [434, 443], [435, 442], [436, 442], [437, 441], [439, 441], [440, 440], [441, 439], [443, 439], [445, 439], [446, 438], [448, 438], [449, 437], [450, 437], [450, 436], [455, 436], [457, 438], [460, 440], [460, 441], [461, 442], [461, 443], [461, 444], [468, 450], [470, 452], [471, 452], [472, 453], [473, 453], [474, 454], [475, 454], [475, 455], [476, 455], [477, 456], [479, 456], [480, 456], [482, 456], [483, 457], [492, 457], [492, 458], [493, 457], [499, 457], [499, 456], [502, 456], [504, 456], [505, 455], [506, 455], [506, 454], [507, 454], [508, 453], [509, 453], [510, 452], [511, 452], [512, 451], [513, 451], [515, 449], [516, 449], [517, 447], [518, 447], [521, 444], [521, 443], [523, 442], [523, 439], [523, 436], [524, 435], [527, 435], [527, 416], [524, 416], [523, 415], [523, 408], [524, 408], [527, 408], [527, 309], [312, 309], [312, 311], [311, 312], [308, 312], [308, 313], [303, 313], [302, 314], [298, 314], [292, 314], [291, 315], [282, 315], [281, 316], [279, 316], [278, 315], [268, 315], [266, 313], [265, 313], [263, 311], [263, 309], [257, 309]]",0.91,ASOK_KAN121.jpg,ASOK_KAN121,Karnataka,Āndhradeśa,Kaṇagaṇahaḷḷi,Médaillon et demi-médaillons lotiformes,1 B.C. ; 1 A.D. ; 2 A.D. ; 3 A.D. ,Stūpa ; panneau,bouddhisme,In situ, Luczanits Christian
ASOK_KAN121_lotus_8103.png,lotus,"[[263, 507], [263, 709], [266, 709], [267, 709], [267, 715], [267, 716], [267, 742], [268, 743], [268, 751], [269, 751], [269, 756], [270, 757], [270, 770], [270, 771], [270, 774], [271, 775], [271, 777], [273, 779], [284, 779], [285, 779], [288, 779], [289, 780], [293, 780], [294, 781], [296, 781], [297, 782], [310, 782], [311, 781], [314, 781], [315, 780], [316, 780], [317, 779], [319, 779], [321, 779], [322, 778], [323, 777], [324, 777], [325, 776], [326, 776], [327, 775], [328, 775], [329, 774], [331, 772], [332, 772], [333, 771], [334, 771], [338, 767], [339, 767], [341, 765], [343, 765], [343, 764], [347, 764], [348, 765], [349, 765], [350, 765], [351, 766], [353, 766], [353, 767], [354, 767], [355, 768], [357, 768], [359, 768], [360, 769], [361, 769], [362, 770], [364, 770], [364, 771], [366, 771], [367, 772], [368, 772], [369, 772], [372, 772], [373, 773], [375, 773], [376, 774], [380, 774], [381, 775], [385, 775], [386, 775], [391, 775], [392, 776], [398, 776], [398, 775], [402, 775], [403, 775], [405, 775], [405, 774], [409, 774], [410, 773], [416, 773], [416, 772], [423, 772], [427, 772], [428, 771], [430, 771], [431, 770], [433, 770], [434, 769], [436, 769], [437, 768], [438, 768], [440, 768], [440, 767], [442, 767], [443, 766], [444, 766], [445, 765], [446, 765], [447, 765], [448, 765], [449, 764], [450, 764], [451, 763], [454, 763], [454, 762], [457, 762], [464, 762], [466, 763], [467, 763], [472, 768], [473, 768], [475, 770], [476, 771], [477, 771], [478, 772], [479, 772], [481, 772], [482, 773], [484, 773], [485, 774], [486, 774], [487, 775], [490, 775], [491, 775], [505, 775], [506, 775], [509, 775], [510, 774], [514, 774], [515, 773], [517, 773], [518, 772], [520, 772], [521, 772], [522, 772], [523, 771], [524, 771], [525, 770], [526, 770], [527, 769], [530, 767], [534, 764], [534, 763], [534, 762], [535, 761], [535, 757], [536, 756], [536, 748], [537, 748], [539, 748], [539, 604], [537, 604], [536, 603], [536, 602], [535, 601], [535, 587], [534, 586], [534, 578], [534, 577], [534, 574], [533, 573], [533, 566], [532, 565], [532, 561], [531, 560], [531, 554], [530, 553], [530, 526], [530, 522], [529, 522], [529, 519], [528, 518], [528, 516], [527, 515], [527, 514], [527, 513], [526, 512], [523, 508], [520, 505], [519, 505], [518, 505], [516, 502], [515, 502], [514, 501], [513, 501], [512, 501], [511, 500], [509, 500], [509, 499], [506, 499], [506, 498], [503, 498], [502, 498], [502, 495], [486, 495], [486, 498], [485, 498], [484, 498], [483, 499], [481, 499], [480, 500], [478, 500], [477, 501], [476, 501], [475, 501], [474, 502], [473, 502], [472, 503], [471, 503], [468, 506], [464, 510], [463, 510], [461, 512], [460, 512], [459, 512], [453, 512], [452, 512], [450, 512], [449, 511], [448, 511], [447, 510], [446, 509], [445, 509], [444, 508], [443, 508], [442, 508], [440, 508], [440, 507], [437, 507], [437, 506], [435, 506], [434, 505], [430, 505], [429, 505], [425, 505], [424, 504], [422, 504], [421, 503], [418, 503], [417, 502], [415, 502], [414, 501], [410, 501], [409, 501], [392, 501], [391, 501], [387, 501], [386, 502], [377, 502], [376, 503], [373, 503], [372, 504], [371, 504], [370, 505], [367, 505], [363, 505], [362, 506], [360, 506], [359, 507], [357, 507], [357, 508], [355, 508], [354, 508], [353, 508], [351, 510], [350, 510], [350, 511], [349, 511], [348, 512], [347, 512], [346, 513], [345, 513], [344, 514], [343, 514], [343, 515], [342, 515], [341, 515], [339, 515], [339, 516], [336, 516], [336, 517], [333, 517], [332, 516], [331, 516], [329, 514], [328, 514], [326, 512], [325, 512], [324, 512], [323, 511], [322, 511], [321, 509], [320, 509], [319, 508], [317, 507], [316, 507], [315, 506], [314, 505], [313, 505], [312, 505], [311, 505], [310, 504], [309, 504], [308, 503], [307, 503], [306, 502], [304, 502], [303, 501], [298, 501], [297, 501], [294, 501], [293, 501], [287, 501], [287, 502], [284, 502], [283, 503], [280, 503], [280, 504], [278, 504], [277, 505], [275, 505], [274, 505], [271, 505], [270, 506], [267, 506], [266, 507], [263, 507]]",0.94,ASOK_KAN121.jpg,ASOK_KAN121,Karnataka,Āndhradeśa,Kaṇagaṇahaḷḷi,Médaillon et demi-médaillons lotiformes,1 B.C. ; 1 A.D. ; 2 A.D. ; 3 A.D. ,Stūpa ; panneau,bouddhisme,In situ, Luczanits Christian
ASOK_KAN121_lotus_8104.png,lotus,"[[276, 824], [276, 963], [545, 963], [545, 906], [543, 906], [542, 905], [542, 902], [541, 901], [541, 898], [542, 897], [543, 896], [545, 896], [545, 859], [543, 859], [542, 858], [542, 857], [541, 856], [541, 854], [541, 853], [541, 851], [540, 850], [540, 846], [539, 845], [539, 841], [538, 840], [538, 838], [537, 837], [537, 836], [537, 835], [537, 834], [536, 834], [536, 833], [535, 832], [535, 831], [530, 826], [530, 825], [528, 824], [527, 824], [525, 821], [524, 821], [523, 820], [522, 820], [520, 817], [520, 815], [487, 815], [487, 817], [485, 819], [484, 820], [483, 820], [482, 820], [471, 831], [470, 831], [468, 833], [461, 833], [460, 832], [457, 832], [457, 831], [454, 831], [450, 831], [450, 830], [447, 830], [447, 829], [444, 829], [443, 828], [442, 828], [441, 827], [439, 827], [438, 827], [436, 827], [435, 826], [431, 826], [430, 825], [426, 825], [425, 824], [418, 824], [417, 824], [413, 824], [412, 823], [409, 823], [408, 822], [404, 822], [403, 821], [392, 821], [391, 822], [389, 822], [388, 821], [387, 821], [386, 822], [381, 822], [381, 823], [379, 823], [378, 824], [377, 824], [376, 824], [374, 824], [374, 825], [372, 825], [371, 826], [370, 827], [369, 827], [368, 827], [367, 827], [367, 828], [365, 828], [364, 829], [363, 829], [362, 830], [360, 830], [360, 831], [350, 831], [350, 830], [349, 830], [348, 829], [347, 829], [346, 828], [345, 827], [344, 827], [343, 826], [342, 826], [340, 824], [339, 824], [338, 824], [336, 822], [335, 822], [334, 821], [332, 821], [332, 820], [331, 820], [330, 820], [329, 820], [329, 819], [328, 819], [327, 818], [326, 818], [326, 817], [326, 815], [291, 815], [291, 817], [291, 818], [290, 818], [289, 819], [288, 819], [287, 820], [286, 820], [285, 820], [284, 820], [284, 821], [283, 821], [282, 822], [281, 822], [280, 823], [279, 823], [278, 824], [276, 824]]",0.92,ASOK_KAN121.jpg,ASOK_KAN121,Karnataka,Āndhradeśa,Kaṇagaṇahaḷḷi,Médaillon et demi-médaillons lotiformes,1 B.C. ; 1 A.D. ; 2 A.D. ; 3 A.D. ,Stūpa ; panneau,bouddhisme,In situ, Luczanits Christian
ASOK_AND017_lion_8164.png,lion,"[[285, 3215], [285, 3273], [296, 3273], [299, 3276], [299, 3300], [303, 3304], [299, 3307], [299, 3317], [303, 3321], [303, 3403], [306, 3406], [306, 3444], [309, 3447], [309, 3464], [313, 3468], [313, 3482], [316, 3485], [316, 3495], [320, 3499], [320, 3512], [323, 3516], [323, 3529], [327, 3533], [327, 3540], [330, 3543], [330, 3550], [333, 3553], [333, 3564], [337, 3567], [337, 3577], [340, 3581], [340, 3591], [344, 3594], [344, 3618], [347, 3622], [347, 3642], [344, 3646], [344, 3704], [340, 3707], [340, 3731], [337, 3735], [337, 3752], [333, 3755], [333, 3765], [330, 3769], [330, 3779], [327, 3783], [327, 3793], [323, 3796], [323, 3806], [320, 3810], [320, 3827], [316, 3830], [316, 3844], [320, 3848], [320, 3882], [323, 3885], [323, 3906], [327, 3909], [327, 3923], [330, 3926], [330, 3936], [333, 3940], [333, 3947], [337, 3950], [337, 3957], [340, 3960], [340, 3964], [344, 3967], [347, 3967], [350, 3971], [357, 3971], [361, 3974], [395, 3974], [398, 3977], [419, 3977], [422, 3981], [446, 3981], [450, 3977], [491, 3977], [494, 3974], [528, 3974], [532, 3971], [569, 3971], [573, 3967], [583, 3967], [586, 3964], [590, 3964], [593, 3960], [597, 3960], [597, 3957], [600, 3954], [600, 3940], [603, 3936], [603, 3923], [600, 3919], [600, 3899], [597, 3895], [597, 3885], [593, 3882], [593, 3878], [590, 3875], [590, 3871], [586, 3868], [586, 3865], [583, 3861], [583, 3858], [580, 3854], [580, 3851], [576, 3848], [576, 3844], [573, 3841], [573, 3837], [569, 3834], [569, 3830], [566, 3827], [566, 3824], [562, 3820], [562, 3813], [559, 3810], [559, 3803], [556, 3800], [556, 3793], [552, 3789], [552, 3783], [549, 3779], [549, 3772], [545, 3769], [545, 3752], [549, 3748], [549, 3745], [552, 3741], [552, 3738], [556, 3735], [556, 3731], [559, 3728], [559, 3724], [562, 3721], [562, 3718], [566, 3714], [566, 3711], [569, 3707], [569, 3704], [573, 3700], [573, 3694], [576, 3690], [576, 3683], [580, 3680], [580, 3676], [583, 3673], [583, 3663], [586, 3659], [586, 3649], [590, 3646], [590, 3629], [593, 3625], [593, 3605], [597, 3601], [597, 3598], [617, 3577], [621, 3577], [624, 3574], [627, 3574], [631, 3570], [634, 3570], [638, 3567], [641, 3567], [644, 3564], [648, 3564], [651, 3560], [655, 3560], [658, 3557], [662, 3557], [665, 3553], [668, 3553], [672, 3550], [675, 3550], [679, 3547], [685, 3547], [689, 3543], [692, 3543], [696, 3540], [703, 3540], [706, 3536], [709, 3536], [713, 3533], [716, 3533], [720, 3529], [727, 3529], [730, 3526], [733, 3526], [737, 3523], [740, 3523], [744, 3519], [747, 3519], [750, 3516], [757, 3516], [761, 3512], [768, 3512], [771, 3509], [774, 3509], [781, 3502], [788, 3502], [795, 3495], [798, 3495], [802, 3492], [805, 3492], [809, 3488], [812, 3488], [815, 3485], [819, 3485], [826, 3478], [829, 3478], [833, 3475], [836, 3475], [839, 3471], [843, 3471], [846, 3468], [850, 3468], [853, 3464], [856, 3464], [860, 3461], [867, 3461], [870, 3458], [877, 3458], [880, 3454], [887, 3454], [891, 3451], [901, 3451], [904, 3447], [952, 3447], [956, 3451], [966, 3451], [973, 3458], [973, 3461], [980, 3468], [980, 3471], [983, 3475], [983, 3482], [986, 3485], [986, 3499], [990, 3502], [990, 3509], [993, 3512], [993, 3516], [997, 3519], [997, 3523], [1000, 3526], [1000, 3529], [1003, 3533], [1003, 3540], [1007, 3543], [1007, 3547], [1010, 3550], [1010, 3560], [1014, 3564], [1014, 3570], [1017, 3574], [1017, 3584], [1021, 3588], [1021, 3618], [1017, 3622], [1017, 3642], [1021, 3646], [1021, 3680], [1017, 3683], [1017, 3697], [1014, 3700], [1014, 3704], [1010, 3707], [1010, 3711], [1007, 3714], [1007, 3724], [1000, 3731], [1000, 3735], [997, 3738], [997, 3745], [993, 3748], [993, 3752], [990, 3755], [990, 3759], [983, 3765], [983, 3769], [980, 3772], [980, 3776], [976, 3779], [976, 3783], [966, 3793], [966, 3796], [962, 3800], [962, 3810], [959, 3813], [959, 3817], [952, 3824], [952, 3827], [949, 3830], [949, 3834], [945, 3837], [945, 3841], [942, 3844], [928, 3844], [925, 3848], [915, 3848], [897, 3865], [894, 3865], [891, 3868], [887, 3868], [874, 3882], [874, 3885], [867, 3892], [860, 3892], [850, 3902], [846, 3902], [843, 3906], [836, 3906], [833, 3909], [833, 3916], [829, 3919], [829, 3923], [822, 3930], [822, 3933], [819, 3936], [819, 3940], [815, 3943], [805, 3943], [791, 3957], [791, 3960], [795, 3964], [795, 3967], [802, 3974], [815, 3974], [819, 3977], [863, 3977], [867, 3974], [894, 3974], [897, 3977], [911, 3977], [915, 3974], [938, 3974], [942, 3971], [949, 3971], [952, 3967], [993, 3967], [997, 3964], [1003, 3964], [1007, 3960], [1014, 3960], [1017, 3957], [1021, 3957], [1024, 3954], [1034, 3954], [1038, 3950], [1120, 3950], [1123, 3954], [1130, 3954], [1133, 3957], [1140, 3957], [1144, 3960], [1154, 3960], [1157, 3964], [1161, 3964], [1164, 3960], [1171, 3960], [1181, 3971], [1185, 3971], [1188, 3974], [1191, 3974], [1195, 3977], [1198, 3977], [1205, 3984], [1209, 3984], [1212, 3988], [1219, 3988], [1222, 3991], [1229, 3991], [1233, 3995], [1236, 3995], [1243, 4001], [1243, 4012], [1294, 4012], [1294, 4001], [1301, 3995], [1304, 3995], [1308, 3991], [1315, 3991], [1318, 3988], [1321, 3988], [1325, 3984], [1318, 3977], [1311, 3977], [1304, 3971], [1304, 3964], [1308, 3960], [1311, 3960], [1315, 3964], [1325, 3964], [1332, 3957], [1332, 3954], [1328, 3950], [1328, 3947], [1335, 3940], [1342, 3940], [1345, 3943], [1349, 3943], [1352, 3947], [1349, 3950], [1349, 3954], [1345, 3957], [1352, 3957], [1356, 3960], [1393, 3960], [1397, 3964], [1448, 3964], [1451, 3967], [1468, 3967], [1472, 3971], [1479, 3971], [1482, 3974], [1496, 3974], [1499, 3977], [1506, 3977], [1513, 3984], [1516, 3984], [1520, 3988], [1520, 3991], [1527, 3998], [1527, 4012], [1609, 4012], [1609, 3837], [1598, 3837], [1595, 3834], [1595, 3830], [1592, 3827], [1592, 3820], [1581, 3810], [1581, 3796], [1585, 3793], [1585, 3789], [1592, 3783], [1592, 3765], [1588, 3762], [1588, 3759], [1585, 3755], [1585, 3741], [1581, 3738], [1581, 3735], [1578, 3731], [1578, 3718], [1574, 3714], [1574, 3676], [1571, 3673], [1571, 3646], [1568, 3642], [1568, 3598], [1564, 3594], [1564, 3577], [1561, 3574], [1561, 3564], [1557, 3560], [1557, 3557], [1550, 3550], [1550, 3547], [1530, 3526], [1527, 3526], [1520, 3519], [1516, 3519], [1513, 3516], [1509, 3516], [1506, 3512], [1503, 3512], [1499, 3509], [1496, 3509], [1492, 3506], [1489, 3506], [1482, 3499], [1479, 3499], [1455, 3475], [1455, 3471], [1448, 3464], [1448, 3461], [1444, 3458], [1444, 3454], [1441, 3451], [1441, 3444], [1438, 3441], [1438, 3434], [1434, 3430], [1434, 3423], [1431, 3420], [1431, 3413], [1427, 3410], [1427, 3389], [1424, 3386], [1427, 3382], [1427, 3372], [1431, 3369], [1431, 3352], [1434, 3348], [1434, 3317], [1438, 3314], [1438, 3256], [1441, 3252], [1441, 3191], [1438, 3187], [1438, 3184], [1434, 3181], [1434, 3174], [1431, 3170], [1431, 3164], [1427, 3160], [1427, 3153], [1424, 3150], [1424, 3136], [1421, 3133], [1421, 3119], [1417, 3116], [1417, 3105], [1414, 3102], [1414, 3092], [1410, 3088], [1410, 3078], [1407, 3075], [1407, 3064], [1403, 3061], [1403, 3051], [1400, 3047], [1400, 3040], [1393, 3034], [1393, 3030], [1386, 3023], [1386, 3020], [1356, 2989], [1352, 2989], [1332, 2969], [1328, 2969], [1325, 2965], [1321, 2965], [1318, 2962], [1315, 2962], [1311, 2958], [1308, 2958], [1301, 2951], [1297, 2951], [1294, 2948], [1287, 2948], [1284, 2945], [1277, 2945], [1274, 2941], [1267, 2941], [1263, 2938], [1260, 2938], [1256, 2934], [1250, 2934], [1246, 2931], [1243, 2931], [1239, 2928], [1236, 2928], [1233, 2924], [1229, 2924], [1226, 2921], [1219, 2921], [1215, 2917], [1209, 2917], [1205, 2914], [1198, 2914], [1195, 2910], [1188, 2910], [1185, 2907], [1181, 2907], [1178, 2904], [1171, 2904], [1168, 2900], [1161, 2900], [1157, 2897], [1150, 2897], [1147, 2893], [1144, 2893], [1140, 2890], [1140, 2880], [969, 2880], [969, 2890], [962, 2897], [959, 2897], [956, 2900], [952, 2900], [949, 2904], [942, 2904], [938, 2907], [935, 2907], [932, 2910], [928, 2910], [925, 2914], [921, 2914], [918, 2917], [911, 2917], [904, 2924], [901, 2924], [897, 2928], [894, 2928], [887, 2934], [884, 2934], [870, 2948], [867, 2948], [856, 2958], [853, 2958], [846, 2965], [846, 2969], [819, 2996], [819, 2999], [809, 3010], [809, 3013], [788, 3034], [788, 3037], [771, 3054], [768, 3054], [747, 3075], [744, 3075], [737, 3081], [733, 3081], [720, 3095], [716, 3095], [713, 3099], [709, 3099], [706, 3102], [703, 3102], [699, 3105], [696, 3105], [692, 3109], [689, 3109], [685, 3112], [682, 3112], [679, 3116], [675, 3116], [672, 3119], [668, 3119], [665, 3122], [658, 3122], [655, 3126], [648, 3126], [644, 3129], [641, 3129], [638, 3133], [631, 3133], [627, 3136], [624, 3136], [621, 3140], [617, 3140], [610, 3146], [603, 3146], [600, 3150], [597, 3150], [593, 3153], [586, 3153], [583, 3157], [580, 3157], [576, 3160], [569, 3160], [566, 3164], [562, 3164], [559, 3167], [552, 3167], [549, 3170], [542, 3170], [538, 3174], [532, 3174], [528, 3177], [518, 3177], [515, 3181], [477, 3181], [474, 3184], [456, 3184], [453, 3181], [443, 3181], [439, 3177], [432, 3177], [429, 3174], [419, 3174], [412, 3167], [409, 3167], [405, 3164], [395, 3164], [391, 3160], [385, 3160], [381, 3157], [364, 3157], [361, 3153], [357, 3153], [350, 3146], [337, 3146], [327, 3136], [323, 3140], [323, 3150], [316, 3157], [316, 3160], [313, 3164], [313, 3167], [309, 3170], [309, 3177], [306, 3181], [306, 3187], [303, 3191], [303, 3201], [299, 3205], [299, 3211], [296, 3215], [285, 3215]]",0.94,ASOK_AND017.JPG,ASOK_AND017,Andhra Pradesh,Āndhradeśa,Kottanandayapalem,Panneau avec motifs décoratifs et animaux,2 A.D.,Stūpa ; panneau,indéterminée,Guntur Baudhasree Archaeological Museum,Maronet Léa
ASOK_AND017_lion_8166.png,lion,"[[1462, 3495], [1462, 3977], [1472, 3977], [1475, 3981], [1482, 3981], [1486, 3984], [1499, 3984], [1509, 3995], [1513, 3995], [1516, 3998], [1520, 3998], [1523, 4001], [1564, 4001], [1568, 4005], [1588, 4005], [1592, 4008], [1629, 4008], [1633, 4012], [1694, 4012], [1697, 4015], [1697, 4025], [1735, 4025], [1735, 4015], [1739, 4012], [1752, 4012], [1756, 4008], [1780, 4008], [1783, 4005], [1803, 4005], [1807, 4001], [1817, 4001], [1821, 3998], [1824, 3998], [1831, 3991], [1834, 3991], [1848, 3977], [1848, 3974], [1855, 3967], [1855, 3964], [1858, 3960], [1858, 3957], [1865, 3950], [1865, 3947], [1868, 3943], [1868, 3940], [1872, 3936], [1872, 3933], [1875, 3930], [1875, 3926], [1879, 3923], [1879, 3919], [1882, 3916], [1882, 3912], [1889, 3906], [1889, 3902], [1896, 3895], [1896, 3892], [1906, 3882], [1906, 3878], [1920, 3865], [1920, 3861], [1927, 3854], [1927, 3851], [1937, 3841], [1937, 3837], [1947, 3827], [1947, 3824], [1957, 3813], [1957, 3810], [1961, 3806], [1961, 3803], [1964, 3800], [1964, 3796], [1971, 3789], [1971, 3786], [1974, 3783], [1974, 3779], [1981, 3772], [1981, 3769], [1985, 3765], [1985, 3762], [1988, 3759], [1988, 3755], [1992, 3752], [1992, 3748], [1998, 3741], [1998, 3738], [2002, 3735], [2002, 3731], [2005, 3728], [2005, 3724], [2012, 3718], [2012, 3714], [2015, 3711], [2015, 3707], [2019, 3704], [2019, 3700], [2022, 3697], [2022, 3694], [2026, 3690], [2026, 3687], [2029, 3683], [2029, 3680], [2039, 3670], [2039, 3666], [2053, 3653], [2087, 3653], [2091, 3656], [2104, 3656], [2108, 3659], [2118, 3659], [2121, 3663], [2135, 3663], [2139, 3666], [2142, 3666], [2149, 3673], [2149, 3676], [2152, 3680], [2152, 3697], [2149, 3700], [2149, 3724], [2145, 3728], [2145, 3735], [2142, 3738], [2142, 3741], [2139, 3745], [2139, 3748], [2135, 3752], [2135, 3755], [2128, 3762], [2128, 3765], [2121, 3772], [2121, 3776], [2118, 3779], [2118, 3783], [2111, 3789], [2111, 3793], [2108, 3796], [2108, 3800], [2094, 3813], [2094, 3817], [2091, 3820], [2091, 3824], [2087, 3827], [2087, 3830], [2080, 3837], [2080, 3841], [2070, 3851], [2070, 3858], [2067, 3861], [2067, 3865], [2060, 3871], [2060, 3878], [2056, 3882], [2056, 3892], [2053, 3895], [2053, 3933], [2056, 3936], [2056, 3947], [2060, 3950], [2060, 3957], [2080, 3977], [2080, 3981], [2091, 3991], [2094, 3991], [2098, 3995], [2101, 3995], [2104, 3998], [2111, 3998], [2115, 4001], [2132, 4001], [2135, 4005], [2169, 4005], [2173, 4008], [2221, 4008], [2224, 4012], [2268, 4012], [2272, 4008], [2292, 4008], [2296, 4005], [2299, 4005], [2303, 4001], [2306, 4001], [2313, 3995], [2313, 3991], [2316, 3988], [2316, 3984], [2320, 3981], [2320, 3974], [2323, 3971], [2323, 3964], [2327, 3960], [2327, 3936], [2330, 3933], [2330, 3926], [2327, 3923], [2327, 3899], [2323, 3895], [2323, 3889], [2320, 3885], [2320, 3878], [2309, 3868], [2306, 3868], [2299, 3861], [2296, 3861], [2275, 3841], [2272, 3841], [2262, 3830], [2262, 3827], [2258, 3824], [2258, 3810], [2262, 3806], [2262, 3803], [2265, 3800], [2265, 3796], [2279, 3783], [2279, 3779], [2289, 3769], [2289, 3765], [2303, 3752], [2303, 3748], [2309, 3741], [2309, 3738], [2327, 3721], [2327, 3718], [2333, 3711], [2333, 3707], [2351, 3690], [2351, 3687], [2361, 3676], [2364, 3676], [2371, 3670], [2374, 3670], [2378, 3666], [2385, 3666], [2388, 3663], [2392, 3663], [2395, 3659], [2402, 3659], [2405, 3656], [2412, 3656], [2415, 3653], [2426, 3653], [2429, 3649], [2436, 3649], [2443, 3642], [2446, 3642], [2450, 3639], [2453, 3639], [2457, 3635], [2460, 3635], [2467, 3629], [2470, 3629], [2474, 3625], [2477, 3625], [2480, 3622], [2484, 3622], [2487, 3618], [2491, 3618], [2494, 3615], [2498, 3615], [2501, 3612], [2508, 3612], [2511, 3608], [2518, 3608], [2521, 3605], [2525, 3605], [2528, 3601], [2535, 3601], [2539, 3598], [2545, 3598], [2549, 3594], [2552, 3594], [2556, 3591], [2559, 3591], [2562, 3588], [2566, 3588], [2569, 3584], [2573, 3584], [2576, 3581], [2580, 3581], [2583, 3577], [2590, 3577], [2593, 3574], [2597, 3574], [2600, 3570], [2604, 3570], [2607, 3567], [2614, 3567], [2617, 3564], [2621, 3564], [2624, 3560], [2627, 3560], [2631, 3557], [2634, 3557], [2638, 3553], [2645, 3553], [2648, 3550], [2651, 3550], [2655, 3547], [2662, 3547], [2665, 3543], [2675, 3543], [2679, 3540], [2686, 3540], [2689, 3536], [2692, 3536], [2696, 3533], [2703, 3533], [2706, 3529], [2740, 3529], [2744, 3533], [2747, 3533], [2751, 3536], [2751, 3540], [2792, 3581], [2792, 3584], [2798, 3591], [2798, 3598], [2802, 3601], [2802, 3605], [2805, 3608], [2805, 3612], [2809, 3615], [2809, 3646], [2798, 3656], [2798, 3659], [2795, 3663], [2795, 3666], [2781, 3680], [2778, 3680], [2754, 3704], [2751, 3704], [2744, 3711], [2740, 3711], [2727, 3724], [2723, 3724], [2716, 3731], [2713, 3731], [2689, 3755], [2689, 3759], [2682, 3765], [2682, 3769], [2675, 3776], [2675, 3779], [2665, 3789], [2662, 3789], [2658, 3793], [2658, 3796], [2655, 3800], [2655, 3803], [2634, 3824], [2634, 3830], [2631, 3834], [2631, 3837], [2627, 3841], [2627, 3848], [2624, 3851], [2624, 3854], [2621, 3858], [2621, 3861], [2610, 3871], [2610, 3875], [2607, 3878], [2607, 3892], [2600, 3899], [2600, 3902], [2597, 3906], [2597, 3919], [2586, 3930], [2586, 3967], [2590, 3971], [2590, 3974], [2600, 3984], [2607, 3984], [2610, 3988], [2716, 3988], [2720, 3984], [2747, 3984], [2751, 3981], [2757, 3981], [2761, 3977], [2761, 3974], [2764, 3971], [2764, 3964], [2768, 3960], [2768, 3943], [2771, 3940], [2771, 3930], [2774, 3926], [2774, 3912], [2778, 3909], [2778, 3889], [2781, 3885], [2781, 3875], [2785, 3871], [2785, 3865], [2792, 3858], [2792, 3854], [2795, 3851], [2795, 3848], [2805, 3837], [2805, 3834], [2826, 3813], [2829, 3813], [2833, 3810], [2839, 3810], [2843, 3806], [2853, 3806], [2857, 3803], [2867, 3803], [2870, 3800], [2874, 3800], [2877, 3796], [2880, 3796], [2884, 3793], [2891, 3793], [2894, 3789], [2904, 3789], [2908, 3786], [2918, 3786], [2921, 3783], [2932, 3783], [2935, 3786], [2942, 3786], [2945, 3789], [2949, 3789], [2959, 3800], [2959, 3803], [2966, 3810], [2966, 3813], [2969, 3817], [2969, 3820], [2973, 3824], [2973, 3827], [2993, 3848], [2997, 3848], [3007, 3858], [3010, 3858], [3014, 3861], [3099, 3861], [3106, 3868], [3106, 3878], [3103, 3882], [3103, 3889], [3099, 3892], [3099, 3895], [3096, 3899], [3096, 3902], [3092, 3906], [3092, 3909], [3089, 3912], [3089, 3919], [3086, 3923], [3086, 3926], [3082, 3930], [3082, 3954], [3086, 3957], [3086, 3964], [3089, 3967], [3089, 3971], [3092, 3974], [3096, 3974], [3103, 3981], [3106, 3981], [3110, 3984], [3116, 3984], [3120, 3988], [3130, 3988], [3133, 3991], [3147, 3991], [3151, 3995], [3168, 3995], [3171, 3998], [3192, 3998], [3195, 4001], [3260, 4001], [3263, 4005], [3284, 4005], [3287, 4008], [3304, 4008], [3318, 3995], [3318, 3988], [3321, 3984], [3321, 3967], [3318, 3964], [3318, 3950], [3315, 3947], [3315, 3930], [3311, 3926], [3311, 3772], [3308, 3769], [3308, 3765], [3311, 3762], [3311, 3721], [3308, 3718], [3308, 3711], [3311, 3707], [3311, 3642], [3308, 3639], [3308, 3471], [3311, 3468], [3311, 3437], [3315, 3434], [3315, 3413], [3318, 3410], [3318, 3382], [3321, 3379], [3321, 3341], [3325, 3338], [3325, 3205], [3328, 3201], [3328, 3109], [3325, 3105], [3325, 3071], [3321, 3068], [3321, 3054], [3318, 3051], [3318, 3047], [3315, 3044], [3315, 3040], [3308, 3034], [3308, 3030], [3291, 3013], [3291, 3010], [3287, 3010], [3270, 2992], [3267, 2992], [3263, 2989], [3260, 2989], [3253, 2982], [3250, 2982], [3243, 2975], [3239, 2975], [3236, 2972], [3233, 2972], [3226, 2965], [3222, 2965], [3219, 2962], [3212, 2962], [3209, 2958], [3198, 2958], [3195, 2955], [3192, 2955], [3188, 2951], [3185, 2951], [3181, 2948], [3178, 2948], [3174, 2945], [3168, 2945], [3164, 2941], [3161, 2941], [3157, 2938], [3151, 2938], [3147, 2934], [3140, 2934], [3137, 2931], [3130, 2931], [3127, 2928], [3116, 2928], [3113, 2924], [3106, 2924], [3103, 2921], [3096, 2921], [3092, 2917], [3086, 2917], [3082, 2914], [3075, 2914], [3072, 2910], [3065, 2910], [3062, 2907], [3055, 2907], [3051, 2904], [3045, 2904], [3041, 2900], [3038, 2900], [3034, 2897], [3027, 2897], [3024, 2893], [3017, 2893], [3014, 2890], [3007, 2890], [3004, 2886], [2980, 2886], [2976, 2883], [2952, 2883], [2949, 2880], [2928, 2880], [2925, 2876], [2887, 2876], [2884, 2880], [2867, 2880], [2863, 2883], [2857, 2883], [2839, 2900], [2829, 2900], [2826, 2904], [2822, 2904], [2815, 2910], [2812, 2910], [2809, 2914], [2805, 2914], [2802, 2917], [2798, 2917], [2781, 2934], [2778, 2934], [2771, 2941], [2768, 2941], [2764, 2945], [2761, 2945], [2757, 2948], [2754, 2948], [2747, 2955], [2744, 2955], [2740, 2958], [2737, 2958], [2716, 2979], [2713, 2979], [2706, 2986], [2703, 2986], [2699, 2989], [2699, 2992], [2675, 3016], [2672, 3016], [2668, 3020], [2668, 3023], [2658, 3034], [2655, 3034], [2648, 3040], [2645, 3040], [2634, 3051], [2631, 3051], [2624, 3057], [2621, 3057], [2610, 3068], [2607, 3068], [2597, 3078], [2593, 3078], [2590, 3081], [2586, 3081], [2583, 3085], [2580, 3085], [2576, 3088], [2573, 3088], [2569, 3092], [2566, 3092], [2562, 3095], [2559, 3095], [2556, 3099], [2552, 3099], [2549, 3102], [2542, 3102], [2539, 3105], [2532, 3105], [2528, 3109], [2525, 3109], [2521, 3112], [2515, 3112], [2511, 3116], [2508, 3116], [2504, 3119], [2498, 3119], [2494, 3122], [2491, 3122], [2487, 3126], [2480, 3126], [2477, 3129], [2470, 3129], [2467, 3133], [2457, 3133], [2453, 3136], [2436, 3136], [2433, 3140], [2419, 3140], [2415, 3143], [2398, 3143], [2395, 3146], [2378, 3146], [2374, 3150], [2361, 3150], [2357, 3153], [2351, 3153], [2347, 3157], [2337, 3157], [2333, 3160], [2327, 3160], [2323, 3164], [2306, 3164], [2303, 3167], [2292, 3167], [2289, 3164], [2275, 3164], [2272, 3160], [2262, 3160], [2258, 3157], [2231, 3157], [2227, 3153], [2214, 3153], [2210, 3150], [2207, 3150], [2193, 3136], [2193, 3133], [2183, 3122], [2183, 3119], [2180, 3116], [2180, 3112], [2176, 3109], [2176, 3105], [2173, 3102], [2173, 3099], [2169, 3095], [2169, 3092], [2162, 3085], [2162, 3081], [2152, 3071], [2152, 3068], [2125, 3040], [2125, 3037], [2118, 3030], [2118, 3027], [2108, 3016], [2108, 3013], [2104, 3010], [2104, 3006], [2101, 3003], [2101, 2999], [2087, 2986], [2087, 2982], [2080, 2975], [2080, 2972], [2074, 2965], [2074, 2962], [2070, 2958], [2070, 2955], [2067, 2951], [2067, 2945], [2056, 2934], [2056, 2931], [2053, 2928], [2053, 2924], [2050, 2921], [2050, 2917], [2046, 2914], [2046, 2910], [2043, 2907], [2043, 2897], [2039, 2893], [2039, 2883], [2036, 2880], [2036, 2876], [2033, 2873], [2033, 2863], [2029, 2859], [2029, 2852], [2026, 2849], [2022, 2849], [2019, 2845], [2015, 2845], [2009, 2839], [2005, 2839], [2002, 2835], [1998, 2835], [1995, 2832], [1992, 2832], [1988, 2828], [1985, 2828], [1981, 2825], [1978, 2825], [1974, 2822], [1968, 2822], [1964, 2818], [1957, 2818], [1954, 2815], [1951, 2815], [1947, 2811], [1944, 2811], [1940, 2808], [1940, 2798], [1656, 2798], [1656, 2811], [1650, 2818], [1650, 2822], [1643, 2828], [1643, 2832], [1639, 2835], [1639, 2839], [1636, 2842], [1636, 2845], [1633, 2849], [1633, 2859], [1629, 2863], [1629, 2869], [1626, 2873], [1626, 2876], [1622, 2880], [1622, 2883], [1595, 2910], [1592, 2910], [1588, 2914], [1581, 2914], [1574, 2921], [1571, 2921], [1568, 2924], [1564, 2924], [1561, 2928], [1554, 2928], [1550, 2931], [1547, 2931], [1537, 2941], [1533, 2941], [1530, 2945], [1527, 2945], [1516, 2955], [1513, 2955], [1506, 2962], [1503, 2962], [1499, 2965], [1499, 2969], [1489, 2979], [1489, 2982], [1486, 2986], [1486, 2992], [1482, 2996], [1482, 3006], [1479, 3010], [1479, 3075], [1482, 3078], [1482, 3081], [1486, 3085], [1486, 3092], [1489, 3095], [1489, 3105], [1492, 3109], [1492, 3119], [1496, 3122], [1496, 3129], [1499, 3133], [1499, 3136], [1503, 3140], [1503, 3143], [1506, 3146], [1506, 3150], [1523, 3167], [1523, 3170], [1530, 3177], [1530, 3181], [1547, 3198], [1547, 3201], [1550, 3205], [1550, 3208], [1554, 3208], [1571, 3225], [1574, 3225], [1581, 3232], [1609, 3232], [1612, 3228], [1615, 3228], [1619, 3225], [1636, 3225], [1639, 3222], [1697, 3222], [1701, 3225], [1715, 3225], [1718, 3228], [1725, 3228], [1728, 3232], [1732, 3232], [1735, 3235], [1739, 3235], [1742, 3239], [1745, 3239], [1749, 3242], [1752, 3242], [1756, 3246], [1759, 3246], [1766, 3252], [1769, 3252], [1790, 3273], [1790, 3276], [1793, 3280], [1793, 3283], [1797, 3287], [1797, 3290], [1803, 3297], [1803, 3300], [1807, 3304], [1807, 3311], [1810, 3314], [1810, 3331], [1814, 3334], [1814, 3369], [1817, 3372], [1817, 3382], [1821, 3386], [1821, 3399], [1824, 3403], [1824, 3423], [1827, 3427], [1827, 3430], [1831, 3434], [1831, 3441], [1834, 3444], [1834, 3454], [1838, 3458], [1838, 3461], [1841, 3464], [1841, 3471], [1845, 3475], [1845, 3485], [1848, 3488], [1848, 3499], [1851, 3502], [1851, 3512], [1855, 3516], [1855, 3526], [1858, 3529], [1858, 3564], [1862, 3567], [1862, 3584], [1858, 3588], [1858, 3608], [1855, 3612], [1855, 3618], [1851, 3622], [1851, 3629], [1848, 3632], [1848, 3639], [1845, 3642], [1845, 3646], [1838, 3653], [1838, 3656], [1834, 3659], [1834, 3663], [1827, 3670], [1827, 3673], [1817, 3683], [1817, 3687], [1814, 3690], [1814, 3694], [1810, 3697], [1810, 3700], [1797, 3714], [1797, 3718], [1793, 3721], [1793, 3724], [1783, 3735], [1783, 3738], [1780, 3741], [1780, 3745], [1776, 3748], [1776, 3752], [1773, 3755], [1773, 3759], [1766, 3765], [1766, 3769], [1742, 3793], [1742, 3796], [1739, 3800], [1739, 3806], [1735, 3810], [1735, 3813], [1725, 3824], [1725, 3834], [1721, 3837], [1718, 3837], [1715, 3841], [1694, 3841], [1691, 3844], [1670, 3844], [1667, 3841], [1643, 3841], [1636, 3834], [1636, 3824], [1626, 3824], [1622, 3820], [1602, 3820], [1598, 3817], [1595, 3817], [1588, 3810], [1588, 3765], [1585, 3762], [1585, 3759], [1581, 3755], [1581, 3735], [1578, 3731], [1578, 3711], [1574, 3707], [1574, 3663], [1571, 3659], [1571, 3646], [1568, 3642], [1568, 3601], [1564, 3598], [1564, 3588], [1561, 3584], [1561, 3574], [1557, 3570], [1557, 3564], [1554, 3560], [1554, 3557], [1547, 3550], [1547, 3547], [1527, 3526], [1523, 3526], [1516, 3519], [1513, 3519], [1509, 3516], [1506, 3516], [1503, 3512], [1499, 3512], [1496, 3509], [1492, 3509], [1486, 3502], [1482, 3502], [1475, 3495], [1462, 3495]]",0.77,ASOK_AND017.JPG,ASOK_AND017,Andhra Pradesh,Āndhradeśa,Kottanandayapalem,Panneau avec motifs décoratifs et animaux,2 A.D.,Stūpa ; panneau,indéterminée,Guntur Baudhasree Archaeological Museum,Maronet Léa
ASOK_CHAN005_lotus_8221.png,lotus,"[[313, 1966], [313, 2189], [323, 2189], [327, 2192], [327, 2199], [330, 2202], [330, 2257], [327, 2261], [327, 2264], [323, 2267], [313, 2267], [313, 2343], [340, 2343], [340, 2332], [344, 2329], [347, 2329], [350, 2326], [354, 2326], [357, 2322], [361, 2322], [364, 2319], [368, 2319], [368, 2315], [391, 2291], [391, 2288], [402, 2278], [405, 2278], [409, 2274], [422, 2274], [426, 2278], [429, 2278], [432, 2281], [436, 2281], [446, 2291], [450, 2291], [453, 2295], [456, 2295], [460, 2298], [467, 2298], [470, 2302], [477, 2302], [480, 2305], [487, 2305], [491, 2308], [549, 2308], [552, 2305], [562, 2305], [566, 2302], [573, 2302], [576, 2298], [580, 2298], [583, 2295], [590, 2295], [593, 2291], [597, 2291], [600, 2288], [607, 2288], [610, 2285], [627, 2285], [631, 2288], [638, 2288], [644, 2295], [648, 2295], [655, 2302], [658, 2302], [662, 2305], [665, 2305], [668, 2308], [672, 2308], [675, 2312], [679, 2312], [682, 2315], [692, 2315], [696, 2319], [703, 2319], [706, 2322], [733, 2322], [737, 2319], [747, 2319], [747, 1997], [737, 1997], [733, 1994], [733, 1987], [737, 1984], [747, 1984], [747, 1932], [737, 1932], [730, 1925], [730, 1915], [727, 1912], [727, 1902], [723, 1898], [723, 1895], [696, 1867], [696, 1854], [395, 1854], [395, 1864], [391, 1867], [391, 1871], [388, 1874], [388, 1878], [385, 1881], [385, 1884], [378, 1891], [378, 1895], [371, 1902], [371, 1905], [368, 1908], [368, 1912], [361, 1919], [361, 1922], [333, 1949], [333, 1953], [330, 1956], [330, 1960], [323, 1966], [313, 1966]]",0.93,ASOK_CHAN005.JPG,ASOK_CHAN005,Andhra Pradesh,Āndhradeśa,Chandavaram,Panneau avec scènes narratives,2 A.D.,Stūpa ; panneau,bouddhisme,Telangana State Archaeology Museum,Maronet Léa
ASOK_CHAN005_lotus_8222.png,lotus,"[[313, 3071], [313, 3574], [391, 3574], [391, 3564], [402, 3553], [405, 3553], [429, 3529], [432, 3529], [436, 3526], [467, 3526], [470, 3529], [484, 3529], [487, 3533], [501, 3533], [504, 3536], [521, 3536], [525, 3540], [597, 3540], [600, 3536], [621, 3536], [624, 3533], [638, 3533], [641, 3529], [675, 3529], [679, 3526], [692, 3526], [696, 3523], [699, 3523], [706, 3516], [723, 3516], [723, 3512], [733, 3502], [733, 3492], [737, 3488], [737, 3478], [740, 3475], [740, 3464], [744, 3461], [744, 3458], [747, 3454], [747, 3451], [750, 3447], [761, 3447], [761, 3341], [750, 3341], [747, 3338], [747, 3334], [744, 3331], [744, 3314], [740, 3311], [740, 3293], [737, 3290], [737, 3276], [733, 3273], [733, 3228], [730, 3225], [730, 3181], [727, 3177], [727, 3136], [730, 3133], [730, 3119], [727, 3116], [727, 3112], [720, 3105], [720, 3102], [706, 3088], [703, 3088], [696, 3081], [696, 3071], [313, 3071]]",0.79,ASOK_CHAN005.JPG,ASOK_CHAN005,Andhra Pradesh,Āndhradeśa,Chandavaram,Panneau avec scènes narratives,2 A.D.,Stūpa ; panneau,bouddhisme,Telangana State Archaeology Museum,Maronet Léa
ASOK_BHA493_lotus_8237.png,lotus,"[[1628, 373], [1628, 471], [1635, 471], [1638, 474], [1638, 476], [1641, 479], [1641, 481], [1646, 486], [1646, 489], [1651, 494], [1651, 496], [1661, 507], [1661, 509], [1673, 522], [1673, 524], [1676, 524], [1696, 544], [1701, 544], [1704, 547], [1706, 547], [1709, 549], [1714, 549], [1716, 552], [1734, 552], [1736, 554], [1774, 554], [1777, 557], [1797, 557], [1799, 554], [1819, 554], [1822, 552], [1827, 552], [1832, 547], [1835, 547], [1840, 542], [1840, 539], [1855, 524], [1855, 522], [1857, 519], [1857, 517], [1867, 507], [1867, 504], [1875, 496], [1875, 494], [1877, 491], [1877, 486], [1880, 484], [1880, 481], [1882, 479], [1882, 471], [1885, 469], [1885, 449], [1887, 446], [1887, 433], [1885, 431], [1885, 411], [1882, 408], [1882, 398], [1880, 396], [1880, 388], [1877, 386], [1877, 378], [1875, 375], [1875, 368], [1872, 365], [1872, 360], [1870, 358], [1870, 355], [1867, 353], [1867, 350], [1847, 330], [1845, 330], [1835, 320], [1832, 320], [1830, 318], [1827, 318], [1822, 312], [1819, 312], [1817, 310], [1814, 310], [1812, 307], [1809, 307], [1807, 305], [1804, 305], [1799, 300], [1797, 300], [1794, 297], [1794, 285], [1799, 280], [1799, 277], [1802, 275], [1802, 267], [1767, 267], [1767, 277], [1764, 280], [1761, 280], [1759, 282], [1756, 282], [1754, 285], [1751, 285], [1749, 287], [1729, 287], [1726, 290], [1724, 290], [1721, 292], [1716, 292], [1711, 297], [1709, 297], [1706, 300], [1704, 300], [1698, 305], [1696, 305], [1693, 307], [1691, 307], [1688, 310], [1686, 310], [1681, 315], [1678, 315], [1661, 333], [1661, 335], [1658, 338], [1658, 340], [1656, 343], [1656, 345], [1653, 348], [1653, 350], [1651, 353], [1651, 355], [1643, 363], [1643, 365], [1635, 373], [1628, 373]]",0.9,ASOK_BHA493.JPG,ASOK_BHA493,Madhya Pradesh,Madhyapradeśa,Bhārhut,,3 B.C. ; 2 B.C. ; 1 B.C.,Stūpa ; panneau,bouddhisme,The Metropolitan Museum of Art (MET),Maronet Léa
ASOK_KAN046h_lotus_8246.png,lotus,"[[677, 662], [677, 774], [687, 774], [694, 781], [694, 785], [698, 788], [698, 791], [708, 802], [708, 805], [735, 833], [735, 836], [749, 850], [749, 853], [763, 867], [763, 870], [783, 891], [783, 894], [797, 908], [800, 908], [804, 911], [807, 911], [814, 918], [817, 918], [824, 925], [828, 925], [831, 928], [831, 932], [834, 935], [834, 938], [841, 945], [845, 945], [852, 952], [855, 952], [858, 956], [865, 956], [869, 959], [879, 959], [882, 962], [889, 962], [893, 966], [944, 966], [947, 962], [964, 962], [968, 959], [1012, 959], [1016, 956], [1043, 956], [1047, 952], [1183, 952], [1187, 949], [1190, 949], [1200, 938], [1204, 938], [1207, 935], [1218, 935], [1221, 932], [1228, 932], [1231, 935], [1245, 935], [1248, 938], [1252, 938], [1262, 949], [1262, 952], [1265, 956], [1265, 959], [1269, 962], [1269, 966], [1306, 1003], [1310, 1003], [1313, 1007], [1313, 1021], [1464, 1021], [1464, 1010], [1471, 1003], [1474, 1003], [1481, 997], [1481, 966], [1484, 962], [1484, 884], [1488, 880], [1488, 809], [1491, 805], [1491, 774], [1495, 771], [1495, 768], [1498, 764], [1508, 764], [1508, 665], [1498, 665], [1491, 658], [1491, 655], [1488, 651], [1488, 641], [705, 641], [705, 651], [698, 658], [691, 658], [687, 662], [677, 662]]",0.86,ASOK_KAN046h.JPG,ASOK_KAN046h,Karnataka,Āndhradeśa,Kaṇagaṇahaḷḷi,Armées et partage des reliques,1 B.C. ; 1 A.D. ; 2 A.D. ; 3 A.D. ,Stūpa ; panneau,bouddhisme,In situ,Maronet Léa
ASOK_KAN046h_lotus_8247.png,lotus,"[[2196, 655], [2196, 802], [2206, 802], [2209, 805], [2209, 809], [2213, 812], [2213, 819], [2216, 822], [2216, 829], [2220, 833], [2220, 839], [2223, 843], [2223, 853], [2226, 856], [2226, 870], [2230, 874], [2230, 891], [2233, 894], [2233, 911], [2237, 915], [2237, 925], [2240, 928], [2240, 932], [2244, 935], [2244, 938], [2257, 952], [2261, 952], [2264, 956], [2267, 956], [2271, 959], [2274, 959], [2278, 962], [2281, 962], [2285, 966], [2291, 966], [2295, 969], [2302, 969], [2305, 973], [2312, 973], [2315, 976], [2346, 976], [2350, 973], [2363, 973], [2367, 969], [2377, 969], [2380, 966], [2387, 966], [2391, 962], [2397, 962], [2401, 959], [2404, 959], [2408, 956], [2411, 956], [2415, 952], [2418, 952], [2425, 945], [2428, 945], [2432, 942], [2435, 942], [2438, 938], [2449, 938], [2452, 935], [2456, 938], [2462, 938], [2466, 942], [2469, 942], [2473, 945], [2476, 945], [2507, 976], [2510, 976], [2521, 986], [2524, 986], [2531, 993], [2534, 993], [2538, 997], [2541, 997], [2544, 1000], [2548, 1000], [2551, 1003], [2555, 1003], [2558, 1007], [2575, 1007], [2579, 1010], [2589, 1010], [2592, 1007], [2654, 1007], [2657, 1010], [2668, 1010], [2671, 1014], [2715, 1014], [2719, 1010], [2726, 1010], [2729, 1007], [2736, 1007], [2739, 1003], [2743, 1003], [2746, 1000], [2750, 1000], [2753, 997], [2757, 997], [2763, 990], [2767, 990], [2770, 986], [2770, 983], [2777, 976], [2777, 973], [2804, 945], [2808, 945], [2811, 942], [2815, 942], [2818, 938], [2825, 938], [2828, 935], [2835, 935], [2839, 932], [2856, 932], [2859, 935], [2866, 935], [2869, 938], [2873, 938], [2876, 942], [2880, 942], [2893, 956], [2893, 959], [2917, 983], [2917, 986], [2921, 990], [2921, 993], [2931, 1003], [2931, 1007], [2934, 1010], [2938, 1010], [2945, 1017], [2945, 1021], [2948, 1024], [2951, 1024], [2958, 1031], [2962, 1031], [2969, 1038], [2969, 1048], [3095, 1048], [3095, 839], [3085, 839], [3081, 836], [3081, 826], [3078, 822], [3078, 788], [3075, 785], [3075, 747], [3071, 744], [3071, 730], [3068, 727], [3068, 713], [3064, 709], [3064, 699], [3068, 696], [3068, 655], [2196, 655]]",0.82,ASOK_KAN046h.JPG,ASOK_KAN046h,Karnataka,Āndhradeśa,Kaṇagaṇahaḷḷi,Armées et partage des reliques,1 B.C. ; 1 A.D. ; 2 A.D. ; 3 A.D. ,Stūpa ; panneau,bouddhisme,In situ,Maronet Léa
ASOK_KAN046h_lotus_8248.png,lotus,"[[3810, 668], [3810, 833], [3820, 833], [3827, 839], [3827, 846], [3830, 850], [3830, 860], [3834, 863], [3834, 877], [3837, 880], [3837, 894], [3841, 897], [3841, 911], [3844, 915], [3844, 921], [3848, 925], [3848, 935], [3851, 938], [3851, 942], [3854, 945], [3854, 949], [3871, 966], [3875, 966], [3882, 973], [3885, 973], [3889, 976], [3892, 976], [3895, 980], [3899, 980], [3902, 983], [3906, 983], [3909, 986], [3912, 986], [3916, 990], [3919, 990], [3923, 993], [3930, 993], [3933, 997], [3936, 997], [3940, 1000], [3950, 1000], [3954, 1003], [3977, 1003], [3981, 1000], [3988, 1000], [3991, 997], [3998, 997], [4001, 993], [4005, 993], [4008, 990], [4015, 990], [4018, 986], [4029, 986], [4032, 983], [4042, 983], [4046, 980], [4053, 980], [4056, 976], [4060, 976], [4063, 973], [4073, 973], [4077, 969], [4121, 969], [4125, 973], [4131, 973], [4135, 976], [4145, 976], [4148, 980], [4155, 980], [4159, 983], [4162, 983], [4166, 986], [4172, 986], [4176, 990], [4190, 990], [4193, 993], [4272, 993], [4275, 990], [4302, 990], [4306, 986], [4323, 986], [4326, 983], [4337, 983], [4340, 980], [4360, 980], [4364, 976], [4384, 976], [4388, 973], [4402, 973], [4405, 969], [4422, 969], [4425, 966], [4463, 966], [4467, 969], [4473, 969], [4477, 973], [4480, 973], [4494, 986], [4494, 990], [4504, 1000], [4504, 1003], [4508, 1007], [4508, 1010], [4511, 1010], [4514, 1014], [4514, 1017], [4518, 1021], [4518, 1034], [4682, 1034], [4682, 897], [4672, 897], [4668, 894], [4668, 891], [4665, 887], [4665, 877], [4661, 874], [4661, 860], [4658, 856], [4658, 843], [4655, 839], [4655, 826], [4651, 822], [4651, 802], [4648, 798], [4648, 761], [4644, 757], [4644, 737], [4648, 733], [4648, 723], [4658, 713], [4682, 713], [4682, 692], [4665, 692], [4658, 685], [4641, 685], [4634, 679], [4634, 668], [3810, 668]]",0.72,ASOK_KAN046h.JPG,ASOK_KAN046h,Karnataka,Āndhradeśa,Kaṇagaṇahaḷḷi,Armées et partage des reliques,1 B.C. ; 1 A.D. ; 2 A.D. ; 3 A.D. ,Stūpa ; panneau,bouddhisme,In situ,Maronet Léa
ASOK_KAN046h_lotus_8249.png,lotus,"[[2168, 1489], [2168, 1527], [2179, 1527], [2182, 1530], [2182, 1578], [2179, 1581], [2168, 1581], [2168, 1612], [2179, 1612], [2182, 1615], [2182, 1715], [2179, 1718], [2168, 1718], [2168, 1886], [2185, 1886], [2189, 1889], [2192, 1889], [2196, 1892], [2202, 1892], [2206, 1896], [2213, 1896], [2216, 1899], [2220, 1899], [2223, 1903], [2226, 1903], [2230, 1906], [2233, 1906], [2237, 1909], [2240, 1909], [2250, 1920], [2254, 1920], [2257, 1923], [2261, 1923], [2267, 1930], [2271, 1930], [2278, 1937], [2285, 1937], [2288, 1940], [2298, 1940], [2302, 1944], [2329, 1944], [2332, 1940], [2346, 1940], [2350, 1937], [2360, 1937], [2363, 1933], [2367, 1933], [2370, 1930], [2377, 1930], [2380, 1927], [2387, 1927], [2391, 1923], [2394, 1923], [2408, 1909], [2411, 1909], [2415, 1906], [2438, 1906], [2442, 1909], [2445, 1909], [2452, 1916], [2456, 1916], [2459, 1920], [2462, 1920], [2466, 1923], [2469, 1923], [2473, 1927], [2476, 1927], [2483, 1933], [2486, 1933], [2500, 1947], [2503, 1947], [2507, 1951], [2510, 1951], [2517, 1957], [2521, 1957], [2524, 1961], [2531, 1961], [2534, 1964], [2582, 1964], [2586, 1961], [2603, 1961], [2606, 1957], [2633, 1957], [2637, 1961], [2661, 1961], [2664, 1964], [2685, 1964], [2688, 1968], [2736, 1968], [2739, 1964], [2746, 1964], [2750, 1961], [2753, 1961], [2760, 1954], [2763, 1954], [2767, 1951], [2770, 1951], [2780, 1940], [2784, 1940], [2794, 1930], [2798, 1930], [2804, 1923], [2808, 1923], [2811, 1920], [2815, 1920], [2822, 1913], [2828, 1913], [2832, 1909], [2835, 1909], [2839, 1906], [2880, 1906], [2886, 1913], [2890, 1913], [2893, 1916], [2893, 1920], [2914, 1940], [2914, 1944], [2924, 1954], [2928, 1954], [2934, 1961], [2938, 1961], [2941, 1964], [2945, 1964], [2951, 1971], [2955, 1971], [2962, 1978], [2965, 1978], [2972, 1985], [2979, 1985], [2982, 1981], [2986, 1981], [2989, 1978], [2996, 1978], [2999, 1974], [3003, 1974], [3006, 1971], [3010, 1971], [3013, 1968], [3016, 1968], [3016, 1964], [3023, 1957], [3023, 1954], [3034, 1944], [3034, 1940], [3037, 1937], [3037, 1933], [3040, 1930], [3040, 1927], [3044, 1923], [3044, 1920], [3047, 1916], [3047, 1906], [3051, 1903], [3051, 1872], [3047, 1868], [3047, 1810], [3051, 1807], [3051, 1800], [3047, 1797], [3047, 1783], [3044, 1780], [3044, 1773], [3040, 1769], [3040, 1749], [3037, 1745], [3037, 1732], [3034, 1728], [3034, 1718], [3030, 1715], [3030, 1708], [3027, 1704], [3027, 1674], [3034, 1667], [3034, 1646], [3037, 1643], [3037, 1622], [3044, 1615], [3068, 1615], [3068, 1133], [2921, 1133], [2921, 1144], [2914, 1150], [2907, 1150], [2904, 1154], [2900, 1154], [2897, 1157], [2886, 1157], [2883, 1161], [2873, 1161], [2869, 1164], [2845, 1164], [2842, 1168], [2815, 1168], [2811, 1171], [2794, 1171], [2791, 1168], [2777, 1168], [2774, 1164], [2770, 1164], [2767, 1161], [2760, 1161], [2757, 1157], [2750, 1157], [2746, 1154], [2743, 1154], [2739, 1150], [2726, 1150], [2722, 1147], [2715, 1147], [2712, 1144], [2712, 1133], [2507, 1133], [2507, 1144], [2500, 1150], [2497, 1150], [2493, 1154], [2486, 1154], [2483, 1157], [2473, 1157], [2469, 1161], [2428, 1161], [2425, 1157], [2404, 1157], [2401, 1154], [2384, 1154], [2380, 1150], [2370, 1150], [2367, 1147], [2360, 1147], [2356, 1144], [2356, 1133], [2343, 1133], [2343, 1144], [2336, 1150], [2332, 1150], [2329, 1154], [2322, 1154], [2308, 1168], [2305, 1168], [2302, 1171], [2298, 1171], [2295, 1174], [2291, 1174], [2274, 1191], [2271, 1191], [2254, 1209], [2254, 1212], [2247, 1219], [2244, 1219], [2240, 1222], [2237, 1222], [2233, 1226], [2237, 1229], [2247, 1229], [2250, 1233], [2257, 1233], [2261, 1236], [2305, 1236], [2315, 1246], [2315, 1253], [2326, 1263], [2326, 1267], [2329, 1270], [2329, 1287], [2332, 1291], [2332, 1301], [2329, 1304], [2329, 1311], [2326, 1315], [2326, 1325], [2319, 1332], [2319, 1335], [2312, 1342], [2312, 1345], [2308, 1349], [2308, 1352], [2305, 1356], [2305, 1359], [2274, 1390], [2271, 1390], [2264, 1397], [2257, 1397], [2254, 1400], [2250, 1400], [2220, 1431], [2216, 1431], [2199, 1448], [2199, 1451], [2189, 1462], [2189, 1465], [2185, 1468], [2185, 1475], [2182, 1479], [2182, 1486], [2179, 1489], [2168, 1489]]",0.84,ASOK_KAN046h.JPG,ASOK_KAN046h,Karnataka,Āndhradeśa,Kaṇagaṇahaḷḷi,Armées et partage des reliques,1 B.C. ; 1 A.D. ; 2 A.D. ; 3 A.D. ,Stūpa ; panneau,bouddhisme,In situ,Maronet Léa
ASOK_KAN046h_lotus_8250.png,lotus,"[[622, 1349], [622, 1612], [633, 1612], [640, 1619], [640, 1622], [643, 1626], [643, 1633], [646, 1636], [646, 1639], [650, 1643], [650, 1646], [657, 1653], [657, 1660], [660, 1663], [660, 1670], [663, 1674], [663, 1677], [667, 1680], [667, 1691], [670, 1694], [670, 1701], [674, 1704], [674, 1708], [677, 1711], [677, 1715], [681, 1718], [681, 1728], [684, 1732], [684, 1739], [687, 1742], [687, 1749], [691, 1752], [691, 1759], [694, 1762], [694, 1776], [698, 1780], [698, 1790], [701, 1793], [701, 1810], [705, 1814], [705, 1824], [708, 1827], [708, 1831], [711, 1834], [711, 1838], [715, 1841], [715, 1845], [718, 1848], [718, 1851], [742, 1875], [746, 1875], [752, 1882], [756, 1882], [759, 1886], [763, 1886], [766, 1889], [773, 1889], [780, 1896], [783, 1896], [787, 1899], [790, 1899], [793, 1903], [800, 1903], [804, 1906], [811, 1906], [814, 1909], [821, 1909], [824, 1913], [838, 1913], [841, 1916], [845, 1913], [858, 1913], [862, 1909], [865, 1909], [879, 1896], [882, 1896], [886, 1892], [889, 1892], [893, 1889], [896, 1889], [899, 1886], [906, 1886], [910, 1882], [917, 1882], [920, 1879], [940, 1879], [944, 1875], [954, 1875], [958, 1872], [961, 1872], [964, 1868], [971, 1868], [975, 1865], [982, 1865], [985, 1862], [999, 1862], [1002, 1858], [1026, 1858], [1029, 1855], [1053, 1855], [1057, 1851], [1064, 1851], [1067, 1848], [1077, 1848], [1081, 1845], [1091, 1845], [1094, 1841], [1115, 1841], [1118, 1845], [1132, 1845], [1135, 1848], [1139, 1848], [1142, 1851], [1146, 1851], [1156, 1862], [1159, 1862], [1163, 1865], [1166, 1865], [1170, 1868], [1173, 1868], [1176, 1872], [1180, 1872], [1187, 1879], [1190, 1879], [1194, 1882], [1197, 1882], [1200, 1886], [1214, 1886], [1218, 1889], [1228, 1889], [1231, 1892], [1238, 1892], [1241, 1896], [1269, 1896], [1272, 1899], [1300, 1899], [1303, 1903], [1306, 1903], [1317, 1892], [1324, 1892], [1327, 1889], [1334, 1889], [1341, 1882], [1341, 1868], [1344, 1865], [1351, 1872], [1351, 1889], [1354, 1892], [1354, 1896], [1358, 1899], [1358, 1906], [1361, 1909], [1361, 1906], [1365, 1903], [1365, 1899], [1368, 1896], [1368, 1889], [1371, 1886], [1371, 1879], [1368, 1875], [1368, 1865], [1365, 1862], [1365, 1855], [1368, 1851], [1368, 1845], [1375, 1838], [1375, 1834], [1378, 1831], [1378, 1821], [1382, 1817], [1382, 1766], [1385, 1762], [1385, 1711], [1389, 1708], [1389, 1660], [1392, 1656], [1392, 1615], [1395, 1612], [1395, 1592], [1399, 1588], [1399, 1574], [1402, 1571], [1402, 1561], [1406, 1557], [1406, 1540], [1409, 1537], [1409, 1506], [1412, 1503], [1412, 1448], [1416, 1444], [1416, 1417], [1419, 1414], [1419, 1400], [1423, 1397], [1423, 1380], [1426, 1376], [1426, 1373], [1430, 1369], [1440, 1369], [1440, 1205], [1426, 1205], [1423, 1202], [1423, 1188], [930, 1188], [930, 1198], [927, 1202], [920, 1202], [917, 1205], [906, 1205], [903, 1209], [893, 1209], [889, 1212], [886, 1212], [882, 1215], [872, 1215], [869, 1219], [858, 1219], [855, 1222], [848, 1222], [845, 1226], [841, 1226], [838, 1229], [834, 1229], [831, 1233], [828, 1233], [824, 1236], [817, 1236], [814, 1239], [804, 1239], [800, 1243], [790, 1243], [787, 1246], [776, 1246], [773, 1250], [763, 1250], [759, 1253], [742, 1253], [739, 1256], [735, 1256], [732, 1260], [728, 1260], [725, 1263], [718, 1263], [715, 1267], [715, 1270], [711, 1274], [708, 1274], [677, 1304], [677, 1308], [674, 1311], [670, 1311], [667, 1315], [663, 1315], [640, 1339], [640, 1342], [633, 1349], [622, 1349]]",0.89,ASOK_KAN046h.JPG,ASOK_KAN046h,Karnataka,Āndhradeśa,Kaṇagaṇahaḷḷi,Armées et partage des reliques,1 B.C. ; 1 A.D. ; 2 A.D. ; 3 A.D. ,Stūpa ; panneau,bouddhisme,In situ,Maronet Léa
ASOK_KAN046h_lotus_8251.png,lotus,"[[3892, 1369], [3892, 1592], [3902, 1592], [3906, 1595], [3906, 1605], [3909, 1609], [3909, 1629], [3912, 1633], [3912, 1650], [3916, 1653], [3916, 1674], [3919, 1677], [3919, 1721], [3923, 1725], [3923, 1766], [3926, 1769], [3926, 1821], [3930, 1824], [3930, 1834], [3933, 1838], [3933, 1841], [3940, 1848], [3940, 1851], [3947, 1858], [3950, 1855], [3960, 1855], [3964, 1858], [4008, 1858], [4012, 1862], [4025, 1862], [4029, 1865], [4056, 1865], [4060, 1868], [4097, 1868], [4101, 1865], [4111, 1865], [4114, 1862], [4121, 1862], [4125, 1858], [4152, 1858], [4155, 1855], [4166, 1855], [4169, 1851], [4172, 1851], [4176, 1848], [4179, 1848], [4183, 1845], [4186, 1845], [4190, 1841], [4220, 1841], [4224, 1845], [4227, 1845], [4231, 1848], [4234, 1848], [4241, 1855], [4244, 1855], [4248, 1858], [4251, 1858], [4254, 1862], [4258, 1862], [4261, 1865], [4265, 1865], [4268, 1868], [4275, 1868], [4278, 1872], [4282, 1872], [4285, 1875], [4289, 1875], [4292, 1879], [4299, 1879], [4302, 1882], [4309, 1882], [4313, 1886], [4319, 1886], [4323, 1889], [4330, 1889], [4333, 1892], [4381, 1892], [4384, 1889], [4395, 1889], [4398, 1886], [4419, 1886], [4422, 1882], [4467, 1882], [4470, 1879], [4480, 1879], [4484, 1875], [4497, 1875], [4501, 1872], [4508, 1872], [4511, 1868], [4518, 1868], [4521, 1865], [4525, 1865], [4528, 1862], [4532, 1862], [4535, 1858], [4542, 1858], [4545, 1855], [4552, 1855], [4555, 1851], [4569, 1851], [4573, 1848], [4583, 1848], [4586, 1845], [4610, 1845], [4614, 1848], [4620, 1848], [4624, 1851], [4627, 1851], [4631, 1855], [4634, 1855], [4638, 1858], [4641, 1858], [4648, 1865], [4655, 1865], [4658, 1868], [4665, 1868], [4668, 1872], [4679, 1872], [4682, 1875], [4692, 1875], [4696, 1879], [4754, 1879], [4757, 1875], [4774, 1875], [4778, 1872], [4802, 1872], [4805, 1868], [4826, 1868], [4829, 1865], [4843, 1865], [4853, 1855], [4853, 1848], [4856, 1845], [4856, 1817], [4853, 1814], [4853, 1790], [4850, 1786], [4850, 1773], [4846, 1769], [4846, 1756], [4843, 1752], [4843, 1732], [4839, 1728], [4839, 1701], [4836, 1697], [4836, 1684], [4832, 1680], [4832, 1670], [4829, 1667], [4829, 1653], [4826, 1650], [4826, 1639], [4822, 1636], [4822, 1629], [4819, 1626], [4819, 1619], [4815, 1615], [4815, 1605], [4812, 1602], [4812, 1598], [4809, 1595], [4809, 1588], [4805, 1585], [4805, 1578], [4802, 1574], [4802, 1564], [4798, 1561], [4798, 1550], [4795, 1547], [4795, 1530], [4791, 1527], [4791, 1506], [4788, 1503], [4788, 1486], [4785, 1482], [4785, 1472], [4781, 1468], [4781, 1462], [4778, 1458], [4778, 1448], [4774, 1444], [4774, 1438], [4771, 1434], [4771, 1427], [4767, 1424], [4767, 1421], [4764, 1417], [4764, 1414], [4761, 1410], [4761, 1403], [4757, 1400], [4757, 1390], [4754, 1386], [4754, 1345], [4757, 1342], [4757, 1325], [4754, 1321], [4754, 1318], [4747, 1311], [4737, 1311], [4733, 1308], [4702, 1308], [4699, 1304], [4655, 1304], [4651, 1308], [4638, 1308], [4634, 1311], [4627, 1311], [4624, 1315], [4614, 1315], [4610, 1318], [4603, 1318], [4600, 1321], [4593, 1321], [4590, 1325], [4552, 1325], [4549, 1328], [4535, 1328], [4532, 1332], [4521, 1332], [4518, 1335], [4497, 1335], [4494, 1339], [4470, 1339], [4467, 1342], [4425, 1342], [4422, 1339], [4419, 1339], [4412, 1332], [4412, 1328], [4391, 1308], [4391, 1301], [4388, 1297], [4388, 1294], [4395, 1287], [4398, 1287], [4402, 1284], [4408, 1284], [4408, 1270], [3984, 1270], [3984, 1280], [3974, 1291], [3971, 1291], [3967, 1294], [3967, 1297], [3954, 1311], [3950, 1311], [3943, 1318], [3940, 1318], [3933, 1325], [3930, 1325], [3930, 1328], [3923, 1335], [3923, 1342], [3919, 1345], [3919, 1349], [3912, 1356], [3912, 1359], [3909, 1362], [3909, 1366], [3906, 1369], [3892, 1369]]",0.81,ASOK_KAN046h.JPG,ASOK_KAN046h,Karnataka,Āndhradeśa,Kaṇagaṇahaḷḷi,Armées et partage des reliques,1 B.C. ; 1 A.D. ; 2 A.D. ; 3 A.D. ,Stūpa ; panneau,bouddhisme,In situ,Maronet Léa
ASOK_KAN046h_lotus_8252.png,lotus,"[[3988, 2128], [3988, 2286], [3998, 2286], [4001, 2289], [4001, 2299], [4005, 2303], [4005, 2327], [4008, 2330], [4008, 2351], [4012, 2354], [4012, 2402], [4008, 2405], [4008, 2419], [4005, 2422], [4005, 2429], [3998, 2436], [3988, 2436], [3988, 2474], [4005, 2474], [4008, 2477], [4018, 2477], [4022, 2480], [4036, 2480], [4039, 2484], [4060, 2484], [4063, 2487], [4083, 2487], [4087, 2491], [4111, 2491], [4114, 2494], [4296, 2494], [4299, 2498], [4343, 2498], [4347, 2501], [4381, 2501], [4384, 2504], [4432, 2504], [4436, 2508], [4600, 2508], [4603, 2511], [4692, 2511], [4696, 2508], [4750, 2508], [4754, 2511], [4832, 2511], [4836, 2508], [4973, 2508], [4976, 2504], [4983, 2504], [4986, 2501], [4990, 2501], [4993, 2498], [4993, 2494], [4997, 2491], [4997, 2487], [5000, 2484], [5000, 2480], [5003, 2477], [5003, 2450], [5000, 2446], [5000, 2422], [4997, 2419], [4997, 2409], [4993, 2405], [4993, 2395], [4990, 2392], [4990, 2385], [4986, 2381], [4986, 2378], [4983, 2374], [4983, 2364], [4980, 2361], [4980, 2333], [4976, 2330], [4976, 2320], [4973, 2316], [4973, 2309], [4969, 2306], [4969, 2299], [4966, 2296], [4966, 2272], [4962, 2268], [4962, 2251], [4959, 2248], [4959, 2245], [4956, 2241], [4956, 2238], [4952, 2234], [4952, 2231], [4949, 2227], [4949, 2221], [4945, 2217], [4945, 2214], [4942, 2210], [4942, 2197], [4938, 2193], [4938, 2186], [4935, 2183], [4935, 2173], [4932, 2169], [4932, 2166], [4928, 2162], [4928, 2159], [4925, 2156], [4925, 2152], [4918, 2145], [4918, 2142], [4915, 2142], [4908, 2135], [4901, 2135], [4897, 2132], [4894, 2132], [4891, 2128], [4887, 2128], [4884, 2125], [4880, 2125], [4877, 2121], [4874, 2121], [4870, 2118], [4867, 2118], [4863, 2115], [4860, 2115], [4856, 2111], [4853, 2111], [4850, 2108], [4846, 2108], [4843, 2104], [4839, 2104], [4836, 2101], [4832, 2101], [4829, 2098], [4826, 2098], [4822, 2094], [4815, 2094], [4809, 2087], [4809, 2077], [4723, 2077], [4723, 2087], [4716, 2094], [4709, 2094], [4706, 2098], [4702, 2098], [4699, 2101], [4696, 2101], [4689, 2108], [4685, 2108], [4682, 2111], [4679, 2111], [4672, 2118], [4668, 2118], [4665, 2121], [4638, 2121], [4634, 2118], [4624, 2118], [4620, 2115], [4614, 2115], [4610, 2111], [4607, 2111], [4603, 2108], [4596, 2108], [4593, 2104], [4586, 2104], [4583, 2101], [4579, 2101], [4576, 2098], [4573, 2098], [4569, 2094], [4562, 2094], [4555, 2087], [4555, 2077], [4316, 2077], [4316, 2087], [4309, 2094], [4302, 2094], [4299, 2098], [4296, 2098], [4292, 2101], [4289, 2101], [4285, 2104], [4282, 2104], [4278, 2108], [4275, 2108], [4272, 2111], [4268, 2111], [4265, 2115], [4251, 2115], [4248, 2118], [4244, 2115], [4231, 2115], [4227, 2111], [4224, 2111], [4220, 2108], [4213, 2108], [4210, 2104], [4203, 2104], [4200, 2101], [4196, 2101], [4193, 2098], [4190, 2098], [4186, 2094], [4183, 2094], [4176, 2087], [4176, 2077], [4042, 2077], [4042, 2087], [4029, 2101], [4025, 2101], [4018, 2108], [4015, 2108], [4005, 2118], [4005, 2121], [3998, 2128], [3988, 2128]]",0.93,ASOK_KAN046h.JPG,ASOK_KAN046h,Karnataka,Āndhradeśa,Kaṇagaṇahaḷḷi,Armées et partage des reliques,1 B.C. ; 1 A.D. ; 2 A.D. ; 3 A.D. ,Stūpa ; panneau,bouddhisme,In situ,Maronet Léa
ASOK_KAN046h_lotus_8253.png,lotus,"[[2196, 2193], [2196, 2521], [2213, 2521], [2216, 2525], [2384, 2525], [2387, 2528], [2418, 2528], [2421, 2525], [2456, 2525], [2459, 2528], [2497, 2528], [2500, 2532], [2544, 2532], [2548, 2535], [2746, 2535], [2750, 2539], [2770, 2539], [2774, 2535], [2832, 2535], [2835, 2532], [2880, 2532], [2883, 2528], [2924, 2528], [2928, 2532], [2938, 2532], [2941, 2528], [2948, 2528], [2955, 2521], [2955, 2518], [2958, 2515], [2958, 2511], [2962, 2508], [2962, 2504], [2972, 2494], [2979, 2494], [2982, 2491], [2992, 2491], [2996, 2487], [3027, 2487], [3030, 2484], [3047, 2484], [3051, 2487], [3057, 2487], [3061, 2484], [3071, 2484], [3095, 2460], [3099, 2460], [3099, 2457], [3102, 2453], [3102, 2450], [3105, 2446], [3105, 2443], [3112, 2436], [3116, 2436], [3122, 2429], [3119, 2426], [3119, 2415], [3116, 2412], [3116, 2402], [3112, 2398], [3112, 2388], [3109, 2385], [3109, 2364], [3105, 2361], [3105, 2340], [3102, 2337], [3102, 2289], [3099, 2286], [3099, 2268], [3095, 2265], [3095, 2255], [3092, 2251], [3092, 2238], [3088, 2234], [3088, 2227], [3085, 2224], [3085, 2221], [3081, 2217], [3081, 2210], [3078, 2207], [3078, 2204], [3075, 2200], [3075, 2197], [3068, 2190], [3068, 2186], [3054, 2173], [3054, 2169], [3023, 2139], [3020, 2139], [3016, 2135], [3013, 2135], [3010, 2132], [3003, 2132], [2999, 2128], [2969, 2128], [2965, 2132], [2958, 2132], [2955, 2135], [2948, 2135], [2945, 2139], [2941, 2139], [2938, 2142], [2934, 2142], [2931, 2145], [2928, 2145], [2924, 2149], [2917, 2149], [2914, 2152], [2910, 2152], [2907, 2156], [2900, 2156], [2897, 2159], [2883, 2159], [2880, 2156], [2869, 2156], [2866, 2152], [2863, 2152], [2859, 2149], [2856, 2149], [2852, 2145], [2849, 2145], [2845, 2142], [2839, 2142], [2835, 2139], [2832, 2139], [2828, 2135], [2825, 2135], [2822, 2132], [2811, 2132], [2808, 2128], [2801, 2128], [2798, 2125], [2784, 2125], [2780, 2121], [2753, 2121], [2750, 2118], [2746, 2118], [2743, 2115], [2743, 2104], [2551, 2104], [2551, 2115], [2544, 2121], [2538, 2121], [2531, 2128], [2527, 2128], [2521, 2135], [2517, 2135], [2514, 2139], [2510, 2139], [2503, 2145], [2500, 2145], [2493, 2152], [2490, 2152], [2486, 2156], [2483, 2156], [2480, 2159], [2476, 2159], [2473, 2162], [2469, 2162], [2466, 2166], [2459, 2166], [2456, 2169], [2421, 2169], [2418, 2166], [2415, 2166], [2411, 2162], [2408, 2162], [2404, 2159], [2401, 2159], [2394, 2152], [2391, 2152], [2387, 2149], [2384, 2149], [2380, 2145], [2377, 2145], [2373, 2142], [2370, 2142], [2367, 2139], [2363, 2139], [2360, 2135], [2350, 2135], [2346, 2132], [2326, 2132], [2322, 2135], [2308, 2135], [2305, 2139], [2295, 2139], [2291, 2142], [2288, 2142], [2285, 2145], [2281, 2145], [2278, 2149], [2274, 2149], [2271, 2152], [2267, 2152], [2257, 2162], [2254, 2162], [2244, 2173], [2240, 2173], [2230, 2183], [2226, 2183], [2223, 2186], [2220, 2186], [2216, 2190], [2213, 2190], [2209, 2193], [2196, 2193]]",0.94,ASOK_KAN046h.JPG,ASOK_KAN046h,Karnataka,Āndhradeśa,Kaṇagaṇahaḷḷi,Armées et partage des reliques,1 B.C. ; 1 A.D. ; 2 A.D. ; 3 A.D. ,Stūpa ; panneau,bouddhisme,In situ,Maronet Léa
ASOK_KAN036c_lotus_8448.png,lotus,"[[901, 2237], [901, 2928], [911, 2928], [945, 2962], [949, 2962], [959, 2972], [959, 2975], [962, 2979], [962, 2986], [980, 3003], [980, 3010], [983, 3013], [983, 3016], [986, 3020], [986, 3023], [990, 3027], [990, 3030], [993, 3034], [993, 3037], [997, 3040], [997, 3044], [1007, 3054], [1007, 3057], [1010, 3061], [1010, 3064], [1014, 3068], [1014, 3075], [1021, 3081], [1021, 3085], [1024, 3088], [1024, 3092], [1041, 3109], [1041, 3112], [1044, 3116], [1044, 3119], [1055, 3129], [1055, 3133], [1068, 3146], [1068, 3150], [1072, 3153], [1072, 3157], [1079, 3164], [1079, 3167], [1082, 3170], [1082, 3174], [1089, 3181], [1089, 3184], [1096, 3191], [1096, 3194], [1099, 3198], [1099, 3201], [1106, 3208], [1106, 3211], [1116, 3222], [1116, 3225], [1123, 3232], [1123, 3235], [1150, 3263], [1150, 3266], [1164, 3280], [1168, 3280], [1181, 3293], [1185, 3293], [1191, 3300], [1195, 3300], [1219, 3324], [1222, 3324], [1226, 3328], [1229, 3328], [1239, 3338], [1243, 3338], [1250, 3345], [1253, 3345], [1260, 3352], [1263, 3352], [1274, 3362], [1277, 3362], [1297, 3382], [1308, 3382], [1311, 3386], [1318, 3386], [1321, 3389], [1328, 3389], [1332, 3393], [1335, 3393], [1339, 3396], [1342, 3396], [1345, 3399], [1349, 3399], [1352, 3403], [1356, 3403], [1359, 3406], [1362, 3406], [1366, 3410], [1369, 3410], [1373, 3413], [1376, 3413], [1380, 3417], [1383, 3417], [1386, 3420], [1390, 3420], [1407, 3437], [1410, 3437], [1417, 3444], [1421, 3444], [1424, 3447], [1427, 3447], [1431, 3451], [1438, 3451], [1441, 3454], [1455, 3454], [1458, 3458], [1472, 3458], [1475, 3461], [1489, 3461], [1492, 3464], [1503, 3464], [1506, 3468], [1509, 3468], [1516, 3475], [1523, 3475], [1527, 3478], [1533, 3478], [1537, 3482], [1550, 3482], [1554, 3485], [1574, 3485], [1578, 3488], [1585, 3488], [1588, 3492], [1605, 3492], [1609, 3495], [1629, 3495], [1633, 3499], [1639, 3499], [1643, 3502], [1646, 3502], [1650, 3506], [1663, 3506], [1667, 3509], [1684, 3509], [1687, 3512], [1701, 3512], [1704, 3516], [1718, 3516], [1721, 3519], [1749, 3519], [1752, 3523], [1810, 3523], [1814, 3519], [1865, 3519], [1868, 3516], [1899, 3516], [1903, 3512], [1930, 3512], [1933, 3509], [1961, 3509], [1964, 3506], [1988, 3506], [1992, 3502], [1998, 3502], [2002, 3499], [2012, 3499], [2015, 3495], [2026, 3495], [2029, 3492], [2050, 3492], [2053, 3488], [2077, 3488], [2080, 3485], [2101, 3485], [2104, 3482], [2111, 3482], [2115, 3478], [2118, 3478], [2121, 3475], [2128, 3475], [2132, 3471], [2135, 3471], [2142, 3464], [2149, 3464], [2152, 3461], [2156, 3461], [2159, 3458], [2166, 3458], [2169, 3454], [2173, 3454], [2176, 3451], [2180, 3451], [2186, 3444], [2190, 3444], [2197, 3437], [2200, 3437], [2204, 3434], [2207, 3434], [2210, 3430], [2214, 3430], [2217, 3427], [2221, 3427], [2224, 3423], [2227, 3423], [2231, 3420], [2241, 3420], [2245, 3417], [2262, 3417], [2265, 3420], [2268, 3420], [2275, 3427], [2279, 3427], [2282, 3430], [2289, 3430], [2292, 3434], [2296, 3434], [2306, 3444], [2306, 3447], [2309, 3451], [2316, 3451], [2320, 3454], [2323, 3454], [2327, 3458], [2330, 3458], [2333, 3461], [2340, 3461], [2344, 3464], [2351, 3464], [2354, 3468], [2357, 3468], [2361, 3471], [2368, 3471], [2371, 3475], [2378, 3475], [2381, 3478], [2388, 3478], [2392, 3482], [2402, 3482], [2405, 3485], [2412, 3485], [2415, 3488], [2422, 3488], [2426, 3492], [2457, 3492], [2460, 3488], [2511, 3488], [2515, 3485], [2542, 3485], [2545, 3482], [2552, 3482], [2556, 3478], [2569, 3478], [2573, 3475], [2583, 3475], [2586, 3471], [2593, 3471], [2597, 3468], [2600, 3468], [2607, 3461], [2610, 3461], [2614, 3458], [2621, 3458], [2627, 3451], [2631, 3451], [2638, 3444], [2641, 3444], [2645, 3441], [2651, 3441], [2655, 3437], [2658, 3437], [2665, 3430], [2675, 3430], [2679, 3427], [2706, 3427], [2710, 3430], [2713, 3430], [2716, 3434], [2727, 3434], [2730, 3430], [2744, 3444], [2744, 3447], [2747, 3451], [2747, 3454], [2744, 3458], [2744, 3475], [2747, 3478], [2747, 3482], [2744, 3485], [2744, 3502], [2747, 3506], [2747, 3512], [2757, 3512], [2757, 3010], [2744, 3010], [2740, 3013], [2737, 3013], [2733, 3016], [2727, 3016], [2723, 3013], [2720, 3013], [2716, 3010], [2716, 3003], [2710, 2996], [2710, 2992], [2706, 2989], [2706, 2972], [2703, 2969], [2703, 2938], [2699, 2934], [2699, 2924], [2696, 2921], [2696, 2917], [2692, 2914], [2692, 2910], [2689, 2907], [2689, 2886], [2686, 2883], [2686, 2859], [2689, 2856], [2689, 2832], [2686, 2828], [2686, 2770], [2689, 2767], [2689, 2726], [2692, 2722], [2692, 2709], [2696, 2705], [2696, 2698], [2699, 2695], [2699, 2681], [2703, 2678], [2703, 2606], [2706, 2603], [2706, 2582], [2703, 2579], [2703, 2575], [2706, 2572], [2706, 2558], [2710, 2555], [2710, 2551], [2713, 2548], [2713, 2538], [2716, 2534], [2716, 2527], [2720, 2524], [2720, 2500], [2723, 2497], [2723, 2476], [2727, 2473], [2727, 2397], [2730, 2394], [2730, 2370], [2733, 2367], [2733, 2288], [2737, 2285], [2737, 2278], [2740, 2274], [2740, 2261], [2744, 2257], [2757, 2257], [2757, 2100], [2747, 2100], [2737, 2110], [2737, 2114], [2733, 2117], [2730, 2114], [2730, 2100], [2727, 2096], [2727, 2028], [2723, 2025], [2723, 1990], [2720, 1987], [2720, 1980], [2716, 1977], [2716, 1960], [2713, 1956], [2713, 1946], [2710, 1943], [2710, 1936], [2706, 1932], [2706, 1929], [2703, 1929], [2699, 1925], [2692, 1925], [2689, 1922], [2682, 1922], [2679, 1919], [2675, 1919], [2665, 1908], [2662, 1908], [2658, 1905], [2655, 1905], [2651, 1902], [2648, 1902], [2638, 1891], [2634, 1891], [2624, 1881], [2621, 1881], [2600, 1860], [2597, 1860], [2580, 1843], [2576, 1843], [2569, 1837], [2566, 1837], [2559, 1830], [2556, 1830], [2552, 1826], [2542, 1826], [2539, 1823], [2518, 1823], [2515, 1826], [2511, 1826], [2508, 1823], [2491, 1823], [2487, 1819], [2474, 1819], [2470, 1816], [2457, 1816], [2453, 1813], [2419, 1813], [2409, 1802], [2405, 1802], [2402, 1799], [2398, 1799], [2395, 1796], [2392, 1796], [2388, 1792], [2385, 1792], [2381, 1789], [2368, 1789], [2364, 1785], [2351, 1785], [2347, 1782], [2330, 1782], [2327, 1785], [2309, 1785], [2306, 1789], [2299, 1789], [2296, 1792], [2279, 1792], [2275, 1796], [2268, 1796], [2265, 1799], [2258, 1799], [2255, 1802], [2251, 1802], [2241, 1813], [2238, 1813], [2234, 1816], [2227, 1816], [2221, 1823], [2217, 1823], [2214, 1826], [2166, 1826], [2162, 1823], [2149, 1823], [2145, 1819], [2132, 1819], [2128, 1816], [2118, 1816], [2115, 1813], [2108, 1813], [2104, 1809], [2098, 1809], [2094, 1806], [2084, 1806], [2080, 1802], [2067, 1802], [2063, 1799], [2036, 1799], [2033, 1796], [2015, 1796], [2012, 1792], [1992, 1792], [1988, 1789], [1964, 1789], [1961, 1785], [1954, 1785], [1951, 1782], [1944, 1782], [1940, 1778], [1933, 1778], [1930, 1775], [1927, 1775], [1920, 1768], [1920, 1765], [1927, 1758], [1957, 1758], [1961, 1754], [1964, 1754], [1971, 1748], [1971, 1744], [1974, 1741], [1974, 1731], [1872, 1731], [1872, 1741], [1862, 1751], [1862, 1754], [1858, 1758], [1841, 1758], [1838, 1754], [1817, 1754], [1814, 1751], [1810, 1751], [1803, 1744], [1800, 1744], [1797, 1741], [1797, 1731], [1592, 1731], [1592, 1741], [1585, 1748], [1581, 1748], [1578, 1751], [1574, 1751], [1557, 1768], [1554, 1768], [1550, 1772], [1544, 1772], [1540, 1775], [1537, 1775], [1533, 1778], [1527, 1778], [1523, 1782], [1516, 1782], [1513, 1785], [1509, 1785], [1509, 1789], [1492, 1806], [1489, 1806], [1486, 1809], [1482, 1809], [1479, 1813], [1475, 1813], [1472, 1816], [1458, 1816], [1455, 1819], [1448, 1819], [1444, 1823], [1434, 1823], [1431, 1826], [1431, 1830], [1427, 1833], [1427, 1837], [1421, 1843], [1417, 1843], [1414, 1847], [1397, 1847], [1393, 1850], [1369, 1850], [1366, 1854], [1359, 1854], [1356, 1857], [1335, 1857], [1332, 1860], [1328, 1860], [1325, 1864], [1321, 1864], [1318, 1867], [1318, 1871], [1315, 1874], [1315, 1878], [1308, 1884], [1304, 1884], [1301, 1888], [1297, 1888], [1294, 1891], [1291, 1891], [1284, 1898], [1280, 1898], [1277, 1902], [1274, 1902], [1270, 1905], [1267, 1905], [1239, 1932], [1236, 1932], [1219, 1949], [1215, 1949], [1212, 1953], [1202, 1953], [1198, 1956], [1195, 1956], [1188, 1963], [1185, 1963], [1181, 1966], [1181, 1970], [1178, 1973], [1178, 1984], [1181, 1987], [1178, 1990], [1178, 1997], [1174, 2001], [1174, 2004], [1168, 2011], [1164, 2011], [1157, 2018], [1157, 2021], [1120, 2059], [1120, 2062], [1116, 2066], [1116, 2069], [1082, 2103], [1079, 2103], [1017, 2165], [1014, 2165], [1007, 2172], [1003, 2172], [993, 2182], [993, 2185], [986, 2192], [986, 2196], [969, 2213], [966, 2213], [962, 2216], [959, 2216], [956, 2220], [952, 2220], [938, 2233], [935, 2233], [932, 2237], [901, 2237]]",0.92,ASOK_KAN036c.JPG,ASOK_KAN036c,Karnataka,Āndhradeśa,Kaṇagaṇahaḷḷi,Simukha Sātavāhana,1 B.C. ; 1 A.D. ; 2 A.D. ; 3 A.D. ,Stūpa ; panneau,bouddhisme,In situ,Maronet Léa
ASOK_KAN036c_lotus_8449.png,lotus,"[[819, 3889], [819, 4600], [833, 4600], [836, 4603], [839, 4603], [843, 4607], [846, 4607], [850, 4610], [853, 4610], [856, 4614], [860, 4614], [863, 4617], [870, 4617], [874, 4620], [880, 4620], [884, 4624], [891, 4624], [894, 4627], [901, 4627], [904, 4631], [911, 4631], [915, 4634], [921, 4634], [925, 4638], [932, 4638], [938, 4644], [945, 4644], [949, 4648], [956, 4648], [959, 4651], [962, 4651], [966, 4655], [990, 4655], [993, 4651], [1014, 4651], [1017, 4648], [1058, 4648], [1062, 4651], [1072, 4651], [1075, 4655], [1082, 4655], [1086, 4658], [1096, 4658], [1099, 4661], [1109, 4661], [1113, 4665], [1120, 4665], [1123, 4668], [1130, 4668], [1133, 4672], [1137, 4672], [1140, 4675], [1144, 4675], [1157, 4689], [1164, 4689], [1168, 4692], [1178, 4692], [1181, 4696], [1188, 4696], [1191, 4699], [1195, 4699], [1198, 4702], [1209, 4702], [1212, 4706], [1219, 4706], [1222, 4709], [1229, 4709], [1233, 4713], [1243, 4713], [1246, 4716], [1250, 4716], [1253, 4720], [1256, 4720], [1263, 4726], [1267, 4726], [1274, 4733], [1277, 4733], [1280, 4737], [1291, 4737], [1294, 4740], [1349, 4740], [1352, 4744], [1356, 4744], [1366, 4754], [1366, 4757], [1369, 4761], [1369, 4778], [1838, 4778], [1838, 4767], [1845, 4761], [1858, 4761], [1862, 4757], [1865, 4757], [1868, 4754], [1872, 4754], [1875, 4750], [1882, 4750], [1886, 4747], [1889, 4747], [1892, 4744], [1896, 4744], [1899, 4740], [1920, 4740], [1923, 4737], [1940, 4737], [1944, 4733], [1951, 4733], [1954, 4730], [1961, 4730], [1964, 4726], [1968, 4726], [1971, 4730], [1981, 4730], [1985, 4733], [1995, 4733], [1998, 4737], [2012, 4737], [2015, 4733], [2039, 4733], [2043, 4737], [2053, 4737], [2056, 4740], [2060, 4740], [2063, 4744], [2067, 4744], [2070, 4747], [2074, 4747], [2077, 4750], [2077, 4757], [2070, 4764], [2070, 4778], [2221, 4778], [2221, 4764], [2224, 4761], [2224, 4757], [2227, 4754], [2227, 4750], [2224, 4747], [2224, 4733], [2221, 4730], [2221, 4713], [2224, 4709], [2224, 4706], [2227, 4702], [2231, 4702], [2234, 4699], [2238, 4699], [2241, 4696], [2248, 4696], [2251, 4692], [2268, 4692], [2272, 4696], [2275, 4696], [2279, 4699], [2279, 4713], [2275, 4716], [2275, 4720], [2272, 4723], [2272, 4733], [2268, 4737], [2272, 4740], [2272, 4747], [2275, 4750], [2275, 4754], [2279, 4757], [2279, 4761], [2282, 4764], [2282, 4778], [2303, 4778], [2303, 4764], [2306, 4761], [2313, 4761], [2320, 4767], [2320, 4778], [2378, 4778], [2378, 4733], [2381, 4730], [2381, 4723], [2388, 4716], [2395, 4716], [2398, 4713], [2402, 4713], [2405, 4709], [2412, 4716], [2415, 4716], [2426, 4726], [2419, 4733], [2419, 4740], [2415, 4744], [2415, 4747], [2412, 4750], [2415, 4754], [2415, 4757], [2426, 4767], [2426, 4778], [2487, 4778], [2487, 4761], [2491, 4757], [2491, 4730], [2487, 4726], [2498, 4716], [2501, 4716], [2504, 4713], [2562, 4713], [2566, 4709], [2573, 4716], [2576, 4716], [2586, 4726], [2586, 4730], [2590, 4733], [2590, 4737], [2600, 4747], [2604, 4747], [2607, 4750], [2607, 4757], [2610, 4761], [2610, 4778], [2614, 4778], [2614, 4764], [2621, 4757], [2627, 4764], [2627, 4778], [2716, 4778], [2716, 4631], [2706, 4631], [2703, 4627], [2703, 4607], [2699, 4603], [2699, 4528], [2696, 4525], [2696, 4487], [2699, 4484], [2699, 4419], [2696, 4415], [2696, 4398], [2692, 4395], [2692, 4360], [2689, 4357], [2689, 4333], [2686, 4330], [2686, 4309], [2689, 4306], [2689, 4285], [2692, 4282], [2692, 4261], [2696, 4258], [2696, 4244], [2699, 4241], [2699, 4227], [2703, 4224], [2703, 4217], [2706, 4213], [2716, 4213], [2716, 4145], [2706, 4145], [2703, 4142], [2703, 4138], [2699, 4135], [2699, 4114], [2696, 4111], [2696, 4090], [2692, 4087], [2692, 4077], [2689, 4073], [2689, 4039], [2692, 4036], [2692, 4029], [2696, 4025], [2696, 4008], [2699, 4005], [2699, 4001], [2703, 3998], [2703, 3995], [2706, 3991], [2716, 3991], [2716, 3673], [2699, 3673], [2699, 3697], [2703, 3700], [2703, 3752], [2699, 3755], [2699, 3783], [2696, 3786], [2696, 3793], [2692, 3796], [2692, 3806], [2686, 3813], [2686, 3817], [2679, 3824], [2672, 3824], [2668, 3820], [2662, 3820], [2658, 3817], [2651, 3817], [2648, 3813], [2621, 3813], [2617, 3810], [2607, 3810], [2600, 3803], [2597, 3803], [2593, 3800], [2590, 3800], [2586, 3796], [2583, 3796], [2569, 3783], [2525, 3783], [2508, 3800], [2504, 3800], [2501, 3803], [2498, 3803], [2491, 3810], [2487, 3810], [2484, 3813], [2477, 3813], [2474, 3810], [2470, 3810], [2463, 3803], [2463, 3800], [2460, 3796], [2457, 3796], [2453, 3793], [2436, 3793], [2433, 3789], [2429, 3789], [2426, 3793], [2398, 3793], [2395, 3789], [2388, 3789], [2381, 3783], [2378, 3783], [2374, 3779], [2371, 3779], [2368, 3776], [2361, 3776], [2357, 3772], [2306, 3772], [2303, 3776], [2296, 3776], [2292, 3779], [2289, 3779], [2286, 3783], [2282, 3783], [2279, 3786], [2279, 3789], [2268, 3800], [2265, 3800], [2258, 3806], [2255, 3806], [2251, 3810], [2221, 3810], [2217, 3806], [2214, 3806], [2207, 3800], [2204, 3800], [2200, 3796], [2197, 3796], [2190, 3789], [2186, 3789], [2183, 3786], [2180, 3786], [2176, 3783], [2173, 3783], [2166, 3776], [2162, 3776], [2156, 3769], [2152, 3769], [2149, 3765], [2145, 3765], [2142, 3762], [2139, 3762], [2135, 3759], [2132, 3759], [2128, 3755], [2115, 3755], [2111, 3752], [2104, 3752], [2101, 3748], [2094, 3748], [2091, 3745], [2084, 3745], [2080, 3741], [2077, 3741], [2074, 3738], [2067, 3738], [2063, 3735], [2056, 3735], [2053, 3731], [2033, 3731], [2029, 3728], [2019, 3728], [2015, 3724], [2009, 3724], [2005, 3721], [2002, 3721], [1998, 3718], [1995, 3718], [1992, 3714], [1981, 3714], [1978, 3711], [1974, 3711], [1968, 3704], [1954, 3704], [1951, 3700], [1944, 3700], [1940, 3697], [1923, 3697], [1920, 3694], [1903, 3694], [1899, 3690], [1879, 3690], [1875, 3687], [1865, 3687], [1862, 3683], [1862, 3673], [1766, 3673], [1766, 3683], [1762, 3687], [1756, 3687], [1752, 3690], [1728, 3690], [1725, 3694], [1701, 3694], [1697, 3697], [1684, 3697], [1680, 3700], [1674, 3700], [1670, 3704], [1660, 3704], [1656, 3707], [1650, 3707], [1646, 3711], [1643, 3711], [1639, 3714], [1629, 3714], [1626, 3718], [1622, 3718], [1619, 3721], [1615, 3721], [1612, 3724], [1605, 3724], [1602, 3728], [1598, 3728], [1588, 3738], [1585, 3738], [1581, 3741], [1571, 3741], [1557, 3755], [1550, 3755], [1547, 3759], [1540, 3759], [1533, 3765], [1530, 3765], [1527, 3769], [1523, 3769], [1520, 3772], [1516, 3772], [1513, 3776], [1513, 3779], [1503, 3789], [1496, 3789], [1492, 3793], [1486, 3793], [1482, 3796], [1479, 3796], [1475, 3800], [1427, 3800], [1421, 3806], [1414, 3806], [1410, 3810], [1403, 3810], [1397, 3817], [1393, 3817], [1390, 3820], [1380, 3820], [1376, 3824], [1373, 3824], [1369, 3827], [1366, 3827], [1362, 3830], [1356, 3830], [1352, 3834], [1349, 3834], [1345, 3837], [1339, 3837], [1335, 3841], [1304, 3841], [1301, 3844], [1294, 3844], [1291, 3841], [1274, 3841], [1270, 3837], [1263, 3837], [1256, 3830], [1256, 3827], [1236, 3827], [1233, 3830], [1198, 3830], [1185, 3817], [1181, 3817], [1174, 3810], [1168, 3810], [1164, 3806], [1154, 3806], [1150, 3810], [1127, 3810], [1123, 3806], [1116, 3806], [1113, 3803], [1106, 3803], [1092, 3789], [1055, 3789], [1051, 3793], [1038, 3793], [1034, 3796], [962, 3796], [959, 3793], [952, 3793], [949, 3796], [938, 3796], [935, 3800], [932, 3800], [928, 3803], [925, 3803], [918, 3810], [915, 3810], [911, 3813], [904, 3813], [901, 3817], [894, 3817], [891, 3820], [846, 3820], [843, 3824], [843, 3837], [839, 3841], [839, 3851], [836, 3854], [836, 3875], [833, 3878], [833, 3885], [829, 3889], [819, 3889]]",0.55,ASOK_KAN036c.JPG,ASOK_KAN036c,Karnataka,Āndhradeśa,Kaṇagaṇahaḷḷi,Simukha Sātavāhana,1 B.C. ; 1 A.D. ; 2 A.D. ; 3 A.D. ,Stūpa ; panneau,bouddhisme,In situ,Maronet Léa
ASOK_AMA011_lotus_8685.png,lotus,"[[45, 906], [45, 1066], [137, 1066], [137, 1064], [138, 1063], [140, 1063], [141, 1062], [148, 1062], [148, 1061], [152, 1061], [152, 1062], [163, 1062], [164, 1063], [165, 1063], [166, 1064], [166, 1066], [195, 1066], [195, 1064], [196, 1063], [201, 1063], [202, 1062], [229, 1062], [230, 1061], [233, 1061], [234, 1060], [235, 1061], [237, 1061], [238, 1060], [243, 1060], [244, 1060], [264, 1060], [265, 1059], [272, 1059], [272, 1060], [274, 1060], [275, 1059], [276, 1060], [278, 1060], [279, 1060], [277, 1063], [277, 1066], [310, 1066], [310, 1064], [312, 1062], [315, 1062], [316, 1061], [318, 1060], [322, 1060], [322, 1059], [332, 1059], [333, 1058], [339, 1058], [340, 1059], [346, 1059], [346, 1060], [352, 1060], [353, 1060], [353, 1061], [354, 1062], [354, 1063], [355, 1064], [355, 1066], [361, 1066], [361, 1064], [362, 1063], [363, 1062], [369, 1062], [370, 1061], [371, 1060], [375, 1060], [376, 1060], [385, 1060], [388, 1063], [388, 1066], [510, 1066], [510, 1063], [508, 1060], [522, 1060], [523, 1059], [527, 1059], [528, 1060], [532, 1060], [530, 1063], [529, 1064], [529, 1066], [632, 1066], [632, 1064], [630, 1064], [629, 1063], [629, 1059], [630, 1058], [632, 1058], [632, 830], [630, 830], [629, 829], [629, 826], [628, 825], [628, 820], [628, 819], [628, 814], [627, 813], [627, 807], [626, 806], [626, 803], [626, 802], [626, 801], [625, 800], [624, 799], [624, 798], [623, 797], [622, 797], [621, 796], [613, 796], [612, 796], [608, 796], [608, 795], [604, 795], [604, 794], [602, 794], [601, 794], [598, 794], [592, 794], [591, 794], [587, 794], [586, 793], [585, 792], [583, 792], [582, 793], [581, 793], [580, 794], [578, 794], [578, 795], [576, 795], [575, 796], [574, 796], [573, 796], [571, 796], [570, 797], [568, 797], [566, 800], [565, 800], [563, 800], [562, 801], [561, 802], [559, 802], [558, 802], [557, 802], [556, 802], [549, 802], [548, 801], [547, 801], [546, 800], [544, 800], [541, 796], [540, 796], [537, 794], [536, 794], [536, 793], [536, 792], [534, 790], [533, 790], [522, 779], [522, 778], [521, 778], [520, 778], [519, 776], [518, 776], [517, 776], [516, 776], [515, 775], [514, 775], [514, 774], [513, 774], [512, 772], [511, 772], [510, 772], [509, 772], [508, 770], [507, 770], [506, 769], [505, 769], [504, 768], [503, 768], [501, 766], [500, 766], [500, 765], [499, 765], [498, 764], [497, 764], [494, 760], [493, 760], [491, 759], [490, 759], [490, 758], [489, 758], [488, 758], [486, 756], [484, 756], [484, 755], [482, 755], [482, 754], [480, 754], [479, 754], [478, 754], [478, 753], [476, 753], [476, 752], [475, 752], [474, 752], [473, 752], [471, 749], [470, 749], [470, 748], [469, 748], [468, 748], [467, 748], [466, 747], [464, 746], [463, 745], [462, 745], [461, 744], [458, 744], [457, 743], [455, 743], [454, 742], [453, 742], [452, 742], [451, 742], [450, 741], [449, 741], [448, 740], [446, 739], [444, 737], [443, 737], [442, 736], [441, 736], [440, 735], [439, 734], [438, 734], [437, 734], [436, 734], [435, 732], [434, 732], [433, 731], [431, 731], [430, 730], [429, 730], [428, 730], [427, 730], [426, 729], [422, 729], [422, 728], [419, 728], [418, 728], [417, 728], [416, 727], [413, 727], [412, 726], [410, 726], [409, 725], [406, 725], [406, 724], [405, 724], [404, 724], [403, 724], [402, 723], [401, 723], [399, 721], [395, 721], [394, 722], [394, 723], [393, 724], [394, 726], [394, 727], [393, 728], [392, 728], [390, 730], [383, 730], [382, 729], [380, 729], [379, 730], [375, 730], [374, 730], [365, 730], [364, 729], [364, 728], [363, 728], [363, 727], [365, 724], [366, 724], [367, 724], [368, 724], [370, 722], [371, 722], [374, 722], [374, 721], [375, 721], [375, 720], [376, 719], [376, 716], [286, 716], [286, 718], [286, 719], [285, 720], [284, 720], [283, 722], [282, 722], [281, 722], [272, 722], [271, 723], [268, 723], [267, 724], [265, 724], [264, 724], [262, 724], [262, 725], [259, 725], [258, 726], [256, 726], [256, 727], [252, 727], [251, 728], [250, 728], [249, 728], [248, 728], [247, 729], [245, 729], [242, 732], [240, 734], [239, 734], [237, 736], [236, 736], [235, 736], [234, 737], [233, 737], [231, 740], [230, 740], [227, 740], [226, 741], [225, 742], [220, 742], [218, 742], [217, 743], [216, 743], [215, 744], [214, 744], [213, 746], [212, 746], [211, 746], [210, 747], [209, 747], [208, 748], [207, 748], [206, 748], [206, 749], [205, 749], [204, 750], [203, 750], [202, 751], [201, 752], [200, 752], [199, 752], [197, 752], [196, 753], [194, 754], [193, 755], [192, 755], [191, 756], [190, 756], [190, 757], [189, 757], [188, 758], [187, 758], [186, 758], [185, 759], [184, 759], [184, 760], [183, 760], [182, 761], [181, 761], [180, 762], [178, 762], [178, 763], [177, 763], [176, 764], [175, 764], [174, 764], [173, 765], [172, 765], [171, 766], [170, 766], [168, 768], [167, 768], [166, 770], [165, 770], [164, 771], [163, 771], [154, 780], [154, 781], [153, 782], [152, 782], [148, 786], [147, 786], [146, 788], [145, 788], [144, 788], [143, 788], [142, 790], [141, 790], [140, 791], [139, 791], [136, 794], [134, 795], [129, 800], [128, 800], [115, 813], [114, 813], [109, 818], [108, 818], [105, 821], [105, 822], [104, 824], [103, 824], [100, 826], [100, 827], [100, 828], [99, 829], [99, 830], [98, 830], [95, 832], [95, 833], [94, 834], [94, 835], [94, 836], [93, 837], [93, 838], [92, 839], [92, 840], [91, 841], [91, 842], [88, 844], [88, 845], [88, 846], [87, 847], [87, 848], [86, 848], [82, 851], [82, 853], [80, 856], [79, 856], [77, 857], [77, 858], [76, 859], [76, 860], [75, 861], [74, 861], [74, 862], [73, 862], [72, 862], [72, 863], [71, 864], [71, 865], [70, 866], [70, 867], [69, 868], [68, 869], [68, 871], [68, 872], [67, 873], [67, 874], [66, 875], [66, 876], [65, 877], [65, 878], [64, 879], [64, 881], [64, 882], [64, 883], [63, 884], [63, 885], [62, 886], [62, 887], [62, 888], [61, 889], [61, 890], [60, 890], [60, 891], [59, 892], [58, 893], [58, 894], [58, 895], [58, 896], [56, 898], [55, 899], [55, 900], [53, 902], [52, 904], [51, 905], [50, 905], [50, 906], [45, 906]]",0.95,ASOK_AMA011.jpg,ASOK_AMA011,Andhra Pradesh,Āndhradeśa,Amarāvatī,Pilier de balustrade avec médaillon lotiforme et scènes dans une cour royale,1 A.D. ; 2 A.D. ; 3 A.D.,Stūpa ; balustrade ; pilier,bouddhisme,The British Museum,Maronet Léa
ASOK_TEL004_lion_8728.png,lion,"[[2836, 4870], [2836, 4938], [2845, 4938], [2849, 4941], [2849, 4944], [2852, 4947], [2852, 4957], [2855, 4960], [2855, 4967], [2858, 4970], [2858, 4990], [2862, 4993], [2862, 5016], [2865, 5019], [2865, 5035], [2871, 5041], [2871, 5045], [2875, 5048], [2875, 5061], [2878, 5064], [2878, 5067], [2881, 5071], [2881, 5074], [2884, 5077], [2884, 5080], [2901, 5097], [2901, 5100], [2910, 5109], [2913, 5109], [2920, 5116], [2923, 5116], [2936, 5129], [2939, 5129], [2959, 5148], [2959, 5152], [2965, 5158], [2969, 5158], [2975, 5165], [2978, 5165], [2991, 5178], [2991, 5181], [3454, 5181], [3454, 4695], [3445, 4695], [3438, 4688], [3438, 4685], [3425, 4672], [3422, 4672], [3419, 4669], [3390, 4669], [3386, 4666], [3380, 4666], [3377, 4662], [3373, 4662], [3370, 4659], [3367, 4659], [3364, 4656], [3364, 4653], [3360, 4649], [3360, 4646], [3354, 4640], [3354, 4636], [3351, 4633], [3351, 4627], [3347, 4623], [3347, 4620], [3344, 4617], [3344, 4614], [3341, 4611], [3341, 4607], [3338, 4604], [3338, 4594], [3260, 4594], [3260, 4604], [3254, 4611], [3241, 4611], [3237, 4607], [3234, 4607], [3231, 4604], [3231, 4594], [3173, 4594], [3173, 4604], [3160, 4617], [3160, 4620], [3156, 4623], [3156, 4630], [3153, 4633], [3153, 4649], [3150, 4653], [3150, 4669], [3147, 4672], [3147, 4675], [3140, 4682], [3137, 4682], [3134, 4685], [3134, 4692], [3130, 4695], [3130, 4698], [3121, 4708], [3082, 4708], [3079, 4704], [3050, 4704], [3046, 4708], [3027, 4708], [3024, 4711], [3017, 4711], [3014, 4714], [3011, 4714], [3007, 4717], [3001, 4717], [2994, 4724], [2991, 4724], [2988, 4727], [2985, 4727], [2981, 4730], [2978, 4730], [2975, 4734], [2972, 4734], [2969, 4737], [2965, 4737], [2962, 4740], [2959, 4740], [2956, 4743], [2952, 4743], [2949, 4747], [2946, 4747], [2939, 4753], [2936, 4753], [2930, 4760], [2926, 4760], [2923, 4763], [2920, 4763], [2917, 4766], [2913, 4766], [2894, 4785], [2894, 4789], [2884, 4798], [2884, 4802], [2878, 4808], [2878, 4811], [2875, 4815], [2875, 4818], [2871, 4821], [2871, 4824], [2868, 4828], [2868, 4831], [2862, 4837], [2862, 4841], [2858, 4844], [2858, 4850], [2855, 4854], [2855, 4857], [2852, 4860], [2852, 4863], [2845, 4870], [2836, 4870]]",0.35,ASOK_TEL004.JPG,ASOK_TEL004,Telangana,Āndhradeśa,Phanigiri,Médaillon et demi-médaillons lotiformes et taureaux,3 A.D.,Stūpa ; frise,bouddhisme,Telangana Department of Heritage,Maronet Léa
ASOK_CHAN004_lotus_8771.png,lotus,"[[568, 928], [568, 1486], [578, 1486], [581, 1489], [585, 1489], [588, 1492], [595, 1492], [598, 1496], [605, 1496], [609, 1499], [612, 1499], [616, 1503], [622, 1503], [626, 1506], [633, 1506], [636, 1509], [646, 1509], [650, 1513], [657, 1513], [660, 1516], [674, 1516], [677, 1520], [718, 1520], [722, 1516], [732, 1516], [735, 1513], [742, 1513], [746, 1509], [749, 1509], [752, 1506], [756, 1506], [759, 1503], [770, 1503], [773, 1499], [780, 1499], [783, 1496], [814, 1496], [817, 1492], [831, 1492], [834, 1489], [845, 1489], [848, 1486], [855, 1486], [858, 1482], [862, 1482], [865, 1479], [869, 1479], [876, 1472], [876, 1444], [882, 1438], [882, 1434], [886, 1431], [886, 1421], [889, 1417], [889, 1414], [896, 1407], [899, 1407], [903, 1403], [910, 1403], [913, 1400], [940, 1400], [944, 1397], [968, 1397], [971, 1393], [1029, 1393], [1033, 1390], [1057, 1390], [1060, 1386], [1122, 1386], [1125, 1383], [1149, 1383], [1153, 1380], [1166, 1380], [1170, 1376], [1214, 1376], [1221, 1383], [1231, 1383], [1241, 1373], [1245, 1373], [1255, 1362], [1262, 1362], [1265, 1359], [1269, 1362], [1272, 1362], [1276, 1366], [1276, 1373], [1272, 1376], [1272, 1383], [1269, 1386], [1269, 1390], [1262, 1397], [1259, 1397], [1255, 1400], [1245, 1400], [1241, 1403], [1224, 1403], [1224, 1407], [1221, 1410], [1221, 1414], [1218, 1417], [1218, 1421], [1214, 1424], [1214, 1427], [1211, 1431], [1211, 1434], [1207, 1438], [1207, 1441], [1204, 1444], [1204, 1455], [1207, 1458], [1207, 1465], [1211, 1468], [1211, 1479], [1214, 1482], [1214, 1489], [1218, 1492], [1218, 1499], [1224, 1506], [1228, 1506], [1231, 1509], [1235, 1509], [1238, 1513], [1241, 1513], [1245, 1516], [1248, 1516], [1252, 1520], [1255, 1520], [1259, 1523], [1262, 1523], [1265, 1527], [1269, 1527], [1272, 1530], [1279, 1530], [1282, 1533], [1286, 1533], [1289, 1537], [1293, 1537], [1300, 1544], [1300, 1554], [1365, 1554], [1365, 1544], [1371, 1537], [1375, 1537], [1378, 1533], [1382, 1533], [1385, 1530], [1389, 1530], [1406, 1513], [1406, 1509], [1409, 1506], [1409, 1503], [1416, 1496], [1416, 1492], [1419, 1489], [1419, 1486], [1423, 1482], [1423, 1475], [1426, 1472], [1426, 1468], [1430, 1465], [1440, 1465], [1443, 1468], [1443, 1482], [1447, 1486], [1447, 1503], [1450, 1506], [1450, 1513], [1454, 1516], [1454, 1523], [1457, 1527], [1467, 1527], [1467, 1342], [1454, 1342], [1454, 1345], [1450, 1349], [1450, 1352], [1447, 1356], [1447, 1362], [1443, 1366], [1443, 1373], [1440, 1376], [1440, 1380], [1436, 1383], [1436, 1393], [1433, 1397], [1433, 1400], [1430, 1403], [1426, 1400], [1426, 1397], [1423, 1393], [1423, 1352], [1426, 1349], [1426, 1311], [1430, 1308], [1430, 1280], [1433, 1277], [1433, 1253], [1436, 1250], [1436, 1239], [1440, 1236], [1440, 1226], [1443, 1222], [1443, 1188], [1447, 1185], [1447, 1168], [1450, 1164], [1450, 1154], [1457, 1147], [1467, 1147], [1467, 942], [1454, 942], [1450, 938], [1450, 928], [568, 928]]",0.83,ASOK_CHAN004.JPG,ASOK_CHAN004,Andhra Pradesh,Āndhradeśa,Chandavaram,Élément de balustrade,1 A.D.,Stūpa ; panneau,bouddhisme,Telangana State Archaeology Museum,Maronet Léa
ASOK_CHAN004_lotus_8772.png,lotus,"[[1457, 1284], [1457, 1581], [1467, 1581], [1471, 1585], [1471, 1588], [1474, 1592], [1474, 1598], [1477, 1602], [1477, 1609], [1481, 1612], [1481, 1615], [1484, 1619], [1484, 1622], [1488, 1626], [1488, 1633], [1491, 1636], [1491, 1643], [1495, 1646], [1495, 1650], [1498, 1653], [1498, 1660], [1501, 1663], [1501, 1670], [1505, 1674], [1505, 1680], [1508, 1684], [1508, 1691], [1512, 1694], [1512, 1701], [1515, 1704], [1515, 1711], [1518, 1715], [1518, 1718], [1522, 1721], [1522, 1725], [1525, 1728], [1525, 1732], [1539, 1745], [1539, 1749], [1553, 1762], [1553, 1766], [1563, 1776], [1563, 1780], [1570, 1786], [1570, 1790], [1580, 1800], [1580, 1803], [1611, 1834], [1614, 1834], [1621, 1841], [1624, 1841], [1628, 1845], [1631, 1845], [1635, 1848], [1638, 1848], [1645, 1855], [1648, 1855], [1652, 1858], [1659, 1858], [1662, 1862], [1666, 1862], [1669, 1865], [1676, 1865], [1679, 1868], [1686, 1868], [1689, 1872], [1693, 1872], [1696, 1875], [1700, 1875], [1703, 1879], [1707, 1879], [1710, 1882], [1713, 1882], [1717, 1886], [1727, 1886], [1731, 1889], [1734, 1889], [1737, 1892], [1748, 1892], [1751, 1896], [1765, 1896], [1768, 1899], [1778, 1899], [1782, 1903], [1792, 1903], [1796, 1906], [1823, 1906], [1826, 1909], [1847, 1909], [1850, 1913], [1850, 1923], [2008, 1923], [2008, 1913], [2011, 1909], [2021, 1909], [2025, 1906], [2038, 1906], [2042, 1903], [2052, 1903], [2055, 1899], [2062, 1899], [2066, 1896], [2073, 1896], [2076, 1892], [2090, 1892], [2093, 1889], [2103, 1889], [2107, 1886], [2117, 1886], [2120, 1882], [2124, 1882], [2127, 1879], [2134, 1879], [2138, 1875], [2141, 1875], [2144, 1872], [2148, 1872], [2151, 1868], [2155, 1868], [2158, 1865], [2165, 1865], [2168, 1862], [2172, 1862], [2175, 1858], [2179, 1858], [2182, 1855], [2189, 1855], [2192, 1851], [2196, 1851], [2199, 1848], [2202, 1848], [2209, 1841], [2213, 1841], [2216, 1838], [2223, 1838], [2226, 1834], [2230, 1834], [2233, 1831], [2237, 1831], [2240, 1827], [2247, 1827], [2261, 1814], [2264, 1814], [2271, 1807], [2274, 1807], [2278, 1803], [2281, 1803], [2305, 1780], [2308, 1780], [2343, 1745], [2343, 1742], [2346, 1739], [2346, 1735], [2367, 1715], [2367, 1711], [2370, 1708], [2370, 1704], [2380, 1694], [2380, 1687], [2384, 1684], [2384, 1677], [2387, 1674], [2387, 1670], [2391, 1667], [2391, 1656], [2394, 1653], [2394, 1643], [2397, 1639], [2397, 1626], [2401, 1622], [2401, 1615], [2404, 1612], [2404, 1592], [2408, 1588], [2408, 1581], [2404, 1578], [2404, 1530], [2408, 1527], [2408, 1509], [2411, 1506], [2411, 1499], [2415, 1496], [2425, 1496], [2425, 956], [2377, 956], [2377, 973], [2373, 976], [2373, 1034], [2370, 1038], [2370, 1065], [2373, 1068], [2373, 1072], [2377, 1075], [2377, 1092], [2380, 1096], [2380, 1133], [2384, 1137], [2384, 1147], [2380, 1150], [2380, 1171], [2377, 1174], [2377, 1181], [2373, 1185], [2370, 1185], [2360, 1174], [2356, 1174], [2353, 1171], [2343, 1171], [2326, 1154], [2326, 1150], [2322, 1147], [2319, 1147], [2308, 1137], [2305, 1137], [2298, 1130], [2298, 1123], [2288, 1113], [2285, 1113], [2267, 1096], [2267, 1092], [2264, 1089], [2261, 1089], [2257, 1086], [2254, 1086], [2247, 1079], [2244, 1079], [2240, 1075], [2240, 1072], [2237, 1072], [2230, 1065], [2226, 1065], [2220, 1058], [2216, 1058], [2209, 1051], [2206, 1051], [2199, 1044], [2196, 1044], [2192, 1041], [2189, 1041], [2182, 1034], [2179, 1034], [2168, 1024], [2165, 1024], [2151, 1010], [2144, 1010], [2141, 1007], [2138, 1007], [2134, 1003], [2131, 1003], [2127, 1000], [2124, 1000], [2120, 997], [2117, 997], [2114, 993], [2110, 993], [2103, 986], [2100, 986], [2096, 983], [2093, 983], [2086, 976], [2083, 976], [2079, 973], [2076, 973], [2069, 966], [2069, 956], [1796, 956], [1796, 966], [1789, 973], [1785, 973], [1778, 980], [1775, 980], [1772, 983], [1768, 983], [1765, 986], [1761, 986], [1751, 997], [1748, 997], [1744, 1000], [1741, 1000], [1731, 1010], [1727, 1010], [1724, 1014], [1720, 1014], [1713, 1021], [1710, 1021], [1703, 1027], [1700, 1027], [1693, 1034], [1689, 1034], [1683, 1041], [1679, 1041], [1669, 1051], [1666, 1051], [1655, 1062], [1652, 1062], [1642, 1072], [1638, 1072], [1628, 1082], [1624, 1082], [1611, 1096], [1607, 1096], [1604, 1099], [1601, 1099], [1566, 1133], [1566, 1137], [1560, 1144], [1560, 1147], [1553, 1154], [1553, 1157], [1546, 1164], [1546, 1168], [1539, 1174], [1539, 1178], [1532, 1185], [1532, 1188], [1529, 1191], [1529, 1195], [1525, 1198], [1525, 1202], [1522, 1205], [1518, 1205], [1505, 1219], [1505, 1222], [1501, 1226], [1501, 1229], [1498, 1233], [1498, 1236], [1495, 1239], [1495, 1243], [1491, 1246], [1491, 1250], [1484, 1256], [1484, 1260], [1477, 1267], [1477, 1270], [1474, 1274], [1474, 1277], [1467, 1284], [1457, 1284]]",0.95,ASOK_CHAN004.JPG,ASOK_CHAN004,Andhra Pradesh,Āndhradeśa,Chandavaram,Élément de balustrade,1 A.D.,Stūpa ; panneau,bouddhisme,Telangana State Archaeology Museum,Maronet Léa
ASOK_CHAN004_lotus_8774.png,lotus,"[[3304, 1219], [3304, 1537], [3314, 1537], [3317, 1540], [3317, 1547], [3321, 1550], [3321, 1564], [3324, 1568], [3324, 1585], [3328, 1588], [3328, 1595], [3334, 1602], [3334, 1605], [3338, 1605], [3345, 1612], [3345, 1615], [3348, 1619], [3348, 1629], [3352, 1633], [3352, 1653], [3355, 1656], [3355, 1670], [3358, 1674], [3358, 1684], [3362, 1687], [3362, 1691], [3369, 1697], [3369, 1701], [3379, 1711], [3379, 1715], [3382, 1718], [3382, 1721], [3399, 1739], [3399, 1742], [3403, 1745], [3403, 1749], [3410, 1756], [3410, 1759], [3413, 1762], [3413, 1766], [3451, 1803], [3454, 1803], [3458, 1807], [3461, 1807], [3464, 1810], [3468, 1810], [3475, 1817], [3478, 1817], [3482, 1821], [3485, 1821], [3492, 1827], [3495, 1827], [3499, 1831], [3506, 1831], [3509, 1834], [3512, 1834], [3516, 1838], [3523, 1838], [3526, 1841], [3533, 1841], [3536, 1845], [3540, 1845], [3543, 1848], [3547, 1848], [3550, 1851], [3557, 1851], [3560, 1855], [3567, 1855], [3570, 1858], [3577, 1858], [3581, 1862], [3591, 1862], [3594, 1865], [3601, 1865], [3605, 1868], [3612, 1868], [3615, 1872], [3622, 1872], [3625, 1875], [3635, 1875], [3639, 1879], [3649, 1879], [3653, 1882], [3666, 1882], [3670, 1886], [3697, 1886], [3700, 1889], [3718, 1889], [3721, 1892], [3735, 1892], [3738, 1896], [3745, 1896], [3748, 1899], [3748, 1909], [3762, 1909], [3762, 1899], [3765, 1896], [3783, 1896], [3786, 1892], [3806, 1892], [3810, 1889], [3824, 1889], [3827, 1886], [3837, 1886], [3841, 1882], [3858, 1882], [3861, 1879], [3882, 1879], [3885, 1875], [3895, 1875], [3899, 1872], [3909, 1872], [3912, 1868], [3923, 1868], [3926, 1865], [3936, 1865], [3940, 1862], [3947, 1862], [3950, 1858], [3957, 1858], [3960, 1855], [3964, 1855], [3967, 1851], [3974, 1851], [3977, 1848], [3981, 1848], [3984, 1845], [3991, 1845], [3995, 1841], [4001, 1841], [4005, 1838], [4008, 1838], [4012, 1834], [4015, 1834], [4018, 1831], [4025, 1831], [4032, 1824], [4036, 1824], [4046, 1814], [4049, 1814], [4060, 1803], [4063, 1803], [4073, 1793], [4077, 1793], [4083, 1786], [4087, 1786], [4097, 1776], [4101, 1776], [4111, 1766], [4114, 1766], [4125, 1756], [4128, 1756], [4135, 1749], [4138, 1749], [4145, 1742], [4148, 1742], [4152, 1739], [4155, 1739], [4176, 1718], [4176, 1715], [4190, 1701], [4193, 1701], [4196, 1697], [4203, 1697], [4207, 1694], [4210, 1694], [4217, 1687], [4217, 1684], [4220, 1680], [4220, 1670], [4217, 1667], [4220, 1663], [4220, 1656], [4224, 1653], [4224, 1643], [4227, 1639], [4227, 1636], [4237, 1626], [4237, 1619], [4234, 1615], [4234, 1595], [4227, 1588], [4227, 1574], [4231, 1571], [4231, 1561], [4234, 1557], [4234, 1554], [4237, 1550], [4237, 1544], [4241, 1540], [4241, 1530], [4244, 1527], [4244, 1516], [4248, 1513], [4248, 1509], [4251, 1506], [4251, 1503], [4254, 1499], [4254, 1496], [4261, 1489], [4272, 1489], [4272, 1325], [4261, 1325], [4254, 1318], [4254, 1315], [4251, 1311], [4251, 1301], [4248, 1297], [4248, 1294], [4244, 1291], [4244, 1287], [4241, 1284], [4241, 1270], [4237, 1267], [4237, 1260], [4234, 1256], [4234, 1253], [4231, 1250], [4231, 1243], [4227, 1239], [4227, 1236], [4220, 1229], [4220, 1226], [4217, 1222], [4217, 1219], [4213, 1215], [4213, 1212], [4207, 1205], [4207, 1202], [4203, 1198], [4203, 1195], [4200, 1191], [4200, 1188], [4186, 1174], [4186, 1171], [4145, 1130], [4145, 1127], [4121, 1103], [4121, 1099], [4114, 1092], [4111, 1092], [4104, 1086], [4104, 1082], [4087, 1065], [4083, 1065], [4056, 1038], [4053, 1038], [4036, 1021], [4036, 1017], [4032, 1014], [4029, 1014], [4018, 1003], [4015, 1003], [4008, 997], [4005, 997], [4001, 993], [3998, 993], [3995, 990], [3991, 990], [3988, 986], [3981, 986], [3977, 983], [3974, 983], [3971, 980], [3967, 980], [3964, 976], [3960, 976], [3957, 973], [3954, 973], [3947, 966], [3947, 956], [3670, 956], [3670, 966], [3663, 973], [3656, 973], [3653, 976], [3649, 976], [3646, 980], [3642, 980], [3639, 983], [3632, 983], [3629, 986], [3622, 986], [3618, 990], [3612, 990], [3608, 993], [3605, 993], [3601, 997], [3594, 997], [3591, 1000], [3584, 1000], [3581, 1003], [3577, 1003], [3570, 1010], [3567, 1010], [3564, 1014], [3560, 1014], [3557, 1017], [3553, 1017], [3547, 1024], [3543, 1024], [3540, 1027], [3536, 1027], [3533, 1031], [3529, 1031], [3526, 1034], [3523, 1034], [3519, 1038], [3516, 1038], [3512, 1041], [3509, 1041], [3502, 1048], [3499, 1048], [3495, 1051], [3492, 1051], [3482, 1062], [3478, 1062], [3471, 1068], [3468, 1068], [3464, 1072], [3461, 1072], [3458, 1075], [3454, 1075], [3444, 1086], [3441, 1086], [3434, 1092], [3430, 1092], [3389, 1133], [3389, 1137], [3376, 1150], [3372, 1150], [3369, 1154], [3369, 1157], [3362, 1164], [3362, 1168], [3352, 1178], [3348, 1178], [3334, 1191], [3334, 1195], [3321, 1209], [3321, 1212], [3314, 1219], [3304, 1219]]",0.95,ASOK_CHAN004.JPG,ASOK_CHAN004,Andhra Pradesh,Āndhradeśa,Chandavaram,Élément de balustrade,1 A.D.,Stūpa ; panneau,bouddhisme,Telangana State Archaeology Museum,Maronet Léa
ASOK_CHAN004_lotus_8775.png,lotus,"[[1471, 2545], [1471, 2826], [1481, 2826], [1508, 2853], [1508, 2857], [1512, 2860], [1512, 2863], [1515, 2867], [1515, 2877], [1518, 2880], [1518, 2891], [1522, 2894], [1522, 2901], [1518, 2904], [1518, 2915], [1522, 2918], [1522, 2928], [1518, 2932], [1518, 2942], [1522, 2945], [1522, 2952], [1525, 2956], [1536, 2956], [1556, 2976], [1556, 2980], [1570, 2993], [1570, 2997], [1573, 3000], [1573, 3004], [1587, 3017], [1590, 3017], [1597, 3024], [1597, 3027], [1604, 3034], [1604, 3062], [1601, 3065], [1601, 3068], [1597, 3072], [1597, 3075], [1601, 3079], [1607, 3079], [1611, 3082], [1628, 3082], [1631, 3086], [1666, 3086], [1669, 3089], [1707, 3089], [1710, 3092], [1724, 3092], [1727, 3096], [1772, 3096], [1775, 3092], [1813, 3092], [1816, 3089], [1840, 3089], [1843, 3092], [1854, 3092], [1857, 3096], [1867, 3096], [1871, 3099], [1878, 3099], [1881, 3103], [1881, 3113], [2117, 3113], [2117, 3103], [2124, 3096], [2127, 3096], [2134, 3089], [2138, 3089], [2144, 3082], [2144, 3079], [2155, 3068], [2158, 3068], [2168, 3058], [2172, 3058], [2196, 3034], [2199, 3034], [2206, 3027], [2209, 3027], [2213, 3024], [2216, 3024], [2223, 3017], [2226, 3017], [2233, 3010], [2237, 3010], [2244, 3004], [2247, 3004], [2250, 3000], [2254, 3000], [2264, 2990], [2267, 2990], [2274, 2983], [2278, 2983], [2298, 2963], [2302, 2963], [2308, 2956], [2312, 2956], [2319, 2949], [2322, 2949], [2336, 2935], [2339, 2935], [2350, 2925], [2353, 2925], [2360, 2918], [2360, 2915], [2380, 2894], [2380, 2887], [2384, 2884], [2384, 2880], [2387, 2877], [2387, 2874], [2391, 2870], [2391, 2863], [2394, 2860], [2394, 2853], [2397, 2850], [2397, 2843], [2401, 2839], [2401, 2829], [2404, 2826], [2404, 2815], [2408, 2812], [2408, 2805], [2411, 2802], [2411, 2795], [2415, 2792], [2415, 2771], [2418, 2768], [2418, 2740], [2421, 2737], [2421, 2716], [2425, 2713], [2425, 2710], [2428, 2706], [2438, 2706], [2438, 2501], [2428, 2501], [2425, 2498], [2425, 2494], [2421, 2491], [2421, 2474], [2418, 2470], [2418, 2467], [2415, 2463], [2415, 2457], [2411, 2453], [2411, 2450], [2408, 2446], [2408, 2436], [2404, 2433], [2404, 2422], [2401, 2419], [2401, 2415], [2397, 2412], [2397, 2409], [2394, 2405], [2394, 2402], [2391, 2398], [2391, 2392], [2387, 2388], [2387, 2385], [2384, 2381], [2384, 2378], [2380, 2374], [2380, 2371], [2377, 2368], [2377, 2364], [2373, 2361], [2373, 2357], [2367, 2351], [2360, 2351], [2353, 2344], [2353, 2340], [2332, 2320], [2329, 2320], [2326, 2316], [2326, 2313], [2322, 2309], [2319, 2309], [2302, 2292], [2298, 2292], [2285, 2279], [2281, 2279], [2267, 2265], [2264, 2265], [2254, 2255], [2250, 2255], [2230, 2234], [2226, 2234], [2209, 2217], [2206, 2217], [2202, 2214], [2199, 2214], [2192, 2207], [2189, 2207], [2185, 2204], [2182, 2204], [2179, 2200], [2172, 2200], [2168, 2197], [2161, 2197], [2158, 2193], [2151, 2193], [2148, 2190], [2141, 2190], [2134, 2183], [2134, 2173], [1826, 2173], [1826, 2183], [1809, 2200], [1806, 2200], [1799, 2207], [1796, 2207], [1789, 2214], [1785, 2214], [1782, 2217], [1772, 2217], [1768, 2221], [1761, 2221], [1758, 2224], [1754, 2224], [1751, 2227], [1744, 2227], [1741, 2231], [1737, 2231], [1734, 2234], [1727, 2234], [1724, 2238], [1720, 2238], [1717, 2241], [1710, 2241], [1707, 2245], [1700, 2245], [1696, 2248], [1689, 2248], [1686, 2251], [1683, 2251], [1679, 2255], [1676, 2255], [1669, 2262], [1666, 2262], [1659, 2268], [1655, 2268], [1645, 2279], [1642, 2279], [1624, 2296], [1621, 2296], [1590, 2327], [1590, 2330], [1580, 2340], [1580, 2344], [1566, 2357], [1566, 2361], [1560, 2368], [1560, 2371], [1556, 2374], [1556, 2378], [1539, 2395], [1539, 2398], [1532, 2405], [1532, 2409], [1525, 2415], [1525, 2419], [1522, 2422], [1522, 2426], [1515, 2433], [1515, 2436], [1512, 2439], [1512, 2443], [1508, 2446], [1508, 2453], [1505, 2457], [1505, 2467], [1501, 2470], [1501, 2480], [1498, 2484], [1498, 2498], [1495, 2501], [1495, 2511], [1491, 2515], [1491, 2525], [1488, 2528], [1488, 2535], [1484, 2539], [1484, 2542], [1481, 2545], [1471, 2545]]",0.96,ASOK_CHAN004.JPG,ASOK_CHAN004,Andhra Pradesh,Āndhradeśa,Chandavaram,Élément de balustrade,1 A.D.,Stūpa ; panneau,bouddhisme,Telangana State Archaeology Museum,Maronet Léa
ASOK_CHAN004_lotus_8776.png,lotus,"[[527, 2857], [527, 3092], [544, 3092], [547, 3096], [554, 3096], [561, 3103], [561, 3113], [612, 3113], [612, 3103], [616, 3099], [636, 3099], [640, 3096], [691, 3096], [694, 3092], [793, 3092], [797, 3096], [804, 3096], [807, 3092], [876, 3092], [879, 3096], [992, 3096], [995, 3099], [1077, 3099], [1081, 3096], [1153, 3096], [1156, 3092], [1183, 3092], [1187, 3096], [1197, 3096], [1200, 3092], [1378, 3092], [1382, 3096], [1406, 3096], [1409, 3092], [1481, 3092], [1481, 2939], [1471, 2939], [1464, 2932], [1464, 2928], [1460, 2925], [1460, 2887], [1464, 2884], [1464, 2880], [1460, 2877], [1460, 2870], [1457, 2867], [1460, 2863], [1460, 2850], [1457, 2846], [1457, 2836], [1464, 2829], [1464, 2826], [1471, 2819], [1481, 2819], [1481, 2665], [1471, 2665], [1471, 2727], [1467, 2730], [1467, 2768], [1464, 2771], [1464, 2785], [1457, 2792], [1454, 2792], [1447, 2785], [1447, 2774], [1433, 2761], [1433, 2757], [1430, 2754], [1430, 2744], [1419, 2733], [1419, 2727], [1416, 2723], [1416, 2716], [1409, 2710], [1409, 2706], [1406, 2703], [1406, 2686], [1402, 2682], [1402, 2668], [1399, 2665], [1399, 2658], [1395, 2655], [1395, 2648], [1392, 2645], [1392, 2641], [1389, 2638], [1389, 2624], [1327, 2624], [1327, 2634], [1320, 2641], [1252, 2641], [1245, 2634], [1245, 2624], [879, 2624], [879, 2634], [872, 2641], [865, 2641], [862, 2645], [855, 2645], [852, 2648], [845, 2648], [841, 2651], [834, 2651], [831, 2655], [828, 2655], [824, 2658], [821, 2658], [817, 2662], [814, 2662], [811, 2665], [804, 2665], [800, 2668], [793, 2668], [790, 2672], [783, 2672], [780, 2675], [776, 2675], [773, 2679], [770, 2679], [763, 2686], [759, 2686], [752, 2692], [749, 2692], [732, 2710], [728, 2710], [722, 2716], [718, 2716], [715, 2720], [711, 2720], [708, 2723], [705, 2723], [701, 2727], [698, 2727], [694, 2730], [691, 2730], [684, 2737], [681, 2737], [667, 2751], [663, 2751], [657, 2757], [653, 2757], [650, 2761], [646, 2761], [643, 2764], [636, 2764], [629, 2771], [626, 2771], [619, 2778], [616, 2778], [598, 2795], [595, 2795], [588, 2802], [588, 2805], [575, 2819], [571, 2819], [547, 2843], [547, 2846], [537, 2857], [527, 2857]]",0.82,ASOK_CHAN004.JPG,ASOK_CHAN004,Andhra Pradesh,Āndhradeśa,Chandavaram,Élément de balustrade,1 A.D.,Stūpa ; panneau,bouddhisme,Telangana State Archaeology Museum,Maronet Léa
ASOK_KAN049a_lotus_8888.png,lotus,"[[524, 4573], [524, 4605], [959, 4605], [959, 4585], [948, 4585], [945, 4588], [942, 4588], [939, 4591], [933, 4591], [930, 4594], [907, 4594], [904, 4591], [896, 4591], [893, 4588], [870, 4588], [867, 4585], [864, 4585], [858, 4579], [855, 4579], [852, 4576], [850, 4576], [847, 4573], [812, 4573], [806, 4568], [806, 4562], [804, 4559], [804, 4553], [801, 4550], [801, 4545], [798, 4542], [798, 4499], [795, 4496], [795, 4490], [792, 4487], [792, 4484], [789, 4481], [789, 4478], [775, 4464], [769, 4464], [763, 4458], [760, 4458], [752, 4450], [752, 4447], [732, 4447], [729, 4444], [726, 4444], [714, 4432], [714, 4427], [711, 4424], [711, 4421], [708, 4418], [708, 4409], [706, 4406], [706, 4398], [703, 4395], [703, 4380], [700, 4378], [700, 4340], [697, 4337], [697, 4323], [694, 4320], [694, 4311], [691, 4308], [691, 4300], [688, 4297], [688, 4288], [685, 4285], [685, 4268], [590, 4268], [590, 4285], [588, 4288], [588, 4291], [579, 4300], [579, 4303], [582, 4303], [585, 4306], [593, 4306], [596, 4308], [605, 4308], [608, 4306], [611, 4306], [613, 4303], [619, 4303], [622, 4306], [628, 4306], [634, 4311], [634, 4366], [636, 4369], [636, 4380], [639, 4383], [639, 4401], [642, 4404], [642, 4406], [645, 4409], [645, 4412], [648, 4415], [648, 4421], [651, 4424], [651, 4432], [654, 4435], [654, 4444], [657, 4447], [657, 4450], [654, 4452], [654, 4461], [645, 4470], [642, 4470], [636, 4476], [631, 4476], [628, 4478], [625, 4478], [622, 4481], [616, 4481], [613, 4484], [611, 4484], [608, 4487], [605, 4487], [599, 4493], [596, 4493], [590, 4499], [588, 4499], [582, 4504], [579, 4504], [564, 4519], [564, 4522], [556, 4530], [556, 4533], [553, 4536], [553, 4542], [550, 4545], [550, 4548], [544, 4553], [544, 4556], [541, 4559], [541, 4562], [539, 4565], [539, 4568], [533, 4573], [524, 4573]]",0.41,ASOK_KAN049a.JPG,ASOK_KAN049a,Karnataka,Āndhradeśa,Kaṇagaṇahaḷḷi,Acrobates et grand départ du Buddha,1 B.C. ; 1 A.D. ; 2 A.D. ; 3 A.D. ,Stūpa ; panneau,bouddhisme,In situ,Maronet Léa
ASOK_BHA493_lotus_8969.png,lotus,"[[2122, 383], [2122, 486], [2129, 486], [2134, 491], [2134, 496], [2137, 499], [2137, 501], [2139, 504], [2139, 507], [2145, 512], [2145, 514], [2155, 524], [2155, 527], [2172, 544], [2175, 544], [2185, 554], [2187, 554], [2190, 557], [2192, 557], [2197, 562], [2202, 562], [2205, 564], [2210, 564], [2213, 567], [2215, 567], [2218, 570], [2218, 577], [2298, 577], [2298, 570], [2303, 564], [2308, 564], [2318, 554], [2321, 554], [2334, 542], [2334, 539], [2361, 512], [2361, 509], [2369, 501], [2369, 499], [2381, 486], [2381, 484], [2386, 479], [2386, 476], [2389, 474], [2389, 471], [2391, 469], [2391, 466], [2397, 461], [2397, 459], [2404, 451], [2412, 451], [2412, 383], [2404, 383], [2402, 381], [2402, 378], [2399, 375], [2399, 368], [2397, 365], [2397, 363], [2394, 360], [2394, 358], [2391, 355], [2391, 353], [2389, 350], [2389, 348], [2386, 345], [2386, 343], [2384, 340], [2384, 338], [2379, 333], [2379, 330], [2364, 315], [2361, 315], [2356, 310], [2354, 310], [2351, 307], [2346, 307], [2344, 305], [2341, 305], [2339, 302], [2336, 302], [2334, 300], [2331, 300], [2326, 295], [2326, 287], [2200, 287], [2200, 295], [2195, 300], [2192, 300], [2175, 318], [2175, 320], [2162, 333], [2162, 335], [2157, 340], [2157, 343], [2150, 350], [2150, 353], [2147, 355], [2147, 358], [2139, 365], [2139, 368], [2137, 370], [2137, 373], [2134, 375], [2134, 378], [2129, 383], [2122, 383]]",0.9,ASOK_BHA493.JPG,ASOK_BHA493,Madhya Pradesh,Madhyapradeśa,Bhārhut,,3 B.C. ; 2 B.C. ; 1 B.C.,Stūpa ; panneau,bouddhisme,The Metropolitan Museum of Art (MET),Maronet Léa
ASOK_AMA198_lion_9007.png,lion,"[[1065, 3010], [1065, 3126], [1075, 3126], [1082, 3133], [1082, 3136], [1092, 3146], [1096, 3146], [1099, 3150], [1113, 3150], [1116, 3153], [1147, 3153], [1150, 3150], [1161, 3150], [1164, 3146], [1185, 3146], [1188, 3143], [1229, 3143], [1233, 3140], [1270, 3140], [1274, 3143], [1294, 3143], [1297, 3140], [1304, 3140], [1308, 3136], [1311, 3136], [1311, 3133], [1318, 3126], [1318, 3109], [1315, 3109], [1308, 3102], [1301, 3102], [1297, 3099], [1294, 3099], [1291, 3095], [1270, 3095], [1256, 3109], [1250, 3109], [1246, 3105], [1243, 3105], [1236, 3099], [1236, 3095], [1246, 3085], [1246, 3081], [1250, 3078], [1253, 3078], [1256, 3075], [1256, 3071], [1277, 3051], [1280, 3051], [1297, 3034], [1301, 3034], [1304, 3030], [1311, 3030], [1315, 3034], [1315, 3037], [1325, 3047], [1325, 3051], [1328, 3054], [1328, 3061], [1332, 3064], [1332, 3068], [1335, 3071], [1335, 3078], [1339, 3081], [1339, 3085], [1342, 3088], [1342, 3095], [1345, 3099], [1345, 3112], [1352, 3119], [1352, 3122], [1356, 3126], [1356, 3129], [1366, 3140], [1373, 3140], [1376, 3143], [1434, 3143], [1438, 3140], [1441, 3140], [1444, 3136], [1444, 3133], [1448, 3129], [1448, 3119], [1451, 3116], [1451, 3092], [1448, 3088], [1448, 3078], [1438, 3068], [1438, 3057], [1441, 3054], [1444, 3054], [1444, 3051], [1448, 3047], [1448, 3040], [1451, 3037], [1451, 3034], [1455, 3030], [1455, 3020], [1451, 3016], [1451, 3010], [1448, 3006], [1444, 3010], [1444, 3013], [1441, 3016], [1441, 3020], [1438, 3023], [1438, 3027], [1434, 3030], [1431, 3030], [1427, 3027], [1424, 3027], [1417, 3020], [1417, 2965], [1421, 2962], [1421, 2958], [1424, 2955], [1424, 2951], [1448, 2928], [1448, 2924], [1458, 2914], [1458, 2907], [1462, 2904], [1462, 2893], [1465, 2890], [1465, 2873], [1468, 2869], [1468, 2828], [1472, 2825], [1472, 2822], [1468, 2818], [1468, 2791], [1465, 2787], [1465, 2767], [1462, 2763], [1462, 2750], [1458, 2746], [1458, 2743], [1455, 2743], [1451, 2739], [1444, 2739], [1441, 2736], [1434, 2736], [1424, 2726], [1421, 2726], [1400, 2705], [1397, 2705], [1393, 2702], [1390, 2702], [1386, 2698], [1386, 2695], [1380, 2688], [1380, 2674], [1263, 2674], [1263, 2685], [1233, 2715], [1233, 2719], [1222, 2729], [1222, 2733], [1219, 2736], [1219, 2739], [1215, 2743], [1215, 2757], [1212, 2760], [1212, 2767], [1209, 2770], [1209, 2835], [1205, 2839], [1205, 2863], [1202, 2866], [1202, 2869], [1198, 2873], [1198, 2876], [1188, 2886], [1188, 2890], [1181, 2897], [1178, 2897], [1154, 2921], [1150, 2921], [1144, 2928], [1144, 2931], [1137, 2938], [1137, 2941], [1130, 2948], [1130, 2951], [1127, 2955], [1127, 2958], [1109, 2975], [1109, 2979], [1092, 2996], [1092, 2999], [1089, 3003], [1086, 3003], [1079, 3010], [1065, 3010]]",0.9,ASOK_AMA198.JPG,ASOK_AMA198,Andhra Pradesh,Āndhradeśa,Amarāvatī,Stūpa ,1 A.D. ; 2 A.D.,Panneau,bouddhisme,New Delhi National Museum,Maronet Léa
ASOK_AMA198_lotus_9008.png,lotus,"[[545, 3769], [545, 3892], [559, 3892], [583, 3916], [583, 3930], [651, 3930], [651, 3916], [655, 3912], [658, 3912], [668, 3902], [668, 3899], [675, 3892], [675, 3889], [679, 3885], [679, 3882], [682, 3878], [682, 3875], [685, 3871], [685, 3865], [689, 3861], [689, 3820], [685, 3817], [685, 3806], [675, 3796], [675, 3793], [665, 3783], [665, 3769], [545, 3769]]",0.27,ASOK_AMA198.JPG,ASOK_AMA198,Andhra Pradesh,Āndhradeśa,Amarāvatī,Stūpa ,1 A.D. ; 2 A.D.,Panneau,bouddhisme,New Delhi National Museum,Maronet Léa
ASOK_BHA169_lotus_9245.png,lotus,"[[247, 466], [247, 527], [325, 527], [325, 466], [247, 466]]",0.98,ASOK_BHA169.JPG,ASOK_BHA169,Madhya Pradesh,Madhyapradeśa,Bhārhut,Frise avec personnages et motifs,2 B.C.,Stūpa ; frise,bouddhisme,Kolkata Indian Museum,Ganguly Biswarup
ASOK_UTT011_lotus_9289.png,lotus,"[[997, 376], [997, 1276], [1154, 1276], [1154, 1265], [1161, 1259], [1171, 1259], [1174, 1255], [1178, 1255], [1181, 1252], [1185, 1252], [1188, 1248], [1191, 1248], [1195, 1245], [1198, 1245], [1205, 1238], [1209, 1238], [1219, 1228], [1222, 1228], [1301, 1149], [1304, 1149], [1308, 1146], [1325, 1146], [1328, 1149], [1335, 1149], [1339, 1153], [1345, 1153], [1349, 1156], [1356, 1156], [1359, 1159], [1366, 1159], [1369, 1163], [1373, 1163], [1376, 1166], [1383, 1166], [1386, 1170], [1393, 1170], [1397, 1173], [1400, 1173], [1403, 1176], [1410, 1176], [1414, 1180], [1421, 1180], [1424, 1183], [1431, 1183], [1434, 1187], [1444, 1187], [1448, 1190], [1451, 1190], [1455, 1194], [1458, 1194], [1462, 1197], [1465, 1197], [1472, 1204], [1475, 1204], [1479, 1207], [1482, 1207], [1486, 1211], [1492, 1211], [1496, 1214], [1503, 1214], [1506, 1218], [1516, 1218], [1520, 1221], [1530, 1221], [1533, 1224], [1544, 1224], [1547, 1228], [1574, 1228], [1578, 1231], [1598, 1231], [1602, 1235], [1615, 1235], [1619, 1238], [1639, 1238], [1643, 1241], [1677, 1241], [1680, 1238], [1732, 1238], [1735, 1235], [1769, 1235], [1773, 1231], [1786, 1231], [1790, 1228], [1803, 1228], [1807, 1224], [1821, 1224], [1824, 1221], [1838, 1221], [1841, 1218], [1855, 1218], [1858, 1214], [1865, 1214], [1868, 1211], [1872, 1211], [1875, 1207], [1882, 1207], [1886, 1204], [1889, 1204], [1899, 1194], [1903, 1194], [1906, 1190], [1913, 1190], [1920, 1183], [1923, 1183], [1927, 1180], [1930, 1180], [1933, 1176], [1940, 1176], [1944, 1173], [1947, 1173], [1951, 1170], [1954, 1170], [1957, 1166], [1961, 1166], [1964, 1163], [1971, 1163], [1974, 1159], [1988, 1159], [1992, 1156], [1995, 1159], [2002, 1159], [2009, 1166], [2012, 1166], [2015, 1170], [2015, 1173], [2022, 1180], [2022, 1183], [2029, 1190], [2029, 1194], [2033, 1197], [2033, 1200], [2036, 1204], [2036, 1207], [2053, 1224], [2053, 1231], [2056, 1235], [2056, 1238], [2053, 1241], [2053, 1252], [2056, 1255], [2056, 1259], [2060, 1262], [2060, 1276], [2327, 1276], [2327, 1259], [2330, 1255], [2330, 1224], [2333, 1221], [2333, 1166], [2330, 1163], [2330, 1132], [2327, 1129], [2327, 1101], [2323, 1098], [2323, 1091], [2327, 1088], [2327, 1070], [2330, 1067], [2330, 1053], [2333, 1050], [2333, 1023], [2337, 1019], [2337, 992], [2340, 988], [2340, 978], [2337, 975], [2337, 954], [2333, 951], [2320, 951], [2316, 947], [2309, 947], [2296, 934], [2296, 923], [2292, 920], [2292, 889], [2289, 886], [2289, 879], [2292, 876], [2292, 865], [2296, 862], [2296, 852], [2299, 848], [2299, 845], [2303, 841], [2303, 838], [2316, 824], [2316, 821], [2323, 814], [2323, 811], [2327, 807], [2327, 804], [2330, 800], [2330, 797], [2333, 793], [2333, 787], [2337, 783], [2337, 776], [2340, 773], [2340, 759], [2344, 756], [2344, 732], [2347, 728], [2347, 722], [2351, 718], [2361, 718], [2361, 376], [2145, 376], [2145, 386], [2159, 386], [2166, 393], [2169, 393], [2173, 397], [2197, 397], [2200, 400], [2210, 400], [2214, 404], [2214, 414], [2224, 424], [2227, 424], [2231, 428], [2224, 434], [2217, 434], [2214, 438], [2197, 438], [2193, 434], [2156, 434], [2152, 438], [2142, 438], [2135, 445], [2132, 445], [2128, 448], [2115, 448], [2111, 451], [2098, 451], [2094, 455], [2067, 455], [2063, 458], [2060, 458], [2056, 455], [2033, 455], [2029, 451], [2026, 451], [2019, 445], [2015, 445], [2012, 441], [2012, 438], [2009, 434], [2009, 424], [2015, 417], [2015, 414], [2009, 407], [2002, 414], [2002, 417], [2005, 421], [2005, 431], [1992, 445], [1988, 445], [1985, 448], [1978, 448], [1974, 451], [1957, 451], [1954, 448], [1896, 448], [1892, 451], [1879, 451], [1875, 455], [1868, 455], [1858, 465], [1851, 465], [1848, 469], [1841, 469], [1838, 472], [1827, 472], [1824, 475], [1807, 475], [1803, 479], [1790, 479], [1786, 482], [1780, 482], [1776, 486], [1769, 486], [1766, 489], [1752, 489], [1749, 492], [1718, 492], [1715, 489], [1694, 489], [1691, 486], [1680, 486], [1677, 482], [1670, 482], [1667, 479], [1660, 479], [1656, 475], [1650, 475], [1646, 472], [1643, 472], [1639, 469], [1633, 469], [1629, 465], [1626, 465], [1622, 462], [1615, 462], [1612, 458], [1609, 458], [1605, 455], [1598, 455], [1595, 451], [1588, 451], [1585, 448], [1574, 448], [1571, 445], [1568, 445], [1564, 441], [1561, 441], [1554, 434], [1550, 434], [1547, 431], [1544, 431], [1540, 428], [1537, 428], [1533, 424], [1530, 424], [1527, 421], [1516, 421], [1513, 417], [1509, 417], [1506, 414], [1503, 414], [1499, 410], [1489, 410], [1486, 407], [1482, 407], [1479, 404], [1475, 404], [1472, 400], [1462, 400], [1455, 393], [1455, 390], [1451, 386], [1451, 376], [997, 376]]",0.85,ASOK_UTT011.JPG,ASOK_UTT011,Uttar Pradesh,Mathurā,Govindnāgar,Balustrade avec médaillons et demi-médaillons,1 A.D. ; 2 A.D.,Balustrade ; pilier,indéterminée,Mathura Government Museum,Maronet Léa
ASOK_KAN008b_lotus_9355.png,lotus,"[[75, 2125], [75, 2238], [89, 2238], [96, 2245], [99, 2245], [109, 2255], [109, 2258], [113, 2258], [123, 2268], [127, 2268], [130, 2272], [133, 2272], [137, 2275], [140, 2275], [144, 2279], [150, 2279], [154, 2282], [168, 2282], [171, 2286], [198, 2286], [202, 2282], [212, 2282], [215, 2279], [222, 2279], [226, 2275], [229, 2275], [233, 2272], [236, 2272], [243, 2265], [246, 2265], [250, 2262], [253, 2262], [263, 2251], [267, 2251], [270, 2248], [274, 2248], [280, 2241], [304, 2241], [308, 2245], [311, 2245], [315, 2248], [318, 2248], [321, 2251], [325, 2251], [328, 2255], [332, 2255], [339, 2262], [342, 2262], [345, 2265], [349, 2265], [352, 2268], [356, 2268], [359, 2272], [363, 2272], [369, 2279], [373, 2279], [376, 2282], [386, 2282], [390, 2286], [393, 2286], [397, 2289], [404, 2289], [407, 2292], [421, 2292], [424, 2296], [486, 2296], [489, 2292], [513, 2292], [516, 2289], [527, 2289], [530, 2286], [534, 2286], [537, 2282], [540, 2282], [544, 2279], [547, 2279], [551, 2275], [557, 2275], [561, 2272], [564, 2272], [568, 2268], [575, 2268], [578, 2265], [585, 2265], [588, 2262], [595, 2262], [598, 2258], [602, 2258], [605, 2255], [609, 2255], [612, 2251], [616, 2251], [619, 2248], [622, 2248], [626, 2245], [633, 2245], [636, 2241], [640, 2241], [643, 2238], [646, 2238], [650, 2234], [657, 2234], [660, 2231], [670, 2231], [674, 2227], [687, 2227], [691, 2224], [708, 2224], [711, 2227], [715, 2227], [718, 2231], [722, 2231], [725, 2234], [728, 2234], [732, 2238], [739, 2238], [742, 2241], [752, 2241], [756, 2245], [797, 2245], [800, 2241], [811, 2241], [814, 2238], [821, 2238], [824, 2234], [834, 2234], [838, 2231], [841, 2231], [845, 2227], [852, 2227], [855, 2224], [858, 2224], [862, 2221], [869, 2221], [872, 2217], [876, 2217], [879, 2214], [882, 2214], [886, 2210], [889, 2210], [896, 2204], [899, 2204], [903, 2200], [906, 2200], [906, 2197], [913, 2190], [913, 2180], [917, 2176], [917, 2115], [920, 2111], [920, 2084], [923, 2080], [923, 2063], [927, 2060], [927, 2046], [930, 2043], [930, 2029], [934, 2026], [934, 2015], [937, 2012], [937, 1998], [940, 1995], [940, 1974], [944, 1971], [944, 1927], [947, 1923], [947, 1899], [951, 1896], [951, 1882], [954, 1879], [954, 1865], [958, 1862], [958, 1855], [961, 1851], [961, 1845], [975, 1831], [988, 1831], [988, 1749], [978, 1749], [975, 1745], [975, 1739], [971, 1735], [971, 1718], [968, 1715], [968, 1670], [971, 1667], [971, 1650], [978, 1643], [988, 1643], [988, 1503], [838, 1503], [838, 1513], [831, 1520], [824, 1520], [821, 1523], [814, 1523], [811, 1527], [807, 1527], [804, 1530], [776, 1530], [773, 1527], [766, 1527], [763, 1523], [759, 1523], [756, 1520], [749, 1520], [742, 1513], [742, 1503], [513, 1503], [513, 1513], [510, 1516], [503, 1516], [499, 1520], [489, 1520], [486, 1523], [479, 1523], [475, 1527], [472, 1527], [469, 1530], [458, 1530], [455, 1533], [445, 1533], [441, 1537], [438, 1537], [434, 1540], [431, 1540], [428, 1544], [421, 1544], [417, 1547], [414, 1547], [410, 1550], [404, 1550], [400, 1554], [373, 1554], [369, 1550], [356, 1550], [352, 1547], [335, 1547], [332, 1550], [311, 1550], [308, 1547], [284, 1547], [280, 1544], [280, 1547], [277, 1550], [277, 1561], [280, 1564], [280, 1568], [274, 1574], [270, 1574], [267, 1578], [263, 1578], [253, 1588], [250, 1588], [246, 1592], [239, 1592], [236, 1595], [226, 1585], [226, 1578], [222, 1574], [212, 1585], [219, 1592], [219, 1595], [209, 1605], [205, 1605], [202, 1609], [198, 1609], [198, 1612], [195, 1615], [195, 1626], [192, 1629], [192, 1636], [188, 1639], [188, 1650], [185, 1653], [185, 1660], [181, 1663], [181, 1677], [178, 1680], [178, 1691], [174, 1694], [174, 1704], [171, 1708], [171, 1718], [168, 1721], [168, 1742], [164, 1745], [164, 1762], [161, 1766], [161, 1773], [157, 1776], [157, 1783], [154, 1786], [154, 1797], [150, 1800], [150, 1810], [147, 1814], [147, 1827], [144, 1831], [144, 1841], [140, 1845], [140, 1855], [137, 1858], [137, 1872], [133, 1875], [133, 1889], [130, 1892], [130, 1906], [127, 1909], [127, 1916], [123, 1920], [123, 1927], [120, 1930], [120, 1944], [116, 1947], [116, 1957], [113, 1961], [113, 1974], [109, 1978], [109, 1992], [106, 1995], [106, 2019], [103, 2022], [103, 2043], [99, 2046], [99, 2063], [96, 2067], [96, 2080], [92, 2084], [92, 2108], [89, 2111], [89, 2121], [86, 2125], [75, 2125]]",0.96,ASOK_KAN008b.JPG,ASOK_KAN008b,Karnataka,Āndhradeśa,Kaṇagaṇahaḷḷi,Mahākapijātaka,1 B.C. ; 1 A.D. ; 2 A.D. ; 3 A.D. ,Stūpa ; panneau,bouddhisme,In situ,Maronet Léa
ASOK_KAN008b_lotus_9356.png,lotus,"[[1635, 1667], [1635, 2268], [1655, 2268], [1659, 2265], [1662, 2265], [1666, 2268], [1672, 2268], [1676, 2272], [1686, 2272], [1689, 2275], [1693, 2275], [1696, 2279], [1703, 2279], [1707, 2282], [1717, 2282], [1720, 2286], [1748, 2286], [1751, 2282], [1758, 2282], [1761, 2279], [1768, 2279], [1772, 2275], [1775, 2275], [1778, 2272], [1782, 2272], [1785, 2268], [1789, 2268], [1792, 2265], [1796, 2265], [1799, 2262], [1802, 2262], [1806, 2258], [1813, 2258], [1816, 2255], [1819, 2255], [1823, 2251], [1850, 2251], [1854, 2255], [1857, 2255], [1860, 2258], [1864, 2258], [1874, 2268], [1878, 2268], [1881, 2272], [1884, 2272], [1888, 2275], [1891, 2275], [1895, 2279], [1902, 2279], [1905, 2282], [1908, 2282], [1912, 2286], [1919, 2286], [1922, 2289], [1925, 2289], [1929, 2292], [1932, 2292], [1936, 2296], [1949, 2296], [1953, 2299], [1963, 2299], [1966, 2303], [1980, 2303], [1984, 2306], [1997, 2306], [2001, 2309], [2011, 2309], [2014, 2313], [2035, 2313], [2038, 2316], [2079, 2316], [2083, 2313], [2096, 2313], [2100, 2309], [2103, 2309], [2107, 2306], [2124, 2306], [2127, 2303], [2134, 2303], [2138, 2299], [2151, 2299], [2155, 2296], [2161, 2296], [2165, 2292], [2172, 2292], [2175, 2289], [2182, 2289], [2185, 2286], [2189, 2286], [2192, 2282], [2199, 2282], [2202, 2279], [2206, 2279], [2209, 2275], [2216, 2275], [2220, 2272], [2230, 2272], [2233, 2268], [2240, 2268], [2244, 2265], [2254, 2265], [2257, 2262], [2288, 2262], [2315, 2289], [2319, 2289], [2326, 2296], [2329, 2296], [2332, 2299], [2336, 2299], [2339, 2303], [2346, 2303], [2350, 2306], [2445, 2306], [2449, 2303], [2462, 2303], [2466, 2299], [2469, 2299], [2476, 2292], [2476, 2224], [2473, 2221], [2473, 2190], [2469, 2186], [2469, 2162], [2473, 2159], [2473, 2108], [2476, 2104], [2476, 2080], [2480, 2077], [2480, 2053], [2483, 2050], [2493, 2050], [2493, 1568], [2480, 1568], [2473, 1561], [2466, 1561], [2462, 1557], [2456, 1557], [2452, 1554], [2452, 1544], [2391, 1544], [2391, 1554], [2387, 1557], [2384, 1557], [2380, 1561], [2373, 1561], [2367, 1568], [2363, 1568], [2356, 1574], [2353, 1574], [2350, 1578], [2346, 1578], [2343, 1581], [2339, 1581], [2336, 1585], [2332, 1585], [2329, 1588], [2285, 1588], [2281, 1585], [2267, 1585], [2264, 1581], [2261, 1581], [2257, 1578], [2250, 1578], [2247, 1574], [2244, 1574], [2240, 1571], [2237, 1571], [2233, 1568], [2230, 1568], [2226, 1564], [2223, 1564], [2220, 1561], [2213, 1561], [2209, 1557], [2206, 1557], [2202, 1554], [2202, 1544], [1994, 1544], [1994, 1554], [1990, 1557], [1970, 1557], [1966, 1561], [1936, 1561], [1932, 1564], [1922, 1564], [1919, 1568], [1912, 1568], [1908, 1571], [1902, 1571], [1898, 1574], [1895, 1574], [1891, 1578], [1884, 1578], [1878, 1585], [1871, 1585], [1867, 1588], [1860, 1588], [1857, 1592], [1854, 1592], [1850, 1595], [1843, 1595], [1840, 1598], [1837, 1598], [1833, 1602], [1826, 1602], [1823, 1605], [1813, 1605], [1806, 1612], [1802, 1612], [1796, 1619], [1792, 1619], [1785, 1626], [1785, 1629], [1778, 1636], [1778, 1639], [1768, 1650], [1765, 1650], [1751, 1663], [1751, 1667], [1727, 1691], [1724, 1691], [1720, 1694], [1717, 1694], [1713, 1697], [1703, 1697], [1700, 1701], [1696, 1701], [1683, 1715], [1683, 1718], [1679, 1721], [1679, 1725], [1672, 1732], [1666, 1732], [1662, 1735], [1659, 1732], [1659, 1708], [1655, 1704], [1655, 1691], [1652, 1687], [1652, 1680], [1648, 1677], [1648, 1670], [1645, 1667], [1635, 1667]]",0.96,ASOK_KAN008b.JPG,ASOK_KAN008b,Karnataka,Āndhradeśa,Kaṇagaṇahaḷḷi,Mahākapijātaka,1 B.C. ; 1 A.D. ; 2 A.D. ; 3 A.D. ,Stūpa ; panneau,bouddhisme,In situ,Maronet Léa
ASOK_KAN008b_lotus_9361.png,lotus,"[[239, 1215], [239, 1315], [256, 1315], [260, 1318], [263, 1318], [267, 1321], [274, 1321], [277, 1325], [284, 1325], [287, 1328], [294, 1328], [298, 1332], [308, 1332], [311, 1335], [318, 1335], [321, 1339], [332, 1339], [335, 1342], [359, 1342], [363, 1339], [373, 1339], [376, 1335], [380, 1335], [397, 1318], [400, 1318], [400, 1315], [407, 1308], [410, 1308], [414, 1304], [417, 1304], [421, 1301], [424, 1301], [428, 1297], [455, 1297], [458, 1301], [465, 1301], [469, 1304], [472, 1304], [475, 1308], [479, 1308], [482, 1311], [486, 1311], [489, 1315], [492, 1315], [496, 1318], [499, 1318], [503, 1321], [513, 1321], [516, 1325], [523, 1325], [527, 1328], [534, 1328], [537, 1332], [554, 1332], [557, 1335], [612, 1335], [616, 1332], [657, 1332], [660, 1328], [681, 1328], [684, 1325], [698, 1325], [701, 1321], [711, 1321], [715, 1318], [725, 1318], [728, 1315], [732, 1315], [735, 1311], [742, 1311], [746, 1308], [752, 1308], [756, 1304], [763, 1304], [766, 1301], [773, 1301], [776, 1297], [780, 1297], [783, 1294], [793, 1294], [797, 1291], [804, 1291], [807, 1294], [811, 1294], [831, 1315], [834, 1315], [841, 1321], [845, 1321], [848, 1325], [852, 1325], [855, 1328], [862, 1328], [865, 1332], [896, 1332], [899, 1328], [906, 1328], [910, 1325], [913, 1325], [917, 1321], [920, 1321], [923, 1318], [927, 1318], [930, 1315], [934, 1315], [937, 1311], [940, 1311], [944, 1308], [947, 1308], [951, 1304], [954, 1304], [964, 1294], [968, 1294], [978, 1284], [982, 1284], [1012, 1253], [1012, 1250], [1016, 1246], [1016, 1239], [1019, 1236], [1019, 1229], [1023, 1226], [1023, 1212], [1026, 1209], [1026, 1195], [1029, 1191], [1029, 1171], [1033, 1168], [1033, 1147], [1036, 1144], [1036, 1127], [1040, 1123], [1040, 1109], [1043, 1106], [1043, 1103], [1047, 1099], [1057, 1099], [1057, 1024], [1047, 1024], [1043, 1021], [1043, 1010], [1040, 1007], [1040, 1000], [1036, 997], [1036, 983], [294, 983], [294, 997], [291, 1000], [291, 1003], [287, 1007], [287, 1021], [284, 1024], [284, 1034], [280, 1038], [280, 1096], [277, 1099], [277, 1113], [274, 1116], [274, 1127], [270, 1130], [270, 1140], [267, 1144], [267, 1150], [263, 1154], [263, 1161], [260, 1164], [260, 1174], [256, 1178], [256, 1198], [253, 1202], [253, 1212], [250, 1215], [239, 1215]]",0.93,ASOK_KAN008b.JPG,ASOK_KAN008b,Karnataka,Āndhradeśa,Kaṇagaṇahaḷḷi,Mahākapijātaka,1 B.C. ; 1 A.D. ; 2 A.D. ; 3 A.D. ,Stūpa ; panneau,bouddhisme,In situ,Maronet Léa
ASOK_KAN008b_lotus_9362.png,lotus,"[[3181, 997], [3181, 1236], [3198, 1236], [3201, 1233], [3211, 1233], [3215, 1236], [3218, 1236], [3228, 1246], [3232, 1246], [3239, 1253], [3239, 1256], [3242, 1260], [3242, 1263], [3252, 1274], [3252, 1277], [3259, 1284], [3259, 1287], [3273, 1301], [3276, 1301], [3283, 1308], [3283, 1311], [3297, 1325], [3300, 1325], [3304, 1328], [3307, 1328], [3311, 1332], [3317, 1332], [3321, 1335], [3324, 1335], [3328, 1339], [3331, 1339], [3334, 1342], [3338, 1342], [3341, 1345], [3345, 1345], [3348, 1349], [3352, 1349], [3358, 1356], [3362, 1356], [3365, 1359], [3372, 1359], [3376, 1362], [3382, 1362], [3386, 1366], [3389, 1366], [3393, 1369], [3399, 1369], [3403, 1373], [3406, 1373], [3413, 1380], [3420, 1380], [3423, 1383], [3427, 1383], [3430, 1386], [3441, 1386], [3444, 1390], [3454, 1390], [3458, 1393], [3475, 1393], [3478, 1397], [3499, 1397], [3502, 1400], [3543, 1400], [3547, 1403], [3577, 1403], [3581, 1407], [3653, 1407], [3656, 1403], [3676, 1403], [3680, 1400], [3690, 1400], [3694, 1397], [3704, 1397], [3707, 1393], [3714, 1393], [3718, 1390], [3724, 1390], [3728, 1386], [3735, 1386], [3738, 1383], [3745, 1383], [3748, 1380], [3783, 1380], [3786, 1383], [3796, 1383], [3800, 1386], [3810, 1386], [3813, 1390], [3820, 1390], [3824, 1393], [3830, 1393], [3834, 1397], [3837, 1397], [3841, 1400], [3844, 1400], [3848, 1403], [3858, 1403], [3861, 1407], [3868, 1407], [3871, 1410], [3902, 1410], [3906, 1407], [3919, 1407], [3923, 1403], [3936, 1403], [3940, 1400], [3957, 1400], [3960, 1397], [3967, 1397], [3971, 1393], [3974, 1393], [3977, 1390], [3981, 1390], [3981, 1386], [3988, 1380], [3988, 1373], [3991, 1369], [3991, 1321], [3988, 1318], [3988, 1287], [3984, 1284], [3984, 1243], [3981, 1239], [3981, 1202], [3977, 1198], [3977, 1150], [3981, 1147], [3981, 1106], [3977, 1103], [3977, 1065], [3974, 1062], [3974, 1044], [3971, 1041], [3971, 1021], [3967, 1017], [3967, 1014], [3960, 1007], [3960, 997], [3181, 997]]",0.91,ASOK_KAN008b.JPG,ASOK_KAN008b,Karnataka,Āndhradeśa,Kaṇagaṇahaḷḷi,Mahākapijātaka,1 B.C. ; 1 A.D. ; 2 A.D. ; 3 A.D. ,Stūpa ; panneau,bouddhisme,In situ,Maronet Léa
ASOK_KAN008b_lotus_9363.png,lotus,"[[3194, 1807], [3194, 2115], [3205, 2115], [3208, 2118], [3208, 2125], [3205, 2128], [3194, 2128], [3194, 2299], [3222, 2299], [3225, 2296], [3246, 2296], [3249, 2299], [3252, 2299], [3256, 2303], [3259, 2303], [3263, 2306], [3266, 2306], [3273, 2313], [3276, 2313], [3283, 2320], [3287, 2320], [3290, 2323], [3297, 2323], [3300, 2327], [3314, 2327], [3317, 2330], [3334, 2330], [3338, 2327], [3348, 2327], [3352, 2323], [3358, 2323], [3362, 2320], [3365, 2320], [3369, 2316], [3372, 2316], [3376, 2313], [3379, 2313], [3386, 2306], [3389, 2306], [3393, 2303], [3396, 2303], [3399, 2299], [3410, 2299], [3413, 2296], [3417, 2299], [3430, 2299], [3434, 2303], [3441, 2303], [3444, 2306], [3451, 2306], [3454, 2309], [3461, 2309], [3464, 2313], [3468, 2313], [3475, 2320], [3478, 2320], [3488, 2330], [3492, 2330], [3495, 2333], [3499, 2333], [3506, 2340], [3509, 2340], [3512, 2344], [3516, 2344], [3519, 2347], [3523, 2347], [3526, 2351], [3529, 2351], [3533, 2354], [3540, 2354], [3543, 2357], [3550, 2357], [3553, 2361], [3560, 2361], [3564, 2364], [3570, 2364], [3574, 2368], [3584, 2368], [3588, 2371], [3594, 2371], [3598, 2374], [3618, 2374], [3622, 2378], [3670, 2378], [3673, 2374], [3687, 2374], [3690, 2371], [3694, 2371], [3697, 2368], [3707, 2368], [3711, 2364], [3714, 2364], [3718, 2361], [3724, 2361], [3728, 2357], [3738, 2357], [3741, 2354], [3752, 2354], [3755, 2351], [3762, 2351], [3765, 2347], [3769, 2347], [3772, 2344], [3779, 2344], [3783, 2340], [3786, 2340], [3789, 2337], [3793, 2337], [3796, 2333], [3800, 2333], [3803, 2330], [3806, 2330], [3813, 2323], [3817, 2323], [3820, 2320], [3824, 2320], [3830, 2313], [3834, 2313], [3837, 2309], [3841, 2309], [3844, 2306], [3858, 2306], [3861, 2303], [3878, 2303], [3882, 2306], [3889, 2306], [3892, 2309], [3895, 2309], [3902, 2316], [3906, 2316], [3909, 2320], [3912, 2320], [3916, 2323], [3919, 2323], [3923, 2327], [3926, 2327], [3930, 2330], [3940, 2330], [3943, 2333], [3977, 2333], [3981, 2330], [3991, 2330], [3995, 2327], [3998, 2327], [4001, 2323], [4008, 2323], [4012, 2320], [4015, 2320], [4018, 2316], [4022, 2316], [4025, 2313], [4029, 2313], [4036, 2306], [4039, 2306], [4042, 2303], [4046, 2303], [4049, 2299], [4053, 2299], [4056, 2296], [4060, 2296], [4073, 2282], [4073, 2272], [4077, 2268], [4077, 2245], [4073, 2241], [4073, 2217], [4070, 2214], [4070, 2193], [4066, 2190], [4066, 2162], [4063, 2159], [4063, 2128], [4060, 2125], [4060, 2101], [4056, 2098], [4056, 2077], [4053, 2074], [4053, 2053], [4049, 2050], [4049, 2009], [4046, 2005], [4046, 1947], [4042, 1944], [4042, 1920], [4039, 1916], [4039, 1899], [4036, 1896], [4036, 1886], [4032, 1882], [4032, 1868], [4029, 1865], [4029, 1858], [4025, 1855], [4025, 1845], [4022, 1841], [4022, 1834], [4018, 1831], [4018, 1824], [4015, 1821], [4015, 1817], [4012, 1814], [4012, 1810], [4008, 1807], [4008, 1803], [4005, 1800], [4005, 1797], [3995, 1786], [3995, 1783], [3988, 1776], [3988, 1773], [3984, 1769], [3984, 1766], [3981, 1762], [3981, 1759], [3971, 1749], [3967, 1749], [3964, 1745], [3960, 1745], [3943, 1728], [3943, 1725], [3936, 1718], [3936, 1704], [3947, 1694], [3950, 1694], [3950, 1691], [3947, 1691], [3943, 1687], [3940, 1687], [3936, 1684], [3933, 1684], [3930, 1680], [3926, 1680], [3923, 1677], [3919, 1677], [3916, 1674], [3909, 1674], [3906, 1670], [3902, 1670], [3899, 1667], [3895, 1667], [3892, 1663], [3889, 1663], [3885, 1660], [3882, 1660], [3878, 1656], [3871, 1656], [3868, 1653], [3865, 1653], [3861, 1650], [3858, 1650], [3851, 1643], [3848, 1643], [3844, 1639], [3841, 1639], [3837, 1636], [3834, 1636], [3830, 1633], [3827, 1633], [3824, 1629], [3820, 1629], [3817, 1626], [3813, 1626], [3810, 1622], [3803, 1622], [3800, 1619], [3793, 1619], [3789, 1615], [3783, 1615], [3779, 1612], [3769, 1612], [3765, 1609], [3759, 1609], [3755, 1605], [3748, 1605], [3745, 1602], [3735, 1602], [3731, 1598], [3718, 1598], [3714, 1595], [3704, 1595], [3700, 1592], [3690, 1592], [3687, 1588], [3659, 1588], [3656, 1585], [3639, 1585], [3635, 1581], [3635, 1571], [3574, 1571], [3574, 1581], [3570, 1585], [3560, 1585], [3557, 1588], [3543, 1588], [3540, 1592], [3523, 1592], [3519, 1595], [3495, 1595], [3492, 1598], [3468, 1598], [3464, 1602], [3451, 1602], [3447, 1605], [3441, 1605], [3437, 1609], [3434, 1609], [3430, 1612], [3423, 1612], [3420, 1615], [3413, 1615], [3410, 1619], [3399, 1619], [3396, 1622], [3389, 1622], [3386, 1626], [3376, 1626], [3372, 1629], [3369, 1629], [3362, 1636], [3358, 1636], [3355, 1639], [3352, 1639], [3338, 1653], [3334, 1653], [3334, 1656], [3317, 1674], [3317, 1677], [3293, 1701], [3293, 1704], [3270, 1728], [3270, 1732], [3266, 1735], [3266, 1739], [3263, 1742], [3263, 1745], [3252, 1756], [3252, 1759], [3239, 1773], [3239, 1776], [3232, 1783], [3228, 1783], [3215, 1797], [3215, 1800], [3208, 1807], [3194, 1807]]",0.95,ASOK_KAN008b.JPG,ASOK_KAN008b,Karnataka,Āndhradeśa,Kaṇagaṇahaḷḷi,Mahākapijātaka,1 B.C. ; 1 A.D. ; 2 A.D. ; 3 A.D. ,Stūpa ; panneau,bouddhisme,In situ,Maronet Léa
ASOK_KAN008b_lotus_9364.png,lotus,"[[4754, 1704], [4754, 2098], [4764, 2098], [4767, 2101], [4767, 2104], [4771, 2108], [4771, 2118], [4774, 2121], [4774, 2135], [4778, 2139], [4778, 2176], [4781, 2180], [4781, 2272], [4785, 2275], [4785, 2282], [4791, 2289], [4791, 2292], [4795, 2292], [4798, 2289], [4798, 2286], [4809, 2275], [4812, 2275], [4815, 2272], [4819, 2272], [4822, 2268], [4843, 2268], [4846, 2272], [4860, 2272], [4863, 2275], [4867, 2275], [4874, 2282], [4887, 2282], [4891, 2286], [4897, 2286], [4901, 2289], [4904, 2289], [4908, 2292], [4911, 2292], [4915, 2296], [4918, 2296], [4921, 2299], [4921, 2303], [4938, 2320], [4942, 2320], [4945, 2323], [4949, 2323], [4952, 2327], [4959, 2327], [4962, 2330], [4966, 2330], [4969, 2333], [4973, 2333], [4976, 2337], [4980, 2337], [4983, 2340], [4986, 2340], [4990, 2344], [4993, 2344], [4997, 2347], [5003, 2347], [5007, 2351], [5010, 2351], [5014, 2354], [5017, 2354], [5021, 2357], [5024, 2357], [5027, 2361], [5031, 2361], [5038, 2368], [5041, 2368], [5048, 2374], [5051, 2374], [5058, 2381], [5062, 2381], [5068, 2388], [5072, 2388], [5079, 2395], [5082, 2395], [5089, 2402], [5092, 2402], [5096, 2405], [5103, 2405], [5106, 2409], [5113, 2409], [5116, 2412], [5127, 2412], [5130, 2415], [5133, 2415], [5137, 2419], [5137, 2429], [5342, 2429], [5342, 2419], [5345, 2415], [5352, 2415], [5356, 2412], [5366, 2412], [5369, 2409], [5376, 2409], [5380, 2405], [5386, 2405], [5390, 2402], [5393, 2402], [5397, 2398], [5400, 2398], [5404, 2395], [5407, 2395], [5410, 2392], [5414, 2392], [5421, 2385], [5428, 2385], [5431, 2381], [5445, 2381], [5448, 2378], [5451, 2378], [5455, 2381], [5469, 2381], [5469, 1697], [5448, 1697], [5445, 1694], [5428, 1694], [5424, 1691], [5421, 1691], [5417, 1694], [5397, 1694], [5393, 1697], [5383, 1697], [5380, 1701], [5349, 1701], [5345, 1697], [5335, 1697], [5332, 1694], [5322, 1694], [5318, 1691], [5315, 1691], [5311, 1687], [5308, 1687], [5304, 1684], [5301, 1684], [5298, 1680], [5291, 1680], [5287, 1677], [5284, 1677], [5280, 1674], [5274, 1674], [5270, 1670], [5263, 1670], [5260, 1667], [5253, 1667], [5250, 1663], [5243, 1663], [5239, 1660], [5233, 1660], [5229, 1656], [5222, 1656], [5219, 1653], [5212, 1653], [5209, 1650], [5195, 1650], [5192, 1646], [5168, 1646], [5164, 1643], [5130, 1643], [5127, 1639], [5109, 1639], [5106, 1636], [5106, 1626], [5024, 1626], [5024, 1636], [5021, 1639], [5014, 1639], [5010, 1643], [5000, 1643], [4997, 1646], [4986, 1646], [4983, 1650], [4976, 1650], [4973, 1653], [4966, 1653], [4962, 1656], [4959, 1656], [4956, 1660], [4952, 1660], [4945, 1667], [4938, 1667], [4935, 1670], [4932, 1670], [4928, 1674], [4921, 1674], [4918, 1677], [4911, 1677], [4908, 1680], [4904, 1680], [4901, 1684], [4897, 1684], [4894, 1687], [4884, 1687], [4880, 1691], [4850, 1691], [4846, 1687], [4843, 1691], [4822, 1691], [4819, 1694], [4812, 1694], [4809, 1697], [4795, 1697], [4791, 1701], [4781, 1701], [4778, 1704], [4754, 1704]]",0.92,ASOK_KAN008b.JPG,ASOK_KAN008b,Karnataka,Āndhradeśa,Kaṇagaṇahaḷḷi,Mahākapijātaka,1 B.C. ; 1 A.D. ; 2 A.D. ; 3 A.D. ,Stūpa ; panneau,bouddhisme,In situ,Maronet Léa
ASOK_KAN008b_lotus_9365.png,lotus,"[[7, 2521], [7, 2969], [41, 2969], [44, 2966], [51, 2966], [55, 2969], [58, 2969], [62, 2966], [65, 2966], [72, 2959], [92, 2959], [96, 2956], [195, 2956], [198, 2952], [226, 2952], [229, 2949], [260, 2949], [263, 2952], [280, 2952], [284, 2956], [308, 2956], [311, 2959], [328, 2959], [332, 2963], [345, 2963], [349, 2966], [390, 2966], [393, 2969], [455, 2969], [458, 2966], [469, 2966], [472, 2969], [496, 2969], [499, 2966], [763, 2966], [766, 2963], [780, 2963], [783, 2959], [790, 2959], [793, 2956], [797, 2956], [800, 2952], [807, 2952], [811, 2949], [814, 2949], [817, 2945], [821, 2945], [824, 2942], [828, 2942], [831, 2939], [831, 2935], [834, 2932], [834, 2874], [831, 2870], [831, 2822], [828, 2819], [828, 2812], [831, 2809], [831, 2785], [834, 2781], [834, 2754], [838, 2751], [838, 2723], [841, 2720], [841, 2672], [845, 2668], [845, 2641], [848, 2638], [848, 2617], [852, 2614], [852, 2607], [855, 2604], [865, 2604], [865, 2511], [855, 2511], [848, 2504], [848, 2501], [828, 2480], [824, 2480], [821, 2477], [811, 2477], [807, 2474], [783, 2474], [780, 2477], [776, 2477], [773, 2480], [763, 2480], [759, 2484], [756, 2484], [752, 2487], [749, 2487], [746, 2491], [742, 2491], [732, 2501], [728, 2501], [718, 2511], [715, 2511], [711, 2515], [708, 2515], [705, 2518], [701, 2518], [691, 2528], [681, 2528], [677, 2532], [674, 2528], [663, 2528], [660, 2525], [657, 2525], [653, 2521], [650, 2521], [646, 2518], [640, 2518], [636, 2515], [633, 2515], [629, 2511], [626, 2511], [619, 2504], [616, 2504], [605, 2494], [602, 2494], [598, 2491], [595, 2491], [592, 2487], [588, 2487], [581, 2480], [575, 2480], [571, 2477], [564, 2477], [557, 2470], [557, 2460], [352, 2460], [352, 2470], [345, 2477], [342, 2477], [339, 2480], [335, 2480], [332, 2484], [325, 2484], [321, 2487], [318, 2487], [315, 2491], [308, 2491], [304, 2494], [301, 2494], [294, 2501], [291, 2501], [287, 2504], [284, 2504], [280, 2508], [277, 2508], [274, 2511], [270, 2511], [267, 2515], [263, 2515], [260, 2518], [256, 2518], [253, 2521], [246, 2521], [243, 2525], [233, 2525], [229, 2528], [212, 2528], [205, 2521], [202, 2521], [192, 2511], [188, 2511], [181, 2504], [178, 2504], [171, 2498], [164, 2498], [161, 2494], [154, 2494], [150, 2491], [75, 2491], [72, 2494], [65, 2494], [62, 2498], [58, 2498], [55, 2501], [48, 2501], [44, 2504], [41, 2504], [38, 2508], [34, 2508], [21, 2521], [7, 2521]]",0.95,ASOK_KAN008b.JPG,ASOK_KAN008b,Karnataka,Āndhradeśa,Kaṇagaṇahaḷḷi,Mahākapijātaka,1 B.C. ; 1 A.D. ; 2 A.D. ; 3 A.D. ,Stūpa ; panneau,bouddhisme,In situ,Maronet Léa
ASOK_KAN008b_lotus_9366.png,lotus,"[[1594, 2525], [1594, 2969], [1607, 2969], [1611, 2973], [1614, 2973], [1618, 2976], [1621, 2976], [1624, 2980], [1635, 2980], [1638, 2983], [1648, 2983], [1652, 2986], [1659, 2986], [1662, 2990], [1676, 2990], [1679, 2993], [1724, 2993], [1727, 2997], [1833, 2997], [1837, 2993], [1970, 2993], [1973, 2997], [1994, 2997], [1997, 3000], [2014, 3000], [2018, 3004], [2035, 3004], [2038, 3007], [2049, 3007], [2052, 3010], [2083, 3010], [2086, 3014], [2353, 3014], [2356, 3010], [2384, 3010], [2387, 3007], [2415, 3007], [2418, 3004], [2428, 3004], [2432, 3000], [2435, 3000], [2459, 2976], [2459, 2973], [2462, 2969], [2462, 2959], [2459, 2956], [2459, 2935], [2456, 2932], [2456, 2863], [2459, 2860], [2459, 2809], [2456, 2805], [2456, 2768], [2459, 2764], [2459, 2716], [2462, 2713], [2462, 2682], [2466, 2679], [2466, 2573], [2469, 2569], [2480, 2569], [2480, 2566], [2469, 2566], [2466, 2562], [2466, 2556], [2462, 2552], [2462, 2542], [2452, 2532], [2449, 2532], [2445, 2528], [2442, 2528], [2438, 2525], [2401, 2525], [2397, 2528], [2373, 2528], [2370, 2532], [2363, 2532], [2360, 2535], [2353, 2535], [2350, 2539], [2339, 2539], [2336, 2542], [2329, 2542], [2326, 2545], [2322, 2545], [2319, 2549], [2315, 2549], [2312, 2552], [2308, 2552], [2302, 2559], [2298, 2559], [2295, 2562], [2288, 2562], [2285, 2566], [2271, 2566], [2267, 2562], [2264, 2562], [2261, 2559], [2257, 2559], [2254, 2556], [2250, 2556], [2244, 2549], [2240, 2549], [2237, 2545], [2233, 2545], [2230, 2542], [2223, 2542], [2220, 2539], [2216, 2539], [2213, 2535], [2209, 2535], [2206, 2532], [2202, 2532], [2199, 2528], [2196, 2528], [2192, 2525], [2189, 2525], [2185, 2521], [2182, 2521], [2179, 2518], [2175, 2518], [2172, 2515], [2168, 2515], [2165, 2511], [2161, 2511], [2158, 2508], [2155, 2508], [2151, 2504], [2148, 2504], [2141, 2498], [2141, 2487], [1949, 2487], [1949, 2498], [1943, 2504], [1936, 2504], [1932, 2508], [1925, 2508], [1922, 2511], [1915, 2511], [1912, 2515], [1905, 2515], [1902, 2518], [1895, 2518], [1891, 2521], [1888, 2521], [1884, 2525], [1881, 2525], [1878, 2528], [1871, 2528], [1867, 2532], [1864, 2532], [1860, 2535], [1857, 2535], [1854, 2539], [1850, 2539], [1847, 2542], [1840, 2542], [1837, 2545], [1809, 2545], [1806, 2542], [1799, 2542], [1792, 2535], [1789, 2535], [1778, 2525], [1775, 2525], [1772, 2521], [1768, 2521], [1761, 2515], [1754, 2515], [1751, 2511], [1744, 2511], [1741, 2508], [1731, 2508], [1727, 2504], [1707, 2504], [1703, 2501], [1693, 2501], [1689, 2498], [1689, 2487], [1652, 2487], [1652, 2498], [1648, 2501], [1635, 2501], [1631, 2504], [1628, 2504], [1624, 2508], [1621, 2508], [1604, 2525], [1594, 2525]]",0.96,ASOK_KAN008b.JPG,ASOK_KAN008b,Karnataka,Āndhradeśa,Kaṇagaṇahaḷḷi,Mahākapijātaka,1 B.C. ; 1 A.D. ; 2 A.D. ; 3 A.D. ,Stūpa ; panneau,bouddhisme,In situ,Maronet Léa
ASOK_KAN008b_lotus_9367.png,lotus,"[[3208, 2515], [3208, 2846], [3218, 2846], [3222, 2850], [3222, 2894], [3218, 2898], [3208, 2898], [3208, 3024], [3222, 3024], [3225, 3027], [3228, 3027], [3232, 3031], [3239, 3031], [3242, 3034], [3259, 3034], [3263, 3038], [3345, 3038], [3348, 3041], [3434, 3041], [3437, 3045], [3485, 3045], [3488, 3048], [3519, 3048], [3523, 3051], [3543, 3051], [3547, 3055], [3612, 3055], [3615, 3058], [3635, 3058], [3639, 3062], [3639, 3072], [3697, 3072], [3697, 3062], [3700, 3058], [3721, 3058], [3724, 3055], [3796, 3055], [3800, 3051], [3871, 3051], [3875, 3048], [3954, 3048], [3957, 3045], [4060, 3045], [4063, 3041], [4097, 3041], [4101, 3045], [4118, 3045], [4121, 3048], [4125, 3045], [4131, 3045], [4135, 3041], [4148, 3041], [4148, 2959], [4135, 2959], [4125, 2949], [4125, 2945], [4121, 2942], [4121, 2891], [4125, 2887], [4125, 2877], [4121, 2874], [4121, 2853], [4125, 2850], [4125, 2812], [4121, 2809], [4121, 2795], [4118, 2792], [4118, 2778], [4114, 2774], [4114, 2757], [4111, 2754], [4111, 2737], [4107, 2733], [4107, 2710], [4104, 2706], [4104, 2651], [4101, 2648], [4101, 2621], [4097, 2617], [4097, 2593], [4094, 2590], [4094, 2580], [4090, 2576], [4090, 2573], [4080, 2562], [4077, 2562], [4073, 2559], [4063, 2559], [4060, 2562], [4039, 2562], [4036, 2559], [4029, 2559], [4025, 2556], [4022, 2556], [4018, 2552], [3998, 2552], [3995, 2556], [3981, 2556], [3977, 2559], [3971, 2559], [3967, 2562], [3960, 2562], [3957, 2566], [3950, 2566], [3947, 2569], [3940, 2569], [3936, 2573], [3930, 2573], [3926, 2576], [3919, 2576], [3916, 2580], [3885, 2580], [3882, 2576], [3865, 2576], [3861, 2573], [3851, 2573], [3848, 2569], [3844, 2569], [3841, 2566], [3837, 2566], [3830, 2559], [3827, 2559], [3824, 2556], [3820, 2556], [3813, 2549], [3810, 2549], [3806, 2545], [3803, 2545], [3800, 2542], [3796, 2542], [3793, 2539], [3786, 2539], [3783, 2535], [3776, 2535], [3772, 2532], [3759, 2532], [3755, 2528], [3752, 2528], [3748, 2525], [3748, 2515], [3591, 2515], [3591, 2525], [3584, 2532], [3577, 2532], [3574, 2535], [3567, 2535], [3564, 2539], [3557, 2539], [3553, 2542], [3543, 2542], [3540, 2545], [3533, 2545], [3529, 2549], [3526, 2549], [3523, 2552], [3519, 2552], [3516, 2556], [3512, 2556], [3509, 2559], [3502, 2559], [3499, 2562], [3492, 2562], [3488, 2566], [3485, 2566], [3482, 2569], [3471, 2569], [3468, 2573], [3454, 2573], [3451, 2576], [3437, 2576], [3434, 2573], [3427, 2573], [3423, 2569], [3420, 2569], [3403, 2552], [3399, 2552], [3396, 2549], [3393, 2549], [3389, 2545], [3386, 2545], [3382, 2542], [3379, 2542], [3376, 2539], [3372, 2539], [3369, 2535], [3362, 2535], [3358, 2532], [3352, 2532], [3348, 2528], [3345, 2528], [3341, 2525], [3341, 2515], [3208, 2515]]",0.94,ASOK_KAN008b.JPG,ASOK_KAN008b,Karnataka,Āndhradeśa,Kaṇagaṇahaḷḷi,Mahākapijātaka,1 B.C. ; 1 A.D. ; 2 A.D. ; 3 A.D. ,Stūpa ; panneau,bouddhisme,In situ,Maronet Léa
ASOK_KAN008b_lotus_9368.png,lotus,"[[4877, 2624], [4877, 3062], [4894, 3062], [4897, 3065], [4901, 3065], [4904, 3068], [4908, 3068], [4911, 3072], [4915, 3072], [4921, 3079], [4925, 3079], [4928, 3082], [4932, 3079], [4935, 3079], [4942, 3072], [4945, 3072], [4949, 3075], [4959, 3075], [4962, 3079], [4973, 3079], [4976, 3082], [4997, 3082], [5000, 3086], [5010, 3086], [5014, 3089], [5034, 3089], [5038, 3092], [5062, 3092], [5065, 3096], [5072, 3096], [5075, 3099], [5089, 3099], [5092, 3103], [5113, 3103], [5116, 3106], [5123, 3106], [5127, 3103], [5181, 3103], [5185, 3106], [5209, 3106], [5212, 3110], [5253, 3110], [5257, 3113], [5263, 3113], [5267, 3116], [5267, 3127], [5469, 3127], [5469, 2593], [5445, 2593], [5441, 2590], [5431, 2590], [5428, 2586], [5417, 2586], [5414, 2583], [5407, 2583], [5404, 2580], [5397, 2580], [5393, 2576], [5390, 2576], [5386, 2573], [5380, 2573], [5376, 2569], [5373, 2569], [5369, 2566], [5369, 2556], [5123, 2556], [5123, 2569], [5120, 2573], [5116, 2573], [5113, 2576], [5109, 2576], [5103, 2583], [5099, 2583], [5092, 2590], [5089, 2590], [5082, 2597], [5079, 2597], [5072, 2604], [5068, 2604], [5062, 2610], [5058, 2610], [5044, 2624], [5041, 2624], [5034, 2631], [5031, 2631], [5024, 2638], [4993, 2638], [4990, 2634], [4986, 2634], [4983, 2631], [4980, 2631], [4973, 2624], [4969, 2624], [4966, 2621], [4942, 2621], [4938, 2617], [4901, 2617], [4897, 2621], [4894, 2621], [4891, 2624], [4877, 2624]]",0.81,ASOK_KAN008b.JPG,ASOK_KAN008b,Karnataka,Āndhradeśa,Kaṇagaṇahaḷḷi,Mahākapijātaka,1 B.C. ; 1 A.D. ; 2 A.D. ; 3 A.D. ,Stūpa ; panneau,bouddhisme,In situ,Maronet Léa
ASOK_KAN064_taureau_9547.png,taureau,"[[2360, 1263], [2360, 1359], [2370, 1359], [2377, 1366], [2377, 1369], [2401, 1393], [2404, 1393], [2408, 1397], [2415, 1397], [2418, 1400], [2445, 1400], [2449, 1397], [2469, 1397], [2473, 1393], [2521, 1393], [2524, 1397], [2534, 1397], [2538, 1400], [2541, 1400], [2555, 1414], [2555, 1417], [2558, 1421], [2558, 1424], [2562, 1427], [2562, 1434], [2568, 1441], [2568, 1444], [2572, 1448], [2572, 1451], [2575, 1455], [2575, 1458], [2579, 1462], [2579, 1465], [2582, 1468], [2582, 1475], [2586, 1479], [2586, 1482], [2589, 1486], [2589, 1492], [2592, 1496], [2592, 1499], [2599, 1506], [2599, 1509], [2606, 1516], [2606, 1520], [2609, 1523], [2609, 1527], [2613, 1530], [2613, 1533], [2616, 1537], [2616, 1544], [2620, 1547], [2620, 1554], [2623, 1557], [2623, 1561], [2627, 1564], [2627, 1568], [2630, 1571], [2630, 1574], [2633, 1578], [2633, 1585], [2640, 1592], [2640, 1598], [2644, 1602], [2644, 1605], [2647, 1609], [2647, 1612], [2650, 1615], [2650, 1619], [2654, 1622], [2654, 1629], [2657, 1633], [2657, 1636], [2661, 1639], [2661, 1643], [2671, 1653], [2671, 1656], [2674, 1660], [2674, 1663], [2681, 1670], [2681, 1674], [2685, 1677], [2685, 1684], [2688, 1687], [2688, 1691], [2692, 1694], [2692, 1697], [2698, 1704], [2698, 1708], [2702, 1711], [2702, 1715], [2709, 1721], [2709, 1725], [2712, 1728], [2712, 1735], [2719, 1742], [2719, 1745], [2722, 1749], [2722, 1756], [2726, 1759], [2726, 1769], [2729, 1773], [2729, 1797], [2726, 1800], [2726, 1817], [2722, 1821], [2722, 1827], [2719, 1831], [2719, 1838], [2715, 1841], [2715, 1848], [2712, 1851], [2712, 1855], [2709, 1858], [2709, 1865], [2705, 1868], [2705, 1872], [2702, 1875], [2702, 1879], [2688, 1892], [2688, 1896], [2685, 1899], [2685, 1906], [2681, 1909], [2681, 1913], [2678, 1916], [2678, 1920], [2674, 1923], [2674, 1930], [2671, 1933], [2671, 1937], [2668, 1940], [2668, 1947], [2664, 1951], [2664, 1961], [2661, 1964], [2661, 1995], [2664, 1998], [2664, 2005], [2668, 2009], [2668, 2012], [2671, 2015], [2671, 2019], [2674, 2022], [2674, 2029], [2678, 2033], [2678, 2039], [2681, 2043], [2681, 2053], [2685, 2056], [2685, 2084], [2688, 2087], [2688, 2111], [2692, 2115], [2692, 2128], [2695, 2132], [2695, 2149], [2698, 2152], [2698, 2162], [2702, 2166], [2702, 2176], [2705, 2180], [2705, 2197], [2709, 2200], [2709, 2210], [2712, 2214], [2712, 2224], [2715, 2227], [2715, 2234], [2719, 2238], [2719, 2245], [2722, 2248], [2722, 2258], [2726, 2262], [2726, 2265], [2739, 2279], [2743, 2279], [2746, 2282], [2753, 2282], [2757, 2286], [2774, 2286], [2777, 2289], [2845, 2289], [2849, 2286], [2859, 2286], [2863, 2282], [2866, 2282], [2869, 2279], [2869, 2275], [2873, 2272], [2873, 2227], [2869, 2224], [2869, 2210], [2866, 2207], [2866, 2197], [2863, 2193], [2863, 2183], [2859, 2180], [2859, 2173], [2856, 2169], [2856, 2166], [2852, 2162], [2852, 2159], [2849, 2156], [2849, 2152], [2845, 2149], [2845, 2142], [2842, 2139], [2842, 2135], [2839, 2132], [2839, 2128], [2835, 2125], [2835, 2121], [2832, 2118], [2832, 2115], [2828, 2111], [2828, 2108], [2822, 2101], [2822, 2098], [2815, 2091], [2815, 2087], [2804, 2077], [2804, 2074], [2801, 2070], [2801, 2067], [2798, 2063], [2798, 2060], [2794, 2056], [2794, 2050], [2791, 2046], [2791, 2036], [2787, 2033], [2787, 2022], [2784, 2019], [2784, 2009], [2780, 2005], [2780, 1995], [2784, 1992], [2784, 1988], [2791, 1981], [2791, 1978], [2794, 1974], [2798, 1974], [2801, 1971], [2801, 1968], [2822, 1947], [2825, 1947], [2828, 1944], [2832, 1944], [2849, 1927], [2852, 1927], [2856, 1923], [2859, 1923], [2863, 1920], [2893, 1920], [2910, 1937], [2910, 1940], [2934, 1964], [2934, 1968], [2938, 1968], [2945, 1974], [2945, 1978], [2958, 1992], [2958, 1995], [2962, 1998], [2962, 2002], [2965, 2005], [2965, 2009], [2969, 2012], [2969, 2015], [2972, 2019], [2972, 2029], [2975, 2033], [2975, 2039], [2979, 2043], [2979, 2053], [2982, 2056], [2982, 2063], [2986, 2067], [2986, 2080], [2989, 2084], [2989, 2098], [2992, 2101], [2992, 2132], [2989, 2135], [2989, 2156], [2986, 2159], [2986, 2200], [2982, 2204], [2982, 2210], [2979, 2214], [2979, 2224], [2982, 2227], [2982, 2231], [2992, 2241], [2996, 2241], [2999, 2245], [3010, 2245], [3013, 2248], [3078, 2248], [3081, 2245], [3092, 2245], [3095, 2241], [3099, 2241], [3109, 2231], [3109, 2227], [3112, 2224], [3112, 2217], [3116, 2214], [3116, 2197], [3112, 2193], [3112, 2173], [3109, 2169], [3109, 2142], [3105, 2139], [3105, 2121], [3102, 2118], [3102, 2104], [3099, 2101], [3099, 2094], [3095, 2091], [3095, 2080], [3092, 2077], [3092, 2067], [3088, 2063], [3088, 2050], [3085, 2046], [3085, 1964], [3088, 1961], [3088, 1920], [3092, 1916], [3092, 1892], [3095, 1889], [3095, 1882], [3099, 1879], [3099, 1875], [3112, 1862], [3119, 1862], [3122, 1858], [3170, 1858], [3174, 1862], [3208, 1862], [3211, 1865], [3252, 1865], [3256, 1868], [3276, 1868], [3280, 1872], [3290, 1872], [3293, 1875], [3304, 1875], [3307, 1879], [3317, 1879], [3321, 1882], [3328, 1882], [3331, 1886], [3341, 1886], [3345, 1889], [3352, 1889], [3355, 1892], [3358, 1892], [3365, 1899], [3369, 1899], [3379, 1909], [3379, 1913], [3389, 1923], [3389, 1927], [3396, 1933], [3396, 1937], [3399, 1940], [3399, 1944], [3403, 1947], [3403, 1954], [3406, 1957], [3406, 2019], [3403, 2022], [3406, 2026], [3406, 2060], [3403, 2063], [3403, 2074], [3399, 2077], [3399, 2087], [3396, 2091], [3396, 2098], [3393, 2101], [3393, 2104], [3389, 2108], [3389, 2111], [3379, 2121], [3379, 2125], [3372, 2132], [3372, 2135], [3369, 2139], [3369, 2142], [3365, 2145], [3365, 2149], [3362, 2152], [3362, 2156], [3355, 2162], [3355, 2166], [3352, 2169], [3352, 2173], [3338, 2186], [3338, 2190], [3317, 2210], [3317, 2214], [3314, 2217], [3314, 2221], [3311, 2224], [3311, 2227], [3307, 2231], [3307, 2234], [3304, 2238], [3304, 2241], [3300, 2245], [3300, 2282], [3304, 2286], [3304, 2289], [3314, 2299], [3321, 2299], [3324, 2303], [3382, 2303], [3386, 2299], [3403, 2299], [3406, 2296], [3423, 2296], [3427, 2292], [3430, 2292], [3444, 2279], [3444, 2272], [3447, 2268], [3447, 2231], [3451, 2227], [3451, 2214], [3454, 2210], [3454, 2204], [3458, 2200], [3458, 2193], [3461, 2190], [3461, 2183], [3464, 2180], [3464, 2169], [3468, 2166], [3468, 2156], [3471, 2152], [3471, 2139], [3475, 2135], [3475, 2128], [3478, 2125], [3478, 2121], [3482, 2118], [3482, 2115], [3485, 2111], [3485, 2108], [3488, 2104], [3488, 2101], [3492, 2098], [3492, 2094], [3502, 2084], [3502, 2080], [3509, 2074], [3512, 2074], [3529, 2056], [3533, 2056], [3536, 2053], [3543, 2053], [3553, 2043], [3557, 2043], [3577, 2022], [3605, 2022], [3608, 2026], [3625, 2026], [3629, 2029], [3649, 2029], [3653, 2033], [3659, 2033], [3666, 2039], [3670, 2039], [3676, 2046], [3676, 2050], [3680, 2053], [3680, 2067], [3683, 2070], [3683, 2077], [3680, 2080], [3680, 2091], [3676, 2094], [3676, 2104], [3673, 2108], [3673, 2121], [3670, 2125], [3670, 2142], [3666, 2145], [3666, 2156], [3663, 2159], [3663, 2162], [3659, 2166], [3659, 2169], [3656, 2173], [3656, 2176], [3653, 2180], [3653, 2183], [3649, 2186], [3649, 2193], [3646, 2197], [3646, 2204], [3642, 2207], [3642, 2234], [3653, 2245], [3659, 2245], [3663, 2248], [3704, 2248], [3707, 2245], [3728, 2245], [3731, 2241], [3745, 2241], [3748, 2238], [3755, 2238], [3769, 2224], [3769, 2221], [3772, 2217], [3772, 2214], [3776, 2210], [3776, 2200], [3779, 2197], [3779, 2186], [3783, 2183], [3793, 2183], [3793, 1954], [3783, 1954], [3776, 1947], [3776, 1937], [3772, 1933], [3772, 1923], [3769, 1920], [3769, 1903], [3765, 1899], [3765, 1896], [3769, 1892], [3769, 1879], [3772, 1875], [3772, 1848], [3776, 1845], [3776, 1834], [3779, 1831], [3779, 1827], [3783, 1824], [3793, 1824], [3793, 1533], [3779, 1533], [3776, 1530], [3776, 1527], [3765, 1516], [3765, 1513], [3762, 1509], [3762, 1506], [3755, 1499], [3752, 1499], [3735, 1482], [3735, 1479], [3728, 1472], [3728, 1468], [3724, 1468], [3721, 1465], [3718, 1465], [3714, 1462], [3711, 1462], [3707, 1458], [3704, 1458], [3700, 1455], [3694, 1455], [3690, 1451], [3687, 1451], [3680, 1444], [3687, 1438], [3690, 1438], [3700, 1427], [3704, 1427], [3707, 1424], [3711, 1424], [3745, 1390], [3745, 1386], [3748, 1383], [3748, 1380], [3752, 1376], [3752, 1369], [3755, 1366], [3755, 1362], [3759, 1359], [3759, 1356], [3765, 1349], [3765, 1345], [3769, 1342], [3769, 1335], [3772, 1332], [3772, 1328], [3776, 1325], [3776, 1321], [3783, 1315], [3793, 1315], [3793, 1058], [3779, 1058], [3776, 1055], [3769, 1055], [3765, 1051], [3765, 1048], [3769, 1044], [3769, 1041], [3772, 1038], [3769, 1034], [3765, 1034], [3762, 1031], [3759, 1031], [3755, 1027], [3738, 1027], [3735, 1024], [3711, 1024], [3707, 1021], [3694, 1021], [3690, 1017], [3680, 1017], [3676, 1014], [3663, 1014], [3659, 1010], [3629, 1010], [3625, 1014], [3612, 1014], [3608, 1017], [3594, 1017], [3591, 1021], [3581, 1021], [3577, 1024], [3570, 1024], [3567, 1027], [3564, 1027], [3560, 1031], [3557, 1031], [3553, 1034], [3547, 1034], [3540, 1041], [3536, 1041], [3533, 1044], [3529, 1044], [3523, 1051], [3519, 1051], [3516, 1055], [3512, 1055], [3509, 1058], [3502, 1058], [3499, 1062], [3492, 1062], [3488, 1065], [3482, 1065], [3478, 1068], [3475, 1068], [3468, 1075], [3461, 1075], [3458, 1079], [3454, 1079], [3441, 1092], [3437, 1092], [3427, 1103], [3423, 1103], [3420, 1106], [3420, 1109], [3410, 1120], [3410, 1123], [3399, 1133], [3399, 1137], [3396, 1140], [3396, 1144], [3393, 1147], [3393, 1154], [3389, 1157], [3389, 1164], [3386, 1168], [3386, 1236], [3389, 1239], [3389, 1250], [3393, 1253], [3393, 1256], [3396, 1260], [3396, 1267], [3399, 1270], [3410, 1270], [3413, 1274], [3417, 1274], [3423, 1280], [3427, 1277], [3427, 1270], [3437, 1260], [3454, 1260], [3458, 1256], [3458, 1253], [3461, 1250], [3461, 1243], [3464, 1239], [3482, 1239], [3485, 1243], [3488, 1243], [3492, 1246], [3506, 1246], [3509, 1250], [3509, 1253], [3512, 1256], [3512, 1263], [3516, 1267], [3516, 1284], [3519, 1287], [3519, 1291], [3523, 1294], [3526, 1291], [3536, 1291], [3543, 1284], [3543, 1267], [3550, 1260], [3553, 1260], [3557, 1256], [3560, 1256], [3560, 1243], [3570, 1233], [3574, 1233], [3577, 1229], [3615, 1229], [3618, 1233], [3639, 1233], [3642, 1236], [3680, 1236], [3683, 1233], [3690, 1233], [3694, 1236], [3707, 1236], [3724, 1253], [3728, 1253], [3731, 1256], [3738, 1256], [3745, 1263], [3748, 1263], [3759, 1274], [3759, 1277], [3762, 1280], [3762, 1294], [3759, 1297], [3759, 1308], [3752, 1315], [3741, 1315], [3738, 1318], [3735, 1318], [3731, 1321], [3728, 1321], [3724, 1325], [3707, 1325], [3704, 1321], [3697, 1321], [3690, 1328], [3687, 1328], [3683, 1332], [3680, 1332], [3673, 1339], [3670, 1339], [3666, 1342], [3663, 1342], [3659, 1345], [3656, 1345], [3649, 1352], [3646, 1352], [3642, 1356], [3632, 1356], [3625, 1349], [3622, 1349], [3615, 1342], [3588, 1342], [3584, 1339], [3570, 1339], [3567, 1342], [3536, 1342], [3533, 1345], [3523, 1345], [3519, 1349], [3519, 1359], [3516, 1362], [3516, 1369], [3512, 1373], [3512, 1380], [3506, 1386], [3502, 1386], [3495, 1393], [3492, 1393], [3488, 1397], [3482, 1397], [3478, 1400], [3458, 1400], [3454, 1403], [3441, 1403], [3437, 1407], [3434, 1407], [3430, 1410], [3423, 1410], [3420, 1414], [3403, 1414], [3399, 1417], [3386, 1417], [3382, 1414], [3300, 1414], [3297, 1417], [3287, 1417], [3283, 1414], [3280, 1414], [3273, 1407], [3270, 1407], [3266, 1403], [3266, 1400], [3263, 1397], [3263, 1390], [3259, 1386], [3259, 1359], [3263, 1356], [3263, 1325], [3266, 1321], [3266, 1304], [3270, 1301], [3270, 1280], [3266, 1277], [3266, 1270], [3263, 1267], [3263, 1260], [3259, 1256], [3259, 1253], [3256, 1250], [3256, 1243], [3249, 1236], [3249, 1233], [3235, 1219], [3232, 1219], [3222, 1209], [3218, 1209], [3211, 1202], [3208, 1202], [3205, 1198], [3198, 1198], [3194, 1195], [3181, 1195], [3177, 1191], [3153, 1191], [3150, 1188], [3133, 1188], [3129, 1185], [3071, 1185], [3068, 1181], [3057, 1181], [3054, 1185], [3051, 1185], [3040, 1195], [3037, 1195], [3034, 1198], [3030, 1198], [3027, 1202], [3020, 1202], [3016, 1205], [3010, 1205], [3006, 1202], [2999, 1202], [2996, 1198], [2992, 1198], [2982, 1188], [2982, 1181], [2986, 1178], [2986, 1164], [2982, 1161], [2986, 1157], [2986, 1140], [2989, 1137], [2989, 1106], [2992, 1103], [2992, 1058], [2989, 1055], [2989, 1044], [2986, 1041], [2986, 1038], [2969, 1021], [2965, 1021], [2958, 1014], [2951, 1014], [2948, 1010], [2941, 1010], [2938, 1007], [2931, 1007], [2928, 1003], [2917, 1003], [2910, 997], [2897, 997], [2893, 993], [2876, 993], [2873, 990], [2825, 990], [2822, 993], [2798, 993], [2794, 997], [2791, 997], [2787, 993], [2777, 993], [2770, 986], [2770, 983], [2767, 980], [2767, 973], [2760, 966], [2760, 962], [2757, 959], [2757, 956], [2753, 952], [2753, 942], [2681, 942], [2681, 956], [2678, 959], [2674, 959], [2671, 962], [2668, 962], [2650, 980], [2650, 983], [2630, 1003], [2627, 1003], [2620, 1010], [2616, 1010], [2613, 1014], [2606, 1014], [2603, 1017], [2596, 1017], [2592, 1021], [2589, 1021], [2586, 1017], [2575, 1017], [2572, 1014], [2565, 1014], [2562, 1010], [2558, 1010], [2551, 1003], [2548, 1003], [2544, 1000], [2541, 1000], [2538, 997], [2534, 997], [2531, 993], [2517, 993], [2514, 990], [2490, 990], [2486, 993], [2476, 993], [2473, 997], [2473, 1014], [2476, 1017], [2476, 1021], [2480, 1024], [2480, 1027], [2490, 1038], [2490, 1041], [2497, 1048], [2497, 1051], [2517, 1072], [2517, 1086], [2514, 1089], [2514, 1096], [2510, 1099], [2510, 1103], [2507, 1106], [2507, 1109], [2503, 1113], [2503, 1116], [2500, 1120], [2500, 1130], [2445, 1185], [2442, 1185], [2408, 1219], [2408, 1222], [2387, 1243], [2387, 1246], [2370, 1263], [2360, 1263]]",0.67,ASOK_KAN064.JPG,ASOK_KAN064,Karnataka,Āndhradeśa,Kaṇagaṇahaḷḷi,Frise avec animaux et motifs,1 B.C. ; 1 A.D. ; 2 A.D. ; 3 A.D. ,Stūpa ; panneau,bouddhisme,In situ,Maronet Léa
ASOK_KAN064_éléphant_9550.png,éléphant,"[[513, 1229], [513, 2292], [578, 2292], [578, 2282], [588, 2272], [592, 2272], [598, 2265], [598, 2262], [602, 2258], [602, 2255], [605, 2251], [605, 2248], [629, 2224], [633, 2224], [646, 2210], [646, 2197], [650, 2193], [650, 2139], [646, 2135], [646, 2111], [643, 2108], [643, 2074], [640, 2070], [640, 2056], [636, 2053], [636, 2026], [633, 2022], [633, 1985], [629, 1981], [629, 1954], [626, 1951], [626, 1937], [622, 1933], [622, 1923], [619, 1920], [619, 1916], [592, 1889], [588, 1889], [568, 1868], [568, 1865], [561, 1858], [561, 1834], [564, 1831], [564, 1827], [568, 1824], [568, 1821], [575, 1814], [575, 1810], [588, 1797], [588, 1793], [598, 1783], [598, 1780], [602, 1776], [602, 1773], [609, 1766], [609, 1762], [612, 1759], [612, 1756], [616, 1752], [616, 1745], [619, 1742], [619, 1739], [622, 1735], [622, 1732], [626, 1728], [626, 1725], [629, 1721], [629, 1718], [636, 1711], [636, 1704], [640, 1701], [640, 1691], [643, 1687], [643, 1667], [646, 1663], [646, 1615], [643, 1612], [643, 1595], [640, 1592], [640, 1588], [636, 1585], [636, 1574], [633, 1571], [646, 1557], [653, 1557], [657, 1554], [660, 1554], [663, 1550], [670, 1550], [674, 1547], [681, 1547], [684, 1544], [687, 1544], [691, 1540], [694, 1540], [698, 1537], [701, 1537], [705, 1533], [708, 1533], [711, 1530], [715, 1530], [739, 1506], [742, 1506], [746, 1503], [756, 1503], [759, 1499], [783, 1499], [787, 1496], [797, 1496], [800, 1499], [804, 1499], [807, 1503], [811, 1503], [821, 1513], [821, 1516], [828, 1523], [828, 1527], [831, 1530], [831, 1537], [834, 1540], [834, 1554], [838, 1557], [838, 1571], [841, 1574], [841, 1581], [845, 1585], [845, 1602], [848, 1605], [848, 1629], [845, 1633], [845, 1650], [841, 1653], [841, 1660], [838, 1663], [838, 1667], [834, 1670], [834, 1677], [831, 1680], [831, 1684], [828, 1687], [828, 1694], [821, 1701], [821, 1704], [817, 1708], [817, 1711], [814, 1715], [814, 1721], [811, 1725], [811, 1732], [807, 1735], [807, 1749], [804, 1752], [804, 1780], [800, 1783], [800, 1797], [804, 1800], [804, 1821], [807, 1824], [807, 1855], [804, 1858], [804, 1862], [800, 1865], [800, 1879], [797, 1882], [797, 1892], [793, 1896], [793, 1909], [790, 1913], [790, 1923], [787, 1927], [787, 1951], [783, 1954], [783, 1978], [780, 1981], [780, 2029], [783, 2033], [783, 2087], [780, 2091], [780, 2115], [776, 2118], [776, 2135], [773, 2139], [773, 2149], [770, 2152], [770, 2156], [763, 2162], [763, 2166], [759, 2169], [759, 2173], [752, 2180], [752, 2183], [746, 2190], [746, 2193], [739, 2200], [739, 2207], [735, 2210], [735, 2214], [732, 2217], [732, 2221], [728, 2224], [728, 2227], [725, 2231], [725, 2241], [722, 2245], [722, 2258], [725, 2262], [725, 2265], [728, 2268], [732, 2268], [735, 2272], [780, 2272], [783, 2275], [831, 2275], [834, 2272], [889, 2272], [893, 2268], [913, 2268], [917, 2265], [923, 2265], [927, 2262], [934, 2262], [940, 2255], [944, 2255], [961, 2238], [961, 2234], [964, 2231], [964, 2221], [968, 2217], [968, 2190], [964, 2186], [964, 2139], [968, 2135], [968, 2121], [971, 2118], [971, 2108], [975, 2104], [975, 2094], [978, 2091], [978, 2084], [982, 2080], [982, 2070], [985, 2067], [985, 2056], [988, 2053], [988, 2050], [992, 2046], [992, 2036], [995, 2033], [995, 2029], [999, 2026], [999, 2019], [1002, 2015], [1002, 2009], [1005, 2005], [1005, 2002], [1009, 1998], [1009, 1995], [1012, 1992], [1012, 1985], [1016, 1981], [1016, 1974], [1019, 1971], [1019, 1954], [1023, 1951], [1023, 1927], [1036, 1913], [1040, 1913], [1043, 1909], [1053, 1909], [1057, 1906], [1060, 1906], [1064, 1903], [1067, 1903], [1074, 1896], [1077, 1896], [1081, 1892], [1084, 1892], [1088, 1889], [1091, 1889], [1094, 1886], [1098, 1886], [1101, 1882], [1105, 1882], [1112, 1875], [1122, 1875], [1129, 1882], [1129, 1913], [1125, 1916], [1125, 1947], [1122, 1951], [1122, 1974], [1118, 1978], [1118, 2012], [1122, 2015], [1122, 2029], [1125, 2033], [1125, 2039], [1129, 2043], [1129, 2050], [1132, 2053], [1132, 2056], [1135, 2060], [1135, 2067], [1139, 2070], [1139, 2074], [1142, 2077], [1142, 2080], [1146, 2084], [1146, 2087], [1149, 2091], [1149, 2098], [1153, 2101], [1153, 2111], [1156, 2115], [1156, 2139], [1159, 2142], [1159, 2149], [1156, 2152], [1156, 2193], [1153, 2197], [1153, 2200], [1156, 2204], [1156, 2224], [1159, 2227], [1159, 2258], [1163, 2262], [1163, 2268], [1176, 2282], [1176, 2292], [1241, 2292], [1241, 2282], [1245, 2279], [1252, 2279], [1255, 2275], [1265, 2275], [1269, 2272], [1279, 2272], [1282, 2268], [1286, 2268], [1289, 2265], [1293, 2265], [1296, 2262], [1300, 2262], [1306, 2255], [1310, 2255], [1317, 2248], [1320, 2248], [1324, 2245], [1327, 2245], [1330, 2241], [1334, 2241], [1337, 2238], [1341, 2238], [1361, 2217], [1365, 2217], [1371, 2210], [1371, 2204], [1375, 2200], [1375, 2166], [1371, 2162], [1371, 2152], [1368, 2149], [1368, 2142], [1365, 2139], [1365, 2132], [1361, 2128], [1361, 2125], [1358, 2121], [1358, 2115], [1354, 2111], [1354, 2108], [1351, 2104], [1351, 2098], [1347, 2094], [1347, 2091], [1344, 2087], [1344, 2084], [1341, 2080], [1341, 2077], [1337, 2074], [1337, 2067], [1334, 2063], [1334, 2060], [1330, 2056], [1330, 2053], [1324, 2046], [1324, 2036], [1320, 2033], [1320, 2015], [1317, 2012], [1317, 1985], [1320, 1981], [1320, 1978], [1324, 1974], [1324, 1964], [1327, 1961], [1327, 1957], [1330, 1954], [1330, 1951], [1337, 1944], [1337, 1940], [1341, 1937], [1341, 1933], [1347, 1927], [1347, 1923], [1358, 1913], [1358, 1909], [1361, 1906], [1365, 1906], [1368, 1903], [1368, 1899], [1371, 1896], [1375, 1896], [1389, 1882], [1395, 1882], [1399, 1879], [1412, 1879], [1416, 1882], [1426, 1882], [1433, 1889], [1433, 1892], [1436, 1896], [1436, 1899], [1440, 1903], [1440, 1909], [1443, 1913], [1443, 1916], [1447, 1920], [1447, 1937], [1450, 1940], [1450, 1947], [1454, 1951], [1454, 1964], [1457, 1968], [1457, 1974], [1460, 1978], [1460, 1988], [1464, 1992], [1464, 2002], [1467, 2005], [1467, 2019], [1471, 2022], [1471, 2046], [1474, 2050], [1474, 2080], [1477, 2084], [1477, 2108], [1474, 2111], [1474, 2128], [1471, 2132], [1471, 2139], [1467, 2142], [1467, 2145], [1464, 2149], [1464, 2156], [1460, 2159], [1460, 2162], [1457, 2166], [1457, 2169], [1454, 2173], [1454, 2176], [1450, 2180], [1450, 2183], [1447, 2186], [1447, 2190], [1443, 2193], [1443, 2197], [1440, 2200], [1440, 2227], [1443, 2231], [1443, 2234], [1447, 2234], [1450, 2238], [1454, 2238], [1457, 2241], [1467, 2241], [1471, 2245], [1491, 2245], [1495, 2248], [1618, 2248], [1621, 2245], [1655, 2245], [1659, 2241], [1672, 2241], [1686, 2227], [1686, 2221], [1689, 2217], [1689, 2204], [1693, 2200], [1689, 2197], [1689, 2193], [1686, 2190], [1686, 2180], [1683, 2176], [1683, 2169], [1679, 2166], [1679, 2159], [1676, 2156], [1676, 2152], [1672, 2149], [1672, 2142], [1669, 2139], [1669, 2128], [1666, 2125], [1666, 2101], [1662, 2098], [1662, 2080], [1659, 2077], [1659, 2053], [1662, 2050], [1662, 2039], [1666, 2036], [1666, 2029], [1672, 2022], [1672, 2019], [1679, 2012], [1679, 2009], [1693, 1995], [1696, 1995], [1713, 1978], [1717, 1978], [1720, 1974], [1744, 1974], [1748, 1978], [1751, 1978], [1754, 1981], [1758, 1981], [1768, 1992], [1772, 1992], [1778, 1998], [1782, 1998], [1792, 2009], [1796, 2009], [1806, 2019], [1809, 2019], [1840, 2050], [1840, 2053], [1843, 2056], [1843, 2060], [1847, 2063], [1847, 2067], [1850, 2070], [1850, 2074], [1854, 2077], [1854, 2087], [1857, 2091], [1857, 2132], [1854, 2135], [1854, 2149], [1850, 2152], [1850, 2159], [1843, 2166], [1843, 2169], [1840, 2173], [1840, 2183], [1837, 2186], [1837, 2190], [1830, 2197], [1830, 2200], [1833, 2200], [1843, 2210], [1843, 2214], [1837, 2221], [1833, 2221], [1826, 2227], [1830, 2231], [1830, 2238], [1833, 2241], [1843, 2241], [1843, 2238], [1850, 2231], [1854, 2234], [1854, 2238], [1857, 2241], [1857, 2251], [1860, 2255], [1864, 2255], [1867, 2258], [1871, 2258], [1874, 2262], [1881, 2262], [1884, 2265], [1925, 2265], [1929, 2262], [1943, 2262], [1946, 2258], [1953, 2258], [1956, 2255], [1963, 2255], [1966, 2251], [1973, 2251], [1977, 2248], [1980, 2248], [1984, 2245], [1990, 2245], [1994, 2241], [1997, 2241], [2001, 2238], [2004, 2238], [2008, 2234], [2011, 2234], [2018, 2227], [2021, 2227], [2025, 2224], [2028, 2224], [2038, 2214], [2042, 2214], [2066, 2190], [2066, 2186], [2079, 2173], [2079, 2169], [2086, 2162], [2086, 2156], [2090, 2152], [2090, 2121], [2086, 2118], [2086, 2111], [2083, 2108], [2083, 2104], [2076, 2098], [2076, 2094], [2066, 2084], [2066, 2080], [2055, 2070], [2055, 2067], [2038, 2050], [2038, 2046], [2031, 2039], [2031, 2036], [2028, 2033], [2028, 2029], [2021, 2022], [2021, 2019], [2018, 2015], [2018, 2012], [2014, 2009], [2014, 2005], [2008, 1998], [2008, 1995], [2001, 1988], [2001, 1985], [1997, 1981], [1997, 1978], [1994, 1974], [1994, 1971], [1987, 1964], [1987, 1961], [1984, 1957], [1984, 1954], [1980, 1951], [1980, 1947], [1973, 1940], [1973, 1937], [1970, 1933], [1970, 1930], [1966, 1927], [1966, 1920], [1963, 1916], [1963, 1913], [1960, 1909], [1960, 1903], [1956, 1899], [1956, 1889], [1953, 1886], [1953, 1879], [1946, 1872], [1946, 1865], [1943, 1862], [1943, 1851], [1946, 1848], [1946, 1845], [1953, 1838], [1953, 1834], [1960, 1827], [1960, 1824], [1966, 1817], [1966, 1814], [1973, 1807], [1973, 1803], [1977, 1800], [1977, 1797], [1984, 1790], [1984, 1786], [1987, 1783], [1987, 1780], [1990, 1776], [1990, 1769], [1994, 1766], [1994, 1762], [1997, 1759], [1997, 1756], [2004, 1749], [2004, 1745], [2008, 1742], [2008, 1739], [2011, 1735], [2011, 1732], [2014, 1728], [2014, 1725], [2018, 1721], [2018, 1718], [2021, 1715], [2021, 1711], [2025, 1708], [2025, 1704], [2035, 1694], [2035, 1691], [2038, 1687], [2038, 1684], [2042, 1680], [2042, 1677], [2045, 1674], [2045, 1670], [2049, 1667], [2049, 1660], [2052, 1656], [2052, 1650], [2059, 1643], [2059, 1639], [2066, 1633], [2066, 1626], [2069, 1622], [2069, 1619], [2073, 1615], [2073, 1612], [2076, 1609], [2076, 1605], [2079, 1602], [2079, 1592], [2083, 1588], [2083, 1578], [2096, 1564], [2100, 1564], [2110, 1554], [2114, 1554], [2117, 1550], [2120, 1550], [2124, 1547], [2127, 1547], [2138, 1537], [2144, 1537], [2151, 1530], [2155, 1530], [2161, 1523], [2161, 1520], [2168, 1513], [2172, 1513], [2182, 1503], [2192, 1503], [2192, 1246], [2179, 1246], [2158, 1226], [2155, 1226], [2151, 1222], [2148, 1222], [2141, 1215], [2138, 1215], [2134, 1212], [2131, 1212], [2124, 1205], [2124, 1209], [2120, 1212], [2120, 1215], [2124, 1219], [2124, 1236], [2120, 1239], [2120, 1243], [2114, 1250], [2083, 1250], [2076, 1256], [2076, 1263], [2073, 1267], [2079, 1274], [2083, 1274], [2086, 1277], [2090, 1277], [2093, 1280], [2093, 1284], [2083, 1294], [2079, 1294], [2076, 1297], [2079, 1297], [2090, 1308], [2090, 1311], [2093, 1315], [2093, 1318], [2103, 1328], [2107, 1328], [2114, 1335], [2114, 1339], [2110, 1342], [2103, 1342], [2100, 1345], [2096, 1345], [2090, 1352], [2090, 1362], [2083, 1369], [2069, 1369], [2066, 1373], [2062, 1373], [2059, 1376], [2055, 1376], [2052, 1373], [2049, 1373], [2045, 1369], [2042, 1369], [2035, 1362], [2031, 1362], [2025, 1356], [2025, 1352], [2004, 1332], [2001, 1332], [1987, 1318], [1987, 1315], [1980, 1308], [1977, 1308], [1970, 1301], [1966, 1301], [1956, 1291], [1956, 1287], [1953, 1284], [1953, 1280], [1946, 1274], [1946, 1270], [1943, 1270], [1939, 1267], [1932, 1267], [1922, 1256], [1922, 1253], [1915, 1246], [1908, 1246], [1902, 1239], [1898, 1239], [1895, 1236], [1891, 1236], [1888, 1233], [1881, 1233], [1878, 1229], [1874, 1229], [1871, 1226], [1871, 1222], [1867, 1222], [1864, 1219], [1854, 1219], [1850, 1215], [1840, 1215], [1837, 1212], [1823, 1212], [1819, 1209], [1806, 1209], [1802, 1205], [1789, 1205], [1785, 1202], [1724, 1202], [1720, 1198], [1696, 1198], [1693, 1195], [1672, 1195], [1669, 1191], [1642, 1191], [1638, 1188], [1624, 1188], [1621, 1185], [1607, 1185], [1604, 1181], [1518, 1181], [1515, 1185], [1495, 1185], [1491, 1188], [1460, 1188], [1457, 1191], [1450, 1191], [1447, 1188], [1436, 1188], [1433, 1191], [1426, 1191], [1423, 1188], [1412, 1188], [1409, 1185], [1399, 1185], [1395, 1181], [1392, 1181], [1389, 1178], [1385, 1178], [1382, 1174], [1375, 1174], [1371, 1171], [1365, 1171], [1361, 1168], [1344, 1168], [1341, 1164], [1334, 1164], [1330, 1161], [1327, 1161], [1324, 1157], [1320, 1157], [1317, 1154], [1313, 1154], [1310, 1150], [1303, 1150], [1282, 1130], [1279, 1130], [1272, 1123], [1272, 1120], [1269, 1116], [1269, 1106], [1265, 1103], [1265, 1096], [1262, 1092], [1262, 1089], [1259, 1086], [1259, 1079], [1255, 1075], [1255, 1072], [1245, 1062], [1245, 1055], [1231, 1041], [1231, 1038], [1224, 1031], [1221, 1031], [1211, 1021], [1207, 1021], [1204, 1017], [1200, 1017], [1194, 1010], [1190, 1010], [1187, 1007], [1180, 1007], [1176, 1003], [1166, 1003], [1163, 1000], [1146, 1000], [1142, 997], [1135, 997], [1132, 993], [1132, 983], [1043, 983], [1043, 993], [1040, 997], [1026, 997], [1023, 1000], [999, 1000], [995, 1003], [988, 1003], [985, 1000], [958, 1000], [954, 997], [951, 997], [947, 993], [947, 983], [749, 983], [749, 993], [746, 997], [735, 997], [732, 1000], [725, 1000], [722, 997], [705, 997], [701, 1000], [684, 1000], [681, 1003], [677, 1003], [670, 1010], [670, 1017], [674, 1021], [663, 1031], [660, 1031], [660, 1034], [636, 1058], [636, 1062], [633, 1065], [633, 1068], [629, 1072], [629, 1079], [626, 1082], [626, 1086], [622, 1089], [622, 1103], [619, 1106], [619, 1109], [616, 1113], [616, 1120], [612, 1123], [612, 1127], [609, 1130], [609, 1133], [605, 1137], [605, 1140], [602, 1144], [602, 1150], [598, 1154], [598, 1161], [595, 1164], [595, 1171], [592, 1174], [592, 1178], [588, 1181], [588, 1185], [568, 1205], [564, 1205], [561, 1209], [557, 1209], [551, 1215], [547, 1215], [540, 1222], [537, 1222], [534, 1226], [530, 1226], [527, 1229], [513, 1229]]",0.89,ASOK_KAN064.JPG,ASOK_KAN064,Karnataka,Āndhradeśa,Kaṇagaṇahaḷḷi,Frise avec animaux et motifs,1 B.C. ; 1 A.D. ; 2 A.D. ; 3 A.D. ,Stūpa ; panneau,bouddhisme,In situ,Maronet Léa
ASOK_BHA168_lotus_9555.png,lotus,"[[93, 149], [93, 198], [96, 198], [96, 199], [96, 200], [97, 200], [97, 202], [98, 202], [98, 204], [99, 205], [99, 206], [100, 206], [100, 207], [100, 208], [100, 209], [101, 210], [101, 211], [102, 212], [102, 213], [104, 214], [104, 216], [105, 217], [105, 218], [106, 219], [106, 220], [106, 223], [107, 224], [107, 225], [108, 226], [108, 227], [108, 228], [108, 230], [109, 231], [109, 233], [110, 234], [110, 235], [114, 238], [116, 238], [117, 238], [118, 238], [120, 240], [121, 241], [122, 241], [123, 242], [124, 242], [125, 242], [126, 243], [127, 243], [128, 244], [129, 244], [130, 244], [130, 245], [132, 248], [136, 250], [136, 251], [138, 254], [139, 254], [140, 254], [141, 255], [142, 255], [144, 258], [144, 259], [145, 260], [146, 261], [146, 265], [145, 266], [145, 268], [144, 268], [144, 270], [144, 271], [144, 273], [143, 274], [143, 275], [142, 276], [142, 278], [142, 280], [140, 281], [140, 282], [139, 283], [139, 284], [138, 285], [138, 286], [137, 286], [137, 287], [136, 288], [136, 290], [136, 291], [135, 292], [134, 293], [134, 294], [133, 295], [133, 296], [131, 298], [131, 299], [130, 300], [130, 315], [130, 316], [130, 318], [129, 319], [129, 320], [128, 321], [128, 322], [127, 323], [127, 326], [126, 326], [126, 338], [127, 339], [127, 340], [128, 341], [128, 343], [129, 344], [130, 345], [130, 346], [131, 348], [131, 349], [132, 350], [134, 352], [134, 353], [135, 354], [135, 356], [136, 356], [136, 357], [137, 358], [136, 359], [136, 361], [137, 362], [138, 363], [139, 362], [141, 360], [141, 359], [142, 358], [142, 357], [142, 356], [143, 355], [143, 351], [144, 350], [144, 349], [144, 348], [144, 347], [145, 346], [146, 345], [146, 344], [147, 344], [147, 343], [148, 342], [148, 340], [148, 339], [148, 338], [149, 338], [149, 334], [150, 333], [150, 327], [149, 326], [149, 317], [150, 316], [150, 315], [150, 314], [151, 313], [151, 312], [152, 311], [152, 310], [153, 310], [153, 308], [154, 308], [154, 307], [154, 306], [154, 304], [155, 304], [155, 302], [156, 301], [156, 300], [156, 299], [156, 298], [157, 297], [157, 296], [158, 296], [158, 295], [161, 292], [161, 291], [167, 285], [168, 285], [170, 283], [171, 283], [174, 280], [175, 279], [176, 279], [178, 278], [179, 277], [180, 277], [180, 276], [183, 276], [186, 273], [188, 272], [189, 272], [193, 267], [194, 267], [196, 265], [197, 265], [198, 264], [199, 263], [201, 263], [202, 262], [203, 262], [204, 261], [205, 260], [206, 260], [207, 259], [208, 259], [209, 258], [210, 258], [210, 257], [211, 257], [212, 256], [213, 256], [214, 256], [216, 254], [218, 253], [219, 253], [219, 252], [220, 252], [221, 251], [222, 251], [222, 250], [223, 250], [225, 249], [226, 248], [227, 248], [228, 247], [229, 247], [231, 245], [233, 244], [234, 244], [235, 242], [236, 242], [237, 242], [242, 237], [243, 237], [245, 235], [245, 234], [247, 232], [247, 231], [248, 230], [249, 228], [249, 227], [250, 226], [251, 225], [251, 224], [252, 224], [252, 223], [252, 222], [252, 221], [254, 220], [254, 219], [255, 218], [256, 216], [256, 215], [257, 214], [258, 212], [259, 211], [259, 210], [260, 209], [260, 208], [261, 207], [261, 206], [261, 204], [262, 203], [262, 201], [263, 200], [263, 198], [264, 197], [264, 194], [264, 190], [265, 189], [265, 186], [266, 185], [266, 180], [267, 179], [267, 178], [266, 178], [266, 172], [265, 171], [265, 166], [264, 165], [264, 162], [264, 161], [264, 159], [263, 158], [263, 156], [262, 155], [262, 154], [261, 153], [261, 152], [261, 151], [261, 150], [260, 149], [260, 148], [259, 147], [259, 146], [258, 145], [258, 143], [258, 142], [258, 140], [257, 140], [257, 138], [256, 137], [256, 136], [255, 135], [255, 133], [255, 132], [255, 130], [254, 129], [254, 128], [253, 127], [253, 126], [252, 125], [252, 124], [252, 123], [252, 121], [251, 120], [251, 119], [250, 118], [250, 117], [249, 116], [247, 113], [247, 112], [241, 106], [240, 104], [238, 102], [238, 101], [236, 99], [236, 98], [234, 97], [234, 96], [233, 94], [231, 92], [230, 90], [230, 89], [228, 88], [228, 87], [227, 86], [227, 80], [147, 80], [147, 82], [144, 85], [144, 86], [143, 87], [143, 88], [142, 88], [142, 89], [142, 90], [142, 92], [141, 92], [141, 93], [140, 94], [139, 95], [139, 96], [138, 97], [138, 98], [137, 99], [137, 100], [136, 101], [136, 102], [135, 103], [135, 104], [133, 105], [133, 106], [132, 106], [132, 107], [131, 109], [131, 110], [130, 110], [130, 111], [130, 112], [129, 113], [129, 114], [123, 120], [122, 120], [120, 122], [119, 122], [117, 124], [116, 124], [114, 126], [106, 134], [106, 135], [103, 137], [103, 138], [101, 140], [101, 141], [100, 142], [100, 143], [100, 144], [98, 146], [97, 147], [97, 148], [96, 149], [93, 149]]",0.86,ASOK_BHA168.JPG,ASOK_BHA168,Madhya Pradesh,Madhyapradeśa,Bhārhut,Mugapakhajātaka,2 B.C.,Stūpa ; balustrade,bouddhisme,Kolkata Indian Museum,Ganguly Biswarup
ASOK_BHA170_lotus_9624.png,lotus,"[[56, 1101], [56, 1119], [59, 1119], [60, 1120], [61, 1120], [61, 1121], [61, 1124], [160, 1124], [160, 1122], [160, 1121], [164, 1121], [165, 1120], [172, 1120], [172, 1119], [184, 1119], [186, 1119], [187, 1119], [188, 1119], [189, 1119], [196, 1119], [197, 1118], [200, 1118], [201, 1117], [204, 1117], [205, 1116], [211, 1116], [212, 1116], [216, 1116], [217, 1115], [221, 1115], [222, 1113], [223, 1113], [224, 1113], [225, 1113], [226, 1112], [226, 1111], [227, 1110], [227, 1100], [228, 1098], [229, 1098], [230, 1098], [233, 1098], [234, 1098], [234, 1099], [235, 1101], [235, 1104], [236, 1104], [237, 1104], [239, 1104], [241, 1106], [241, 1109], [242, 1109], [242, 1106], [244, 1104], [244, 1102], [245, 1101], [245, 1100], [246, 1099], [246, 1098], [246, 1097], [247, 1096], [247, 1095], [246, 1094], [246, 1093], [246, 1092], [245, 1091], [245, 1090], [243, 1089], [242, 1089], [241, 1088], [240, 1088], [238, 1086], [237, 1086], [237, 1085], [239, 1083], [239, 1082], [240, 1081], [240, 1080], [240, 1079], [240, 1078], [240, 1077], [238, 1076], [237, 1076], [236, 1075], [234, 1075], [234, 1074], [232, 1074], [231, 1073], [231, 1070], [230, 1069], [230, 1068], [229, 1068], [229, 1067], [228, 1066], [228, 1065], [228, 1064], [227, 1064], [225, 1062], [217, 1055], [217, 1052], [216, 1052], [216, 1051], [216, 1050], [214, 1049], [214, 1048], [213, 1047], [213, 1046], [212, 1045], [212, 1044], [210, 1042], [210, 1041], [209, 1040], [209, 1039], [207, 1038], [207, 1037], [207, 1036], [206, 1035], [206, 1033], [205, 1033], [205, 1032], [204, 1031], [204, 1030], [204, 1029], [203, 1028], [203, 1027], [202, 1027], [202, 1026], [201, 1025], [201, 1024], [201, 1023], [200, 1022], [200, 1021], [199, 1020], [199, 1019], [198, 1018], [198, 1017], [198, 1016], [197, 1015], [195, 1013], [195, 1012], [195, 1011], [192, 1009], [192, 1008], [191, 1006], [190, 1004], [190, 1003], [187, 1000], [182, 995], [182, 994], [181, 993], [180, 993], [178, 991], [173, 987], [173, 986], [172, 985], [169, 983], [168, 983], [167, 982], [166, 982], [164, 982], [161, 979], [161, 978], [160, 977], [159, 976], [158, 976], [157, 975], [155, 975], [154, 974], [152, 974], [151, 973], [150, 973], [149, 973], [148, 971], [148, 970], [147, 970], [147, 969], [146, 968], [146, 967], [143, 964], [143, 963], [142, 962], [141, 961], [140, 961], [139, 961], [138, 961], [137, 960], [132, 960], [130, 958], [130, 957], [127, 957], [124, 961], [123, 962], [123, 964], [124, 964], [124, 967], [123, 968], [123, 969], [124, 970], [124, 978], [121, 981], [121, 982], [120, 982], [120, 983], [118, 985], [117, 985], [115, 987], [115, 988], [114, 989], [114, 990], [112, 991], [112, 992], [112, 993], [112, 994], [111, 995], [111, 996], [109, 997], [109, 998], [109, 999], [109, 1000], [108, 1001], [108, 1002], [107, 1003], [106, 1004], [106, 1005], [106, 1006], [106, 1007], [105, 1008], [105, 1009], [104, 1010], [104, 1012], [103, 1012], [103, 1014], [103, 1015], [103, 1017], [102, 1018], [102, 1020], [101, 1021], [101, 1022], [100, 1023], [100, 1024], [100, 1025], [100, 1027], [99, 1027], [99, 1028], [98, 1029], [98, 1030], [97, 1031], [97, 1033], [97, 1034], [96, 1035], [96, 1037], [95, 1038], [95, 1039], [94, 1039], [94, 1040], [94, 1041], [94, 1042], [93, 1042], [93, 1043], [92, 1044], [92, 1045], [91, 1046], [91, 1047], [90, 1048], [90, 1049], [88, 1050], [88, 1051], [88, 1052], [88, 1053], [87, 1053], [87, 1055], [85, 1056], [85, 1057], [85, 1058], [85, 1059], [84, 1060], [84, 1061], [83, 1062], [82, 1063], [82, 1064], [82, 1065], [82, 1066], [81, 1067], [81, 1068], [80, 1068], [80, 1070], [79, 1071], [79, 1072], [79, 1073], [79, 1074], [78, 1074], [78, 1075], [77, 1076], [77, 1077], [76, 1077], [76, 1079], [76, 1080], [75, 1081], [75, 1083], [74, 1083], [74, 1084], [73, 1085], [73, 1086], [69, 1090], [69, 1091], [64, 1096], [63, 1096], [58, 1101], [56, 1101]]",0.73,ASOK_BHA170.JPG,ASOK_BHA170,Madhya Pradesh,Madhyapradeśa,Bhārhut,Vénération de la roue,2 B.C.,Stūpa ; balustrade,bouddhisme,Kolkata Indian Museum,Ganguly Biswarup
ASOK_KANE003_éléphant_9678.png,éléphant,"[[1135, 1345], [1135, 1575], [1185, 1575], [1187, 1577], [1266, 1577], [1268, 1575], [1320, 1575], [1322, 1577], [1338, 1577], [1340, 1579], [1359, 1579], [1361, 1577], [1425, 1577], [1427, 1579], [1458, 1579], [1460, 1581], [1663, 1581], [1665, 1579], [1690, 1579], [1692, 1577], [1706, 1577], [1708, 1575], [1744, 1575], [1746, 1577], [1760, 1577], [1762, 1575], [1764, 1575], [1766, 1577], [1776, 1577], [1779, 1575], [1789, 1575], [1791, 1573], [1797, 1573], [1799, 1571], [1803, 1571], [1805, 1569], [1809, 1569], [1811, 1567], [1813, 1567], [1815, 1565], [1819, 1565], [1821, 1563], [1823, 1563], [1825, 1561], [1827, 1561], [1829, 1559], [1831, 1559], [1839, 1550], [1841, 1550], [1843, 1548], [1845, 1548], [1847, 1546], [1853, 1546], [1855, 1544], [1865, 1544], [1867, 1542], [1875, 1542], [1877, 1540], [1881, 1540], [1883, 1538], [1890, 1538], [1892, 1536], [1898, 1536], [1900, 1534], [1904, 1534], [1906, 1532], [1908, 1532], [1910, 1530], [1912, 1530], [1914, 1528], [1916, 1528], [1918, 1526], [1920, 1526], [1926, 1520], [1926, 1518], [1928, 1516], [1928, 1510], [1934, 1504], [1936, 1504], [1938, 1502], [1940, 1502], [1942, 1500], [1942, 1498], [1944, 1496], [1944, 1494], [1946, 1492], [1946, 1488], [1950, 1484], [1954, 1484], [1956, 1482], [1958, 1482], [1962, 1478], [1962, 1476], [1966, 1472], [1968, 1472], [1970, 1470], [1974, 1470], [1976, 1468], [1978, 1468], [1980, 1466], [1986, 1466], [1988, 1464], [2011, 1464], [2013, 1462], [2015, 1462], [2017, 1464], [2023, 1464], [2031, 1472], [2031, 1474], [2033, 1476], [2033, 1480], [2037, 1484], [2037, 1486], [2039, 1488], [2039, 1522], [2041, 1524], [2041, 1526], [2047, 1532], [2049, 1532], [2051, 1534], [2053, 1534], [2063, 1544], [2067, 1544], [2069, 1546], [2071, 1546], [2073, 1548], [2100, 1548], [2102, 1550], [2192, 1550], [2194, 1548], [2217, 1548], [2219, 1546], [2233, 1546], [2235, 1544], [2247, 1544], [2249, 1542], [2257, 1542], [2259, 1540], [2265, 1540], [2267, 1538], [2277, 1538], [2279, 1536], [2293, 1536], [2295, 1534], [2303, 1534], [2305, 1532], [2311, 1532], [2313, 1530], [2320, 1530], [2322, 1528], [2326, 1528], [2328, 1526], [2330, 1526], [2330, 1524], [2332, 1522], [2332, 1520], [2340, 1512], [2344, 1512], [2346, 1510], [2346, 1508], [2348, 1506], [2348, 1504], [2350, 1502], [2350, 1498], [2354, 1494], [2360, 1494], [2360, 1488], [2362, 1486], [2364, 1486], [2366, 1484], [2380, 1484], [2382, 1482], [2382, 1480], [2386, 1476], [2388, 1478], [2390, 1478], [2392, 1480], [2394, 1480], [2400, 1486], [2400, 1492], [2402, 1494], [2400, 1496], [2400, 1500], [2398, 1502], [2402, 1506], [2404, 1506], [2406, 1504], [2410, 1504], [2412, 1506], [2418, 1506], [2420, 1504], [2422, 1504], [2425, 1502], [2427, 1502], [2429, 1504], [2429, 1506], [2431, 1508], [2431, 1516], [2433, 1518], [2433, 1526], [2451, 1544], [2455, 1544], [2457, 1546], [2459, 1546], [2461, 1548], [2463, 1548], [2465, 1550], [2471, 1550], [2473, 1552], [2491, 1552], [2493, 1550], [2501, 1550], [2503, 1552], [2523, 1552], [2525, 1555], [2538, 1555], [2540, 1557], [2562, 1557], [2564, 1555], [2574, 1555], [2576, 1552], [2590, 1552], [2592, 1550], [2594, 1550], [2598, 1546], [2600, 1546], [2602, 1544], [2602, 1542], [2594, 1534], [2594, 1532], [2592, 1530], [2592, 1528], [2590, 1526], [2590, 1524], [2592, 1522], [2592, 1516], [2596, 1512], [2600, 1512], [2602, 1510], [2604, 1510], [2606, 1508], [2606, 1504], [2608, 1502], [2608, 1496], [2606, 1494], [2606, 1492], [2604, 1490], [2604, 1488], [2602, 1486], [2604, 1484], [2604, 1478], [2602, 1476], [2602, 1470], [2604, 1468], [2604, 1464], [2606, 1462], [2606, 1452], [2604, 1450], [2604, 1437], [2602, 1435], [2602, 1433], [2598, 1433], [2594, 1429], [2594, 1423], [2596, 1421], [2602, 1421], [2604, 1419], [2604, 1417], [2606, 1415], [2608, 1415], [2616, 1407], [2618, 1407], [2620, 1405], [2622, 1405], [2624, 1403], [2626, 1403], [2628, 1401], [2632, 1401], [2641, 1393], [2641, 1391], [2643, 1389], [2651, 1389], [2655, 1385], [2655, 1379], [2653, 1377], [2653, 1359], [2655, 1357], [2655, 1343], [2657, 1341], [2657, 1322], [2659, 1320], [2659, 1314], [2665, 1308], [2667, 1308], [2667, 1304], [2669, 1302], [2669, 1290], [2667, 1288], [2667, 1280], [2669, 1278], [2669, 1276], [2667, 1274], [2667, 1268], [2669, 1266], [2669, 1256], [2671, 1254], [2671, 1252], [2669, 1250], [2669, 1242], [2667, 1240], [2661, 1240], [2657, 1236], [2657, 1229], [2661, 1225], [2667, 1225], [2669, 1223], [2669, 1221], [2671, 1219], [2671, 1207], [2673, 1205], [2673, 1203], [2671, 1201], [2671, 1191], [2669, 1189], [2669, 1181], [2667, 1179], [2667, 1171], [2665, 1169], [2665, 1161], [2663, 1159], [2663, 1155], [2661, 1153], [2661, 1151], [2659, 1149], [2659, 1147], [2657, 1145], [2657, 1143], [2655, 1141], [2655, 1139], [2647, 1131], [2645, 1131], [2634, 1120], [2632, 1120], [2626, 1114], [2624, 1114], [2622, 1112], [2620, 1112], [2618, 1110], [2608, 1110], [2606, 1108], [2592, 1108], [2590, 1106], [2590, 1104], [2586, 1100], [2548, 1100], [2546, 1102], [2544, 1102], [2542, 1104], [2538, 1104], [2536, 1106], [2534, 1106], [2532, 1108], [2523, 1108], [2521, 1110], [2507, 1110], [2505, 1112], [2501, 1112], [2499, 1114], [2495, 1114], [2493, 1116], [2487, 1116], [2485, 1118], [2481, 1118], [2479, 1120], [2477, 1120], [2475, 1122], [2473, 1122], [2471, 1124], [2469, 1124], [2467, 1127], [2459, 1127], [2457, 1129], [2451, 1129], [2449, 1131], [2447, 1131], [2445, 1133], [2443, 1133], [2441, 1135], [2435, 1135], [2433, 1137], [2431, 1137], [2429, 1139], [2427, 1139], [2425, 1141], [2418, 1141], [2416, 1143], [2408, 1143], [2406, 1145], [2398, 1145], [2396, 1147], [2380, 1147], [2378, 1145], [2376, 1145], [2374, 1143], [2374, 1141], [2372, 1139], [2372, 1137], [2370, 1135], [2370, 1129], [2368, 1127], [2368, 1104], [2366, 1102], [2366, 1086], [2364, 1084], [2364, 1074], [2362, 1072], [2362, 1066], [2360, 1064], [2360, 1062], [2358, 1060], [2358, 1058], [2356, 1056], [2356, 1048], [2354, 1046], [2354, 1034], [2356, 1032], [2356, 1030], [2362, 1024], [2366, 1024], [2368, 1026], [2370, 1026], [2372, 1024], [2376, 1024], [2380, 1028], [2382, 1028], [2384, 1030], [2394, 1030], [2396, 1032], [2404, 1032], [2406, 1030], [2408, 1030], [2410, 1028], [2412, 1028], [2414, 1026], [2414, 1024], [2416, 1022], [2416, 1020], [2418, 1017], [2422, 1017], [2425, 1015], [2427, 1017], [2427, 1026], [2429, 1028], [2429, 1030], [2431, 1032], [2431, 1042], [2433, 1044], [2433, 1046], [2435, 1048], [2435, 1050], [2439, 1050], [2441, 1048], [2445, 1052], [2445, 1054], [2447, 1056], [2447, 1058], [2449, 1060], [2453, 1060], [2455, 1058], [2459, 1058], [2461, 1060], [2463, 1060], [2469, 1066], [2471, 1066], [2475, 1070], [2475, 1076], [2477, 1078], [2477, 1082], [2479, 1084], [2479, 1094], [2481, 1096], [2485, 1096], [2487, 1094], [2495, 1094], [2497, 1092], [2505, 1092], [2507, 1090], [2509, 1090], [2509, 1086], [2511, 1084], [2511, 1082], [2515, 1078], [2521, 1078], [2523, 1076], [2523, 1062], [2525, 1060], [2525, 1058], [2523, 1056], [2523, 1050], [2521, 1048], [2521, 1042], [2523, 1040], [2523, 1038], [2529, 1032], [2529, 1030], [2536, 1024], [2538, 1024], [2540, 1022], [2554, 1022], [2558, 1017], [2560, 1017], [2562, 1015], [2568, 1015], [2570, 1013], [2572, 1013], [2574, 1011], [2576, 1011], [2578, 1009], [2582, 1009], [2584, 1007], [2610, 1007], [2612, 1009], [2626, 1009], [2628, 1011], [2630, 1009], [2655, 1009], [2657, 1011], [2683, 1011], [2685, 1009], [2699, 1009], [2701, 1007], [2703, 1007], [2707, 1003], [2713, 1003], [2715, 1001], [2719, 1001], [2721, 999], [2739, 999], [2741, 1001], [2766, 1001], [2768, 1003], [2770, 1003], [2772, 1005], [2780, 1005], [2790, 1015], [2792, 1015], [2794, 1017], [2798, 1017], [2800, 1020], [2812, 1020], [2814, 1022], [2816, 1022], [2818, 1024], [2820, 1024], [2822, 1026], [2832, 1026], [2834, 1028], [2840, 1028], [2842, 1026], [2842, 1020], [2844, 1017], [2844, 1007], [2840, 1003], [2840, 1001], [2842, 999], [2844, 999], [2848, 995], [2848, 993], [2850, 991], [2850, 989], [2855, 985], [2861, 985], [2869, 993], [2883, 993], [2883, 991], [2887, 987], [2893, 987], [2895, 985], [2895, 983], [2901, 977], [2905, 977], [2907, 975], [2909, 975], [2913, 979], [2915, 979], [2917, 981], [2925, 981], [2931, 987], [2931, 989], [2933, 991], [2933, 993], [2935, 995], [2943, 995], [2945, 997], [2947, 997], [2949, 999], [2955, 999], [2959, 995], [2959, 987], [2962, 985], [2962, 981], [2964, 979], [2964, 969], [2968, 965], [2974, 965], [2974, 929], [2968, 929], [2966, 927], [2966, 921], [2964, 919], [2964, 908], [2962, 906], [2962, 896], [2959, 894], [2959, 888], [2957, 886], [2957, 880], [2955, 878], [2955, 874], [2953, 872], [2953, 868], [2951, 866], [2951, 864], [2949, 862], [2949, 858], [2947, 856], [2947, 852], [2945, 850], [2945, 846], [2943, 844], [2943, 838], [2941, 836], [2941, 830], [2939, 828], [2939, 826], [2937, 824], [2937, 822], [2935, 820], [2935, 818], [2933, 816], [2933, 814], [2931, 812], [2931, 810], [2929, 808], [2929, 806], [2927, 803], [2927, 799], [2925, 797], [2925, 795], [2923, 793], [2923, 791], [2915, 783], [2915, 781], [2913, 779], [2913, 777], [2909, 773], [2909, 771], [2907, 769], [2905, 769], [2901, 765], [2901, 763], [2891, 753], [2889, 753], [2881, 745], [2881, 743], [2879, 741], [2877, 741], [2875, 739], [2873, 739], [2871, 737], [2869, 737], [2859, 727], [2857, 727], [2855, 725], [2852, 725], [2848, 721], [2846, 721], [2844, 719], [2842, 719], [2840, 717], [2838, 717], [2836, 715], [2834, 715], [2830, 711], [2826, 711], [2824, 709], [2820, 709], [2818, 707], [2816, 707], [2814, 705], [2812, 705], [2810, 703], [2808, 703], [2804, 699], [2802, 699], [2800, 696], [2798, 696], [2796, 694], [2792, 694], [2790, 692], [2788, 692], [2786, 690], [2782, 690], [2780, 688], [2774, 688], [2772, 686], [2764, 686], [2762, 684], [2754, 684], [2752, 682], [2748, 682], [2745, 680], [2741, 680], [2739, 678], [2737, 678], [2733, 674], [2731, 674], [2729, 672], [2727, 672], [2707, 652], [2707, 650], [2691, 634], [2691, 632], [2689, 630], [2689, 628], [2687, 626], [2687, 618], [2689, 616], [2689, 610], [2687, 608], [2687, 589], [2689, 587], [2691, 587], [2693, 585], [2695, 585], [2697, 583], [2699, 583], [2701, 581], [2701, 579], [2705, 575], [2705, 573], [2703, 571], [2703, 569], [2697, 563], [2697, 561], [2691, 555], [2691, 553], [2687, 549], [2687, 547], [2685, 545], [2685, 543], [2659, 517], [2649, 517], [2647, 515], [2643, 515], [2641, 513], [2639, 513], [2620, 495], [2618, 495], [2616, 493], [2614, 493], [2612, 491], [2610, 491], [2604, 485], [2604, 483], [2602, 480], [2602, 478], [2598, 474], [2596, 474], [2594, 472], [2590, 472], [2588, 470], [2584, 470], [2582, 468], [2576, 468], [2574, 466], [2568, 466], [2566, 464], [2564, 464], [2562, 462], [2560, 462], [2558, 460], [2554, 460], [2552, 458], [2544, 458], [2542, 456], [2534, 456], [2532, 454], [2515, 454], [2513, 452], [2499, 452], [2497, 450], [2487, 450], [2485, 448], [2443, 448], [2441, 450], [2431, 450], [2429, 452], [2418, 452], [2416, 454], [2406, 454], [2404, 456], [2396, 456], [2394, 458], [2388, 458], [2386, 460], [2382, 460], [2380, 462], [2376, 462], [2374, 464], [2370, 464], [2368, 466], [2364, 466], [2362, 468], [2358, 468], [2356, 470], [2352, 470], [2348, 474], [2346, 474], [2344, 476], [2342, 476], [2340, 478], [2338, 478], [2336, 480], [2334, 480], [2332, 483], [2330, 483], [2328, 485], [2326, 485], [2324, 487], [2322, 487], [2309, 499], [2307, 499], [2303, 503], [2301, 503], [2289, 515], [2287, 515], [2285, 517], [2285, 519], [2265, 539], [2265, 541], [2257, 549], [2257, 551], [2253, 555], [2253, 557], [2249, 561], [2249, 563], [2247, 565], [2247, 567], [2243, 571], [2243, 573], [2239, 577], [2239, 579], [2235, 583], [2235, 585], [2233, 587], [2233, 589], [2229, 594], [2229, 596], [2227, 598], [2227, 600], [2225, 602], [2225, 604], [2223, 606], [2223, 608], [2219, 612], [2219, 614], [2215, 618], [2215, 620], [2213, 622], [2213, 624], [2204, 632], [2204, 634], [2194, 644], [2192, 644], [2190, 646], [2188, 646], [2184, 650], [2182, 650], [2178, 654], [2176, 654], [2174, 656], [2172, 656], [2170, 658], [2166, 658], [2164, 660], [2160, 660], [2158, 662], [2146, 662], [2144, 664], [2134, 664], [2132, 662], [2116, 662], [2114, 660], [2087, 660], [2085, 658], [2077, 658], [2075, 656], [2073, 656], [2071, 654], [2067, 654], [2065, 652], [2061, 652], [2057, 648], [2055, 648], [2053, 646], [2045, 646], [2043, 644], [2041, 644], [2039, 642], [2035, 642], [2033, 640], [2029, 640], [2021, 632], [2017, 632], [2015, 630], [2011, 630], [2009, 628], [2005, 628], [2003, 626], [1999, 626], [1995, 622], [1995, 620], [1993, 618], [1993, 616], [1988, 612], [1984, 612], [1982, 610], [1980, 610], [1976, 606], [1976, 602], [1974, 600], [1974, 598], [1976, 596], [1976, 594], [1978, 592], [1978, 581], [1982, 577], [1988, 577], [1990, 575], [1990, 569], [1988, 567], [1988, 565], [1982, 565], [1978, 561], [1978, 559], [1976, 557], [1976, 549], [1968, 541], [1968, 539], [1970, 537], [1970, 535], [1972, 533], [1972, 519], [1974, 517], [1974, 501], [1972, 499], [1966, 499], [1964, 497], [1962, 497], [1960, 495], [1948, 495], [1946, 493], [1946, 489], [1944, 487], [1944, 485], [1942, 485], [1940, 483], [1928, 483], [1926, 480], [1918, 480], [1916, 483], [1912, 483], [1910, 485], [1908, 485], [1906, 487], [1904, 487], [1904, 493], [1900, 497], [1900, 499], [1898, 501], [1898, 509], [1892, 515], [1890, 515], [1886, 519], [1886, 523], [1883, 525], [1883, 527], [1879, 531], [1879, 535], [1877, 537], [1877, 541], [1873, 545], [1873, 547], [1871, 549], [1871, 559], [1869, 561], [1869, 569], [1871, 571], [1871, 581], [1873, 583], [1873, 600], [1871, 602], [1871, 604], [1867, 608], [1861, 608], [1861, 610], [1859, 612], [1859, 616], [1857, 618], [1857, 624], [1855, 626], [1855, 630], [1853, 632], [1853, 658], [1857, 662], [1857, 670], [1859, 672], [1859, 674], [1861, 676], [1863, 676], [1865, 678], [1865, 680], [1859, 686], [1859, 692], [1857, 694], [1857, 699], [1855, 701], [1855, 703], [1847, 711], [1847, 713], [1843, 717], [1843, 719], [1817, 745], [1817, 747], [1805, 759], [1805, 761], [1797, 769], [1795, 769], [1774, 789], [1772, 789], [1768, 793], [1766, 793], [1762, 797], [1760, 797], [1758, 799], [1756, 799], [1752, 803], [1750, 803], [1748, 806], [1744, 806], [1742, 808], [1740, 808], [1738, 810], [1736, 810], [1734, 812], [1730, 812], [1728, 814], [1724, 814], [1722, 816], [1720, 816], [1716, 820], [1714, 820], [1712, 822], [1710, 822], [1708, 824], [1706, 824], [1704, 826], [1702, 826], [1700, 828], [1698, 828], [1694, 832], [1692, 832], [1688, 836], [1686, 836], [1684, 838], [1682, 838], [1680, 840], [1678, 840], [1676, 842], [1674, 842], [1672, 844], [1670, 844], [1667, 846], [1665, 846], [1661, 850], [1659, 850], [1647, 862], [1643, 862], [1641, 864], [1639, 864], [1637, 866], [1637, 870], [1633, 874], [1625, 874], [1623, 876], [1615, 876], [1613, 878], [1603, 878], [1601, 880], [1597, 880], [1595, 882], [1589, 882], [1587, 884], [1577, 884], [1575, 886], [1558, 886], [1558, 892], [1560, 894], [1560, 896], [1563, 898], [1563, 900], [1569, 906], [1569, 908], [1571, 910], [1571, 915], [1567, 919], [1563, 919], [1560, 921], [1560, 923], [1558, 925], [1558, 927], [1556, 929], [1556, 931], [1552, 935], [1548, 935], [1546, 937], [1544, 937], [1544, 939], [1542, 941], [1542, 943], [1538, 947], [1528, 947], [1526, 945], [1526, 943], [1524, 941], [1524, 937], [1520, 933], [1520, 931], [1514, 925], [1514, 923], [1500, 923], [1498, 921], [1494, 921], [1492, 919], [1488, 919], [1486, 917], [1480, 917], [1478, 915], [1478, 910], [1482, 906], [1484, 906], [1486, 904], [1488, 904], [1494, 898], [1494, 892], [1496, 890], [1496, 888], [1498, 886], [1500, 886], [1502, 884], [1508, 884], [1510, 882], [1526, 882], [1526, 880], [1510, 880], [1508, 878], [1466, 878], [1464, 880], [1458, 880], [1456, 882], [1451, 882], [1449, 884], [1447, 884], [1445, 886], [1441, 886], [1439, 888], [1437, 888], [1435, 890], [1433, 890], [1429, 894], [1429, 896], [1427, 898], [1427, 900], [1425, 902], [1425, 904], [1421, 908], [1421, 910], [1419, 913], [1419, 915], [1413, 921], [1411, 921], [1411, 923], [1407, 927], [1407, 929], [1399, 937], [1399, 939], [1391, 947], [1385, 947], [1381, 951], [1379, 951], [1365, 965], [1361, 965], [1359, 967], [1334, 967], [1332, 969], [1328, 969], [1326, 971], [1324, 971], [1322, 973], [1320, 973], [1318, 975], [1316, 975], [1314, 977], [1312, 977], [1308, 981], [1304, 981], [1302, 983], [1300, 983], [1296, 987], [1294, 987], [1288, 993], [1286, 993], [1276, 1003], [1274, 1003], [1227, 1050], [1227, 1052], [1219, 1060], [1219, 1062], [1215, 1066], [1215, 1068], [1213, 1070], [1213, 1072], [1211, 1074], [1211, 1076], [1209, 1078], [1209, 1080], [1207, 1082], [1207, 1086], [1205, 1088], [1205, 1090], [1203, 1092], [1203, 1096], [1201, 1098], [1201, 1100], [1199, 1102], [1199, 1108], [1197, 1110], [1197, 1112], [1195, 1114], [1195, 1118], [1193, 1120], [1193, 1129], [1191, 1131], [1191, 1139], [1189, 1141], [1189, 1147], [1187, 1149], [1187, 1159], [1185, 1161], [1185, 1169], [1183, 1171], [1183, 1177], [1181, 1179], [1181, 1183], [1179, 1185], [1179, 1191], [1177, 1193], [1177, 1201], [1175, 1203], [1175, 1229], [1177, 1231], [1177, 1250], [1179, 1252], [1179, 1254], [1177, 1256], [1177, 1260], [1175, 1262], [1177, 1264], [1177, 1270], [1175, 1272], [1175, 1274], [1173, 1276], [1173, 1286], [1175, 1288], [1175, 1290], [1177, 1292], [1177, 1302], [1181, 1306], [1183, 1306], [1185, 1304], [1185, 1302], [1189, 1298], [1191, 1298], [1195, 1302], [1197, 1302], [1199, 1304], [1199, 1306], [1201, 1308], [1201, 1312], [1199, 1314], [1199, 1316], [1197, 1318], [1193, 1318], [1191, 1320], [1189, 1320], [1183, 1314], [1183, 1312], [1181, 1312], [1181, 1314], [1179, 1316], [1179, 1318], [1171, 1326], [1167, 1326], [1163, 1330], [1163, 1332], [1161, 1334], [1159, 1334], [1157, 1336], [1155, 1336], [1149, 1343], [1147, 1343], [1145, 1345], [1135, 1345]]",0.93,ASOK_KANE003.jpg,ASOK_KANE003,Maharashtra,Mahārāṣṭra,Kānherī,Haut de chapiteau avec éléphant et personnages,1 B.C.,Grotte ; pilier ; chapiteau,bouddhisme,In situ,Maronet Léa
ASOK_UTT014_lotus_9816.png,lotus,"[[1120, 705], [1120, 1132], [1130, 1132], [1137, 1125], [1137, 1112], [1144, 1105], [1147, 1105], [1150, 1108], [1157, 1108], [1164, 1115], [1164, 1118], [1174, 1129], [1174, 1132], [1178, 1135], [1178, 1139], [1181, 1142], [1181, 1159], [1185, 1163], [1185, 1170], [1178, 1176], [1178, 1180], [1174, 1183], [1171, 1183], [1168, 1187], [1161, 1187], [1157, 1190], [1150, 1190], [1144, 1197], [1147, 1200], [1147, 1214], [1150, 1218], [1150, 1259], [1154, 1262], [1154, 1269], [1150, 1272], [1150, 1289], [1154, 1293], [1157, 1293], [1164, 1300], [1168, 1300], [1171, 1303], [1188, 1303], [1202, 1317], [1202, 1320], [1198, 1324], [1195, 1324], [1188, 1330], [1181, 1330], [1178, 1327], [1171, 1327], [1168, 1330], [1161, 1330], [1157, 1327], [1154, 1327], [1147, 1320], [1147, 1317], [1144, 1313], [1144, 1289], [1140, 1286], [1140, 1279], [1137, 1279], [1133, 1276], [1120, 1276], [1120, 1402], [1133, 1402], [1144, 1412], [1147, 1412], [1150, 1416], [1171, 1416], [1174, 1419], [1219, 1419], [1222, 1416], [1233, 1416], [1236, 1412], [1239, 1412], [1243, 1409], [1246, 1409], [1250, 1406], [1253, 1406], [1260, 1399], [1260, 1395], [1263, 1392], [1263, 1389], [1267, 1385], [1270, 1385], [1274, 1382], [1280, 1382], [1284, 1378], [1284, 1375], [1287, 1371], [1287, 1368], [1291, 1365], [1291, 1361], [1294, 1358], [1297, 1358], [1301, 1354], [1308, 1354], [1328, 1334], [1332, 1334], [1335, 1330], [1339, 1330], [1339, 1327], [1349, 1317], [1352, 1317], [1356, 1313], [1373, 1313], [1376, 1317], [1383, 1317], [1386, 1320], [1390, 1320], [1393, 1324], [1397, 1324], [1400, 1327], [1407, 1327], [1410, 1330], [1417, 1330], [1424, 1337], [1427, 1337], [1431, 1341], [1434, 1341], [1438, 1344], [1441, 1344], [1444, 1347], [1448, 1347], [1451, 1351], [1455, 1351], [1462, 1358], [1465, 1358], [1468, 1361], [1472, 1361], [1475, 1365], [1479, 1365], [1482, 1368], [1486, 1368], [1489, 1371], [1492, 1371], [1496, 1375], [1499, 1375], [1506, 1382], [1509, 1382], [1513, 1385], [1516, 1385], [1520, 1389], [1527, 1389], [1530, 1392], [1537, 1392], [1540, 1395], [1557, 1395], [1561, 1399], [1571, 1399], [1574, 1402], [1588, 1402], [1592, 1406], [1605, 1406], [1609, 1409], [1629, 1409], [1633, 1412], [1646, 1412], [1650, 1416], [1684, 1416], [1687, 1419], [1749, 1419], [1752, 1416], [1786, 1416], [1790, 1412], [1810, 1412], [1814, 1409], [1824, 1409], [1827, 1406], [1834, 1406], [1838, 1402], [1841, 1402], [1845, 1399], [1855, 1399], [1858, 1395], [1862, 1395], [1865, 1392], [1872, 1392], [1875, 1389], [1882, 1389], [1886, 1385], [1889, 1385], [1892, 1382], [1899, 1382], [1903, 1378], [1909, 1378], [1913, 1375], [1916, 1375], [1920, 1371], [1923, 1371], [1927, 1368], [1930, 1368], [1933, 1365], [1937, 1365], [1940, 1361], [1944, 1361], [1951, 1354], [1954, 1354], [1957, 1351], [1961, 1351], [1964, 1347], [1968, 1347], [1971, 1344], [1974, 1344], [1978, 1341], [1981, 1341], [1985, 1337], [1995, 1337], [1998, 1334], [2002, 1334], [2005, 1330], [2022, 1330], [2026, 1327], [2029, 1327], [2033, 1324], [2039, 1324], [2043, 1320], [2056, 1320], [2060, 1317], [2067, 1317], [2070, 1313], [2074, 1313], [2080, 1306], [2084, 1306], [2091, 1300], [2098, 1300], [2101, 1296], [2108, 1296], [2115, 1289], [2118, 1289], [2121, 1293], [2121, 1296], [2125, 1300], [2125, 1303], [2128, 1306], [2132, 1306], [2135, 1303], [2135, 1296], [2142, 1289], [2156, 1289], [2159, 1286], [2162, 1286], [2169, 1279], [2190, 1279], [2193, 1276], [2200, 1276], [2204, 1279], [2207, 1279], [2210, 1282], [2214, 1282], [2217, 1286], [2221, 1286], [2224, 1289], [2231, 1289], [2234, 1293], [2241, 1293], [2245, 1289], [2248, 1289], [2258, 1279], [2258, 1276], [2265, 1269], [2265, 1259], [2268, 1255], [2268, 1245], [2272, 1241], [2272, 1200], [2275, 1197], [2275, 1153], [2272, 1149], [2272, 1139], [2268, 1135], [2268, 1129], [2265, 1125], [2262, 1125], [2258, 1129], [2255, 1129], [2241, 1142], [2238, 1142], [2231, 1135], [2231, 1115], [2238, 1108], [2251, 1108], [2255, 1112], [2258, 1108], [2262, 1108], [2265, 1105], [2265, 1101], [2268, 1098], [2268, 1040], [2272, 1036], [2272, 1029], [2275, 1026], [2275, 1019], [2279, 1016], [2279, 999], [2282, 995], [2282, 968], [2286, 964], [2286, 944], [2289, 940], [2289, 920], [2292, 917], [2292, 903], [2296, 899], [2306, 899], [2306, 705], [2029, 705], [2029, 715], [2026, 718], [2022, 718], [2019, 722], [1978, 722], [1971, 715], [1971, 705], [1120, 705]]",0.93,ASOK_UTT014.JPG,ASOK_UTT014,Uttar Pradesh,Mathurā,Govindnāgar,Balustrade avec médaillons et demi-médaillons,1 A.D. ; 2 A.D.,Balustrade ; pilier,indéterminée,Mathura Government Museum,Maronet Léa
ASOK_UTT014_lotus_9817.png,lotus,"[[1092, 1963], [1092, 3122], [1113, 3122], [1116, 3126], [1120, 3126], [1123, 3122], [1147, 3122], [1150, 3119], [1157, 3119], [1161, 3116], [1174, 3116], [1178, 3112], [1185, 3112], [1188, 3109], [1195, 3109], [1198, 3105], [1202, 3105], [1209, 3099], [1212, 3099], [1215, 3095], [1219, 3095], [1229, 3085], [1233, 3085], [1236, 3081], [1239, 3081], [1246, 3075], [1250, 3075], [1253, 3071], [1256, 3071], [1263, 3064], [1267, 3064], [1274, 3057], [1277, 3057], [1280, 3054], [1284, 3054], [1287, 3051], [1291, 3051], [1294, 3047], [1297, 3047], [1301, 3044], [1332, 3044], [1335, 3047], [1339, 3047], [1342, 3051], [1345, 3051], [1349, 3054], [1356, 3054], [1359, 3057], [1362, 3057], [1366, 3061], [1369, 3061], [1376, 3068], [1383, 3068], [1386, 3071], [1397, 3071], [1400, 3075], [1407, 3075], [1410, 3078], [1421, 3078], [1424, 3081], [1431, 3081], [1434, 3085], [1441, 3085], [1444, 3088], [1448, 3088], [1451, 3092], [1458, 3092], [1462, 3095], [1465, 3095], [1468, 3099], [1475, 3099], [1479, 3102], [1482, 3102], [1486, 3105], [1492, 3105], [1496, 3109], [1499, 3109], [1503, 3112], [1506, 3112], [1509, 3116], [1513, 3116], [1516, 3119], [1523, 3119], [1527, 3122], [1533, 3122], [1537, 3126], [1540, 3126], [1544, 3129], [1550, 3129], [1554, 3133], [1564, 3133], [1568, 3136], [1578, 3136], [1581, 3140], [1588, 3140], [1592, 3143], [1602, 3143], [1605, 3146], [1622, 3146], [1626, 3150], [1629, 3150], [1633, 3153], [1636, 3153], [1643, 3160], [1646, 3160], [1650, 3164], [1656, 3164], [1660, 3167], [1670, 3167], [1674, 3164], [1684, 3164], [1687, 3160], [1694, 3160], [1697, 3157], [1704, 3157], [1708, 3153], [1721, 3153], [1725, 3150], [1728, 3150], [1732, 3146], [1742, 3146], [1745, 3143], [1752, 3143], [1756, 3140], [1762, 3140], [1766, 3136], [1773, 3136], [1776, 3133], [1780, 3133], [1786, 3126], [1797, 3126], [1800, 3122], [1803, 3122], [1807, 3119], [1810, 3119], [1814, 3116], [1817, 3116], [1821, 3112], [1827, 3112], [1831, 3109], [1838, 3109], [1841, 3105], [1855, 3105], [1858, 3102], [1868, 3102], [1872, 3099], [1882, 3099], [1886, 3095], [1892, 3095], [1896, 3092], [1913, 3092], [1916, 3088], [1930, 3088], [1933, 3092], [1937, 3092], [1940, 3095], [1944, 3095], [1947, 3099], [1951, 3099], [1954, 3102], [1957, 3102], [1964, 3109], [1968, 3109], [1981, 3122], [1985, 3122], [1992, 3129], [1995, 3129], [2012, 3146], [2015, 3146], [2022, 3153], [2026, 3153], [2029, 3157], [2033, 3157], [2036, 3160], [2039, 3160], [2043, 3164], [2046, 3164], [2050, 3167], [2060, 3167], [2063, 3170], [2070, 3170], [2074, 3174], [2080, 3174], [2087, 3181], [2087, 3191], [2135, 3191], [2135, 3181], [2152, 3164], [2156, 3164], [2156, 3160], [2159, 3157], [2159, 3153], [2162, 3150], [2162, 3146], [2166, 3143], [2166, 3140], [2169, 3136], [2169, 3122], [2173, 3119], [2173, 3095], [2176, 3092], [2176, 3044], [2180, 3040], [2180, 2904], [2183, 2900], [2183, 2873], [2186, 2869], [2186, 2839], [2190, 2835], [2190, 2822], [2193, 2818], [2193, 2753], [2197, 2750], [2197, 2705], [2200, 2702], [2200, 2668], [2204, 2664], [2204, 2637], [2200, 2633], [2200, 2627], [2204, 2623], [2204, 2503], [2207, 2500], [2207, 2432], [2204, 2428], [2204, 2339], [2207, 2336], [2207, 2305], [2210, 2302], [2210, 2274], [2214, 2271], [2214, 2237], [2217, 2233], [2217, 2202], [2221, 2199], [2221, 2161], [2224, 2158], [2224, 2141], [2227, 2138], [2238, 2138], [2238, 2035], [2227, 2035], [2221, 2028], [2221, 2025], [2214, 2018], [2214, 2014], [2207, 2014], [2204, 2011], [2200, 2011], [2197, 2008], [2190, 2008], [2186, 2004], [2180, 2004], [2176, 2008], [2159, 2008], [2156, 2011], [2145, 2011], [2142, 2014], [2135, 2014], [2132, 2018], [2128, 2018], [2125, 2021], [2118, 2021], [2115, 2025], [2104, 2025], [2101, 2028], [2094, 2028], [2091, 2031], [2084, 2031], [2080, 2035], [2077, 2035], [2074, 2038], [2070, 2038], [2067, 2042], [2060, 2042], [2056, 2045], [2053, 2045], [2050, 2049], [2043, 2049], [2039, 2052], [2033, 2052], [2029, 2055], [2026, 2055], [2022, 2059], [2019, 2059], [2015, 2062], [2012, 2062], [2009, 2066], [2005, 2066], [2002, 2069], [1998, 2069], [1995, 2073], [1992, 2073], [1988, 2076], [1951, 2076], [1947, 2073], [1944, 2073], [1940, 2069], [1937, 2069], [1933, 2066], [1930, 2066], [1923, 2059], [1920, 2059], [1916, 2055], [1913, 2055], [1909, 2052], [1906, 2052], [1899, 2045], [1892, 2045], [1889, 2042], [1882, 2042], [1879, 2038], [1872, 2038], [1868, 2035], [1865, 2035], [1862, 2031], [1851, 2031], [1848, 2028], [1834, 2028], [1831, 2025], [1817, 2025], [1814, 2021], [1807, 2021], [1803, 2018], [1793, 2018], [1790, 2014], [1769, 2014], [1766, 2011], [1739, 2011], [1735, 2008], [1721, 2008], [1718, 2004], [1687, 2004], [1684, 2001], [1646, 2001], [1643, 2004], [1602, 2004], [1598, 2008], [1574, 2008], [1571, 2011], [1537, 2011], [1533, 2014], [1520, 2014], [1516, 2018], [1506, 2018], [1503, 2021], [1496, 2021], [1492, 2025], [1482, 2025], [1479, 2028], [1468, 2028], [1465, 2031], [1458, 2031], [1455, 2035], [1448, 2035], [1444, 2038], [1441, 2038], [1438, 2042], [1434, 2042], [1431, 2045], [1427, 2045], [1424, 2049], [1421, 2049], [1414, 2055], [1410, 2055], [1407, 2059], [1403, 2059], [1400, 2062], [1397, 2062], [1393, 2066], [1390, 2066], [1383, 2073], [1380, 2073], [1373, 2079], [1369, 2079], [1366, 2083], [1362, 2083], [1359, 2086], [1356, 2086], [1352, 2090], [1342, 2090], [1339, 2086], [1328, 2086], [1321, 2079], [1321, 2076], [1318, 2073], [1318, 2066], [1315, 2062], [1315, 2055], [1311, 2052], [1311, 2049], [1308, 2045], [1308, 2042], [1301, 2035], [1301, 2031], [1287, 2018], [1284, 2018], [1270, 2004], [1267, 2004], [1260, 1997], [1256, 1997], [1250, 1990], [1246, 1990], [1243, 1987], [1239, 1987], [1236, 1984], [1233, 1984], [1222, 1973], [1222, 1963], [1092, 1963]]",0.95,ASOK_UTT014.JPG,ASOK_UTT014,Uttar Pradesh,Mathurā,Govindnāgar,Balustrade avec médaillons et demi-médaillons,1 A.D. ; 2 A.D.,Balustrade ; pilier,indéterminée,Mathura Government Museum,Maronet Léa
ASOK_UTT014_lotus_9818.png,lotus,"[[1051, 3690], [1051, 4709], [1068, 4709], [1072, 4713], [1127, 4713], [1130, 4709], [1144, 4709], [1147, 4706], [1157, 4706], [1161, 4702], [1168, 4702], [1171, 4699], [1174, 4699], [1178, 4696], [1181, 4696], [1185, 4692], [1188, 4692], [1191, 4689], [1195, 4689], [1198, 4685], [1202, 4685], [1205, 4682], [1209, 4682], [1212, 4679], [1219, 4679], [1222, 4675], [1229, 4675], [1233, 4672], [1239, 4672], [1243, 4668], [1253, 4668], [1256, 4665], [1267, 4665], [1270, 4661], [1287, 4661], [1291, 4665], [1304, 4665], [1308, 4668], [1311, 4668], [1315, 4672], [1318, 4672], [1321, 4675], [1325, 4675], [1328, 4679], [1335, 4679], [1339, 4682], [1342, 4682], [1345, 4685], [1349, 4685], [1352, 4689], [1356, 4689], [1359, 4692], [1362, 4692], [1366, 4696], [1369, 4696], [1376, 4702], [1380, 4702], [1383, 4706], [1386, 4706], [1390, 4709], [1393, 4709], [1400, 4716], [1403, 4716], [1407, 4720], [1410, 4720], [1414, 4723], [1417, 4723], [1424, 4730], [1427, 4730], [1434, 4737], [1441, 4737], [1444, 4740], [1448, 4740], [1451, 4744], [1455, 4744], [1458, 4747], [1462, 4747], [1465, 4750], [1468, 4750], [1489, 4771], [1492, 4771], [1503, 4781], [1503, 4791], [1516, 4791], [1516, 4781], [1520, 4778], [1527, 4778], [1530, 4774], [1557, 4774], [1564, 4781], [1564, 4791], [1585, 4791], [1585, 4781], [1592, 4774], [1595, 4774], [1598, 4771], [1609, 4771], [1612, 4774], [1615, 4774], [1622, 4781], [1622, 4791], [1646, 4791], [1646, 4781], [1650, 4778], [1663, 4778], [1677, 4764], [1680, 4764], [1684, 4761], [1687, 4761], [1691, 4757], [1697, 4757], [1701, 4754], [1704, 4754], [1708, 4750], [1711, 4750], [1718, 4744], [1718, 4740], [1725, 4733], [1728, 4733], [1735, 4726], [1739, 4726], [1745, 4720], [1745, 4716], [1756, 4706], [1769, 4706], [1773, 4702], [1790, 4702], [1793, 4699], [1807, 4699], [1810, 4696], [1817, 4696], [1821, 4692], [1831, 4692], [1834, 4689], [1838, 4689], [1841, 4685], [1845, 4685], [1848, 4682], [1882, 4682], [1886, 4685], [1889, 4685], [1899, 4696], [1903, 4696], [1923, 4716], [1923, 4720], [1957, 4754], [1961, 4754], [1964, 4757], [1968, 4757], [1974, 4764], [1978, 4764], [1981, 4767], [2002, 4767], [2005, 4771], [2009, 4771], [2012, 4767], [2050, 4767], [2053, 4764], [2063, 4764], [2063, 4761], [2074, 4750], [2074, 4747], [2077, 4744], [2077, 4733], [2080, 4730], [2080, 4720], [2084, 4716], [2084, 4706], [2087, 4702], [2087, 4689], [2091, 4685], [2091, 4665], [2094, 4661], [2094, 4610], [2098, 4607], [2098, 4566], [2101, 4562], [2101, 4473], [2104, 4470], [2104, 4446], [2108, 4443], [2108, 4429], [2111, 4425], [2111, 4412], [2115, 4408], [2115, 4388], [2118, 4384], [2118, 4313], [2115, 4309], [2115, 4248], [2118, 4244], [2118, 4207], [2121, 4203], [2121, 4101], [2125, 4097], [2125, 4005], [2128, 4001], [2128, 3984], [2132, 3981], [2142, 3981], [2142, 3683], [2132, 3683], [2128, 3680], [2125, 3680], [2121, 3676], [2118, 3676], [2115, 3673], [2108, 3673], [2104, 3670], [2077, 3670], [2074, 3673], [2056, 3673], [2053, 3676], [2043, 3676], [2039, 3680], [2033, 3680], [2029, 3683], [2026, 3683], [2022, 3687], [2015, 3687], [2012, 3690], [2005, 3690], [2002, 3694], [1998, 3694], [1995, 3697], [1992, 3697], [1988, 3700], [1981, 3700], [1978, 3704], [1974, 3704], [1968, 3711], [1964, 3711], [1957, 3718], [1954, 3718], [1944, 3728], [1940, 3728], [1923, 3745], [1920, 3745], [1909, 3755], [1906, 3755], [1903, 3759], [1899, 3759], [1896, 3762], [1882, 3762], [1879, 3759], [1872, 3759], [1868, 3755], [1865, 3755], [1838, 3728], [1834, 3728], [1827, 3721], [1824, 3721], [1821, 3718], [1817, 3718], [1814, 3714], [1810, 3714], [1807, 3711], [1803, 3711], [1800, 3707], [1793, 3707], [1790, 3704], [1786, 3704], [1783, 3700], [1780, 3700], [1776, 3697], [1769, 3697], [1766, 3694], [1762, 3694], [1759, 3690], [1752, 3690], [1749, 3687], [1742, 3687], [1739, 3683], [1732, 3683], [1728, 3680], [1721, 3680], [1718, 3676], [1708, 3676], [1704, 3673], [1697, 3673], [1694, 3670], [1687, 3670], [1684, 3666], [1670, 3666], [1667, 3663], [1646, 3663], [1643, 3659], [1626, 3659], [1622, 3656], [1605, 3656], [1602, 3653], [1561, 3653], [1557, 3656], [1540, 3656], [1537, 3659], [1530, 3659], [1527, 3663], [1523, 3663], [1520, 3666], [1513, 3666], [1509, 3670], [1503, 3670], [1499, 3673], [1492, 3673], [1489, 3676], [1479, 3676], [1475, 3680], [1468, 3680], [1465, 3683], [1458, 3683], [1455, 3687], [1448, 3687], [1444, 3690], [1441, 3690], [1438, 3694], [1434, 3694], [1431, 3697], [1427, 3697], [1424, 3700], [1421, 3700], [1417, 3704], [1414, 3704], [1410, 3707], [1403, 3707], [1400, 3711], [1397, 3711], [1393, 3714], [1390, 3714], [1386, 3718], [1376, 3718], [1373, 3721], [1366, 3721], [1362, 3724], [1356, 3724], [1352, 3728], [1345, 3728], [1342, 3731], [1332, 3731], [1328, 3735], [1311, 3735], [1308, 3731], [1301, 3731], [1297, 3728], [1294, 3728], [1291, 3724], [1291, 3721], [1284, 3714], [1284, 3711], [1256, 3683], [1253, 3683], [1250, 3680], [1246, 3680], [1243, 3676], [1239, 3676], [1236, 3673], [1233, 3673], [1226, 3666], [1222, 3666], [1219, 3663], [1212, 3663], [1209, 3659], [1205, 3659], [1202, 3656], [1198, 3656], [1195, 3653], [1191, 3653], [1188, 3649], [1181, 3649], [1174, 3642], [1174, 3632], [1082, 3632], [1082, 3642], [1079, 3646], [1079, 3649], [1072, 3656], [1072, 3663], [1068, 3666], [1068, 3676], [1065, 3680], [1065, 3687], [1062, 3690], [1051, 3690]]",0.97,ASOK_UTT014.JPG,ASOK_UTT014,Uttar Pradesh,Mathurā,Govindnāgar,Balustrade avec médaillons et demi-médaillons,1 A.D. ; 2 A.D.,Balustrade ; pilier,indéterminée,Mathura Government Museum,Maronet Léa
ASOK_KAN049a_lotus_9891.png,lotus,"[[0, 1469], [0, 1780], [3, 1780], [12, 1788], [14, 1788], [20, 1794], [23, 1794], [26, 1797], [32, 1797], [35, 1800], [40, 1800], [43, 1803], [49, 1803], [52, 1806], [58, 1806], [60, 1809], [63, 1809], [66, 1812], [69, 1812], [72, 1814], [75, 1814], [78, 1817], [81, 1817], [86, 1823], [95, 1823], [98, 1826], [104, 1826], [107, 1829], [112, 1829], [115, 1832], [118, 1832], [121, 1835], [127, 1835], [130, 1837], [164, 1837], [167, 1835], [173, 1835], [176, 1832], [184, 1832], [187, 1829], [193, 1829], [196, 1826], [210, 1826], [213, 1823], [248, 1823], [251, 1820], [274, 1820], [276, 1817], [291, 1817], [294, 1814], [302, 1814], [305, 1812], [328, 1812], [331, 1814], [337, 1814], [343, 1820], [346, 1820], [354, 1829], [357, 1829], [363, 1835], [366, 1835], [372, 1840], [374, 1840], [377, 1843], [383, 1843], [386, 1846], [395, 1846], [397, 1849], [461, 1849], [464, 1846], [478, 1846], [481, 1843], [490, 1843], [492, 1840], [498, 1840], [501, 1837], [507, 1837], [510, 1835], [516, 1835], [521, 1829], [524, 1829], [536, 1817], [536, 1814], [539, 1812], [539, 1809], [541, 1806], [541, 1800], [544, 1797], [544, 1791], [547, 1788], [547, 1783], [550, 1780], [550, 1768], [553, 1765], [553, 1737], [556, 1734], [556, 1714], [559, 1711], [559, 1688], [562, 1685], [562, 1650], [564, 1647], [564, 1633], [567, 1630], [567, 1624], [570, 1621], [579, 1621], [579, 1541], [567, 1541], [564, 1538], [550, 1538], [547, 1535], [524, 1535], [521, 1532], [492, 1532], [490, 1529], [478, 1529], [475, 1526], [464, 1526], [461, 1524], [452, 1524], [449, 1521], [444, 1521], [441, 1518], [432, 1518], [429, 1515], [418, 1515], [415, 1512], [400, 1512], [397, 1509], [386, 1509], [383, 1506], [377, 1506], [374, 1503], [369, 1503], [366, 1500], [354, 1500], [351, 1498], [314, 1498], [311, 1495], [279, 1495], [276, 1492], [248, 1492], [245, 1489], [233, 1489], [230, 1486], [219, 1486], [216, 1483], [202, 1483], [199, 1480], [196, 1480], [193, 1477], [193, 1469], [0, 1469]]",0.81,ASOK_KAN049a.JPG,ASOK_KAN049a,Karnataka,Āndhradeśa,Kaṇagaṇahaḷḷi,Acrobates et grand départ du Buddha,1 B.C. ; 1 A.D. ; 2 A.D. ; 3 A.D. ,Stūpa ; panneau,bouddhisme,In situ,Maronet Léa
ASOK_KAN049a_lotus_9892.png,lotus,"[[0, 1918], [0, 2658], [3, 2658], [6, 2661], [12, 2661], [14, 2664], [20, 2664], [23, 2667], [29, 2667], [32, 2670], [60, 2670], [63, 2667], [84, 2667], [86, 2664], [101, 2664], [104, 2661], [115, 2661], [118, 2658], [130, 2658], [132, 2655], [147, 2655], [150, 2652], [193, 2652], [196, 2650], [225, 2650], [228, 2652], [230, 2652], [236, 2658], [239, 2658], [245, 2664], [248, 2664], [253, 2670], [256, 2670], [259, 2673], [262, 2673], [265, 2676], [268, 2676], [271, 2678], [276, 2678], [279, 2681], [285, 2681], [288, 2684], [300, 2684], [302, 2687], [320, 2687], [323, 2684], [331, 2684], [334, 2681], [346, 2681], [348, 2678], [357, 2678], [360, 2676], [366, 2676], [369, 2673], [374, 2673], [377, 2670], [380, 2670], [383, 2667], [386, 2667], [392, 2661], [395, 2661], [397, 2658], [400, 2658], [406, 2652], [409, 2652], [423, 2638], [423, 2635], [429, 2629], [429, 2624], [432, 2621], [432, 2618], [435, 2615], [435, 2612], [438, 2609], [438, 2601], [441, 2598], [441, 2560], [444, 2557], [444, 2543], [441, 2540], [441, 2537], [444, 2534], [444, 2503], [446, 2500], [446, 2480], [449, 2477], [449, 2465], [452, 2462], [452, 2457], [455, 2454], [455, 2451], [458, 2448], [458, 2442], [461, 2439], [461, 2436], [464, 2434], [464, 2428], [467, 2425], [467, 2419], [469, 2416], [469, 2408], [472, 2405], [472, 2396], [475, 2393], [475, 2385], [478, 2382], [478, 2379], [481, 2376], [481, 2370], [484, 2367], [484, 2362], [487, 2359], [487, 2356], [490, 2353], [490, 2347], [492, 2344], [492, 2336], [495, 2333], [495, 2313], [498, 2310], [498, 2290], [501, 2287], [501, 2261], [504, 2258], [504, 2246], [507, 2244], [507, 2232], [510, 2229], [510, 2140], [513, 2137], [521, 2137], [521, 2002], [510, 2002], [504, 1996], [501, 1996], [498, 1993], [495, 1993], [492, 1990], [490, 1990], [469, 1970], [467, 1970], [461, 1964], [458, 1964], [452, 1958], [449, 1958], [444, 1953], [438, 1953], [435, 1950], [429, 1950], [426, 1947], [363, 1947], [360, 1950], [354, 1950], [351, 1953], [346, 1953], [343, 1956], [340, 1956], [337, 1958], [334, 1958], [331, 1961], [328, 1961], [325, 1964], [323, 1961], [305, 1961], [302, 1958], [297, 1958], [294, 1956], [288, 1956], [285, 1953], [279, 1953], [276, 1950], [268, 1950], [265, 1947], [259, 1947], [256, 1944], [248, 1944], [245, 1941], [242, 1941], [239, 1938], [233, 1938], [230, 1935], [222, 1935], [219, 1932], [213, 1932], [210, 1930], [207, 1930], [204, 1927], [204, 1918], [0, 1918]]",0.95,ASOK_KAN049a.JPG,ASOK_KAN049a,Karnataka,Āndhradeśa,Kaṇagaṇahaḷḷi,Acrobates et grand départ du Buddha,1 B.C. ; 1 A.D. ; 2 A.D. ; 3 A.D. ,Stūpa ; panneau,bouddhisme,In situ,Maronet Léa
ASOK_KAN049a_lotus_9893.png,lotus,"[[0, 2759], [0, 3171], [9, 3171], [12, 3174], [12, 3182], [35, 3182], [35, 3174], [37, 3171], [49, 3171], [52, 3168], [66, 3168], [69, 3165], [78, 3165], [81, 3162], [233, 3162], [236, 3159], [328, 3159], [331, 3156], [354, 3156], [357, 3154], [366, 3154], [369, 3151], [374, 3151], [377, 3148], [380, 3148], [389, 3139], [389, 3136], [392, 3133], [392, 3128], [395, 3125], [395, 3119], [397, 3116], [397, 3108], [400, 3105], [400, 3093], [403, 3090], [403, 3079], [406, 3076], [406, 3056], [409, 3053], [409, 3033], [412, 3030], [412, 3021], [415, 3018], [415, 3012], [420, 3007], [429, 3007], [429, 2817], [406, 2817], [392, 2802], [389, 2802], [383, 2796], [380, 2796], [377, 2794], [374, 2794], [372, 2791], [369, 2791], [366, 2788], [363, 2788], [360, 2785], [357, 2785], [354, 2782], [351, 2782], [348, 2779], [346, 2779], [343, 2776], [340, 2776], [337, 2773], [334, 2773], [331, 2771], [328, 2771], [325, 2768], [325, 2759], [268, 2759], [268, 2768], [265, 2771], [256, 2771], [253, 2773], [245, 2773], [242, 2776], [233, 2776], [230, 2779], [228, 2779], [225, 2782], [222, 2782], [219, 2785], [216, 2785], [210, 2791], [207, 2791], [190, 2808], [187, 2808], [184, 2811], [181, 2811], [179, 2814], [176, 2814], [173, 2811], [167, 2811], [164, 2808], [161, 2808], [156, 2802], [153, 2802], [144, 2794], [141, 2794], [138, 2791], [135, 2791], [132, 2788], [130, 2788], [127, 2785], [121, 2785], [118, 2782], [115, 2782], [112, 2779], [109, 2779], [107, 2776], [104, 2776], [101, 2773], [95, 2773], [89, 2768], [89, 2759], [0, 2759]]",0.94,ASOK_KAN049a.JPG,ASOK_KAN049a,Karnataka,Āndhradeśa,Kaṇagaṇahaḷḷi,Acrobates et grand départ du Buddha,1 B.C. ; 1 A.D. ; 2 A.D. ; 3 A.D. ,Stūpa ; panneau,bouddhisme,In situ,Maronet Léa
ASOK_KAN049a_oie_9894.png,oie,"[[2506, 4049], [2506, 4124], [2517, 4124], [2520, 4127], [2526, 4127], [2529, 4130], [2534, 4130], [2537, 4133], [2540, 4130], [2540, 4127], [2552, 4116], [2563, 4116], [2578, 4130], [2580, 4130], [2592, 4141], [2592, 4144], [2604, 4156], [2606, 4156], [2615, 4164], [2615, 4167], [2618, 4170], [2621, 4170], [2627, 4176], [2624, 4179], [2624, 4182], [2621, 4185], [2621, 4199], [2641, 4219], [2644, 4219], [2647, 4222], [2655, 4222], [2658, 4225], [2658, 4228], [2661, 4231], [2661, 4234], [2664, 4236], [2664, 4239], [2667, 4242], [2667, 4245], [2670, 4245], [2673, 4248], [2673, 4251], [2678, 4257], [2678, 4260], [2681, 4262], [2681, 4265], [2684, 4268], [2684, 4271], [2687, 4274], [2687, 4288], [2690, 4291], [2690, 4323], [2693, 4326], [2693, 4337], [2696, 4340], [2696, 4375], [2699, 4378], [2699, 4386], [2707, 4395], [2710, 4395], [2713, 4398], [2716, 4398], [2719, 4401], [2733, 4401], [2736, 4404], [2776, 4404], [2779, 4401], [2794, 4401], [2796, 4404], [2796, 4409], [2794, 4412], [2794, 4415], [2799, 4421], [2802, 4421], [2808, 4427], [2814, 4427], [2817, 4429], [2840, 4429], [2843, 4427], [2845, 4427], [2845, 4424], [2851, 4418], [2854, 4418], [2860, 4412], [2860, 4404], [2857, 4401], [2857, 4398], [2854, 4395], [2854, 4392], [2851, 4389], [2851, 4386], [2848, 4383], [2848, 4375], [2845, 4372], [2848, 4369], [2854, 4369], [2866, 4380], [2868, 4380], [2871, 4383], [2874, 4383], [2880, 4389], [2886, 4389], [2889, 4386], [2892, 4386], [2894, 4383], [2917, 4383], [2920, 4386], [2940, 4386], [2943, 4383], [2952, 4383], [2955, 4380], [2958, 4380], [2961, 4378], [2964, 4378], [2981, 4360], [3018, 4360], [3021, 4357], [3027, 4357], [3036, 4349], [3041, 4349], [3041, 4346], [3027, 4346], [3024, 4343], [3001, 4343], [2998, 4340], [2995, 4340], [2992, 4337], [2992, 4320], [2995, 4317], [2995, 4308], [2998, 4306], [2998, 4300], [3010, 4288], [3030, 4288], [3033, 4291], [3036, 4288], [3047, 4288], [3050, 4285], [3061, 4285], [3064, 4283], [3084, 4283], [3087, 4280], [3105, 4280], [3108, 4277], [3116, 4277], [3119, 4274], [3131, 4274], [3133, 4271], [3159, 4271], [3159, 4185], [3151, 4185], [3145, 4179], [3145, 4164], [3142, 4162], [3142, 4156], [3139, 4153], [3139, 4150], [3136, 4147], [3136, 4139], [3133, 4136], [3133, 4127], [3131, 4124], [3131, 4118], [3128, 4116], [3128, 4113], [3125, 4110], [3125, 4107], [3119, 4101], [3116, 4101], [3113, 4098], [3110, 4098], [3108, 4095], [3099, 4095], [3096, 4092], [3082, 4092], [3079, 4090], [3064, 4090], [3061, 4087], [3059, 4087], [3053, 4081], [3053, 4078], [3050, 4075], [3050, 4052], [3053, 4049], [3053, 4041], [3056, 4038], [3056, 4029], [3059, 4026], [3059, 4020], [3061, 4018], [3061, 4000], [3064, 3997], [3064, 3966], [3067, 3963], [3067, 3948], [3064, 3946], [3064, 3925], [3067, 3923], [3067, 3911], [3050, 3911], [3050, 3920], [3041, 3928], [3038, 3928], [3033, 3934], [3033, 3940], [3030, 3943], [3030, 3946], [3027, 3948], [3027, 3951], [3024, 3954], [3024, 3957], [3021, 3960], [3021, 3963], [3018, 3966], [3018, 3969], [3010, 3977], [3010, 3980], [3004, 3986], [3004, 3989], [3001, 3992], [3001, 3995], [2998, 3997], [2995, 3997], [2989, 4003], [2984, 4003], [2981, 4006], [2966, 4006], [2964, 4009], [2955, 4009], [2952, 4012], [2940, 4012], [2938, 4015], [2923, 4015], [2920, 4018], [2909, 4018], [2906, 4020], [2889, 4020], [2886, 4023], [2868, 4023], [2866, 4026], [2857, 4026], [2854, 4029], [2851, 4029], [2848, 4032], [2845, 4032], [2837, 4041], [2834, 4041], [2828, 4046], [2825, 4046], [2822, 4049], [2820, 4049], [2773, 4095], [2771, 4095], [2765, 4101], [2762, 4101], [2759, 4104], [2748, 4104], [2733, 4090], [2733, 4087], [2730, 4084], [2730, 4075], [2727, 4072], [2727, 4069], [2724, 4067], [2724, 4061], [2722, 4058], [2722, 4055], [2716, 4049], [2716, 4046], [2713, 4044], [2713, 4041], [2710, 4038], [2710, 4035], [2707, 4032], [2707, 4029], [2701, 4023], [2701, 4020], [2693, 4012], [2693, 4009], [2690, 4006], [2687, 4006], [2678, 3997], [2676, 3997], [2670, 3992], [2667, 3992], [2664, 3989], [2661, 3989], [2658, 3986], [2652, 3986], [2650, 3983], [2644, 3983], [2641, 3980], [2612, 3980], [2609, 3983], [2606, 3983], [2601, 3989], [2601, 3992], [2598, 3995], [2598, 4000], [2592, 4006], [2592, 4009], [2586, 4015], [2586, 4018], [2583, 4020], [2580, 4020], [2578, 4023], [2578, 4026], [2575, 4029], [2537, 4029], [2537, 4035], [2534, 4038], [2532, 4038], [2529, 4041], [2526, 4041], [2517, 4049], [2506, 4049]]",0.72,ASOK_KAN049a.JPG,ASOK_KAN049a,Karnataka,Āndhradeśa,Kaṇagaṇahaḷḷi,Acrobates et grand départ du Buddha,1 B.C. ; 1 A.D. ; 2 A.D. ; 3 A.D. ,Stūpa ; panneau,bouddhisme,In situ,Maronet Léa
ASOK_KAN049a_lotus_9895.png,lotus,"[[513, 4596], [513, 4605], [795, 4605], [795, 4596], [798, 4594], [798, 4591], [804, 4585], [804, 4562], [801, 4559], [801, 4550], [798, 4548], [798, 4539], [795, 4536], [795, 4501], [792, 4499], [792, 4493], [789, 4490], [789, 4487], [786, 4484], [786, 4481], [783, 4481], [775, 4473], [772, 4473], [769, 4470], [763, 4470], [760, 4467], [752, 4467], [749, 4464], [746, 4464], [743, 4461], [740, 4461], [734, 4455], [732, 4455], [723, 4447], [720, 4447], [717, 4444], [717, 4441], [714, 4438], [714, 4435], [711, 4432], [711, 4429], [708, 4427], [708, 4421], [706, 4418], [706, 4406], [703, 4404], [703, 4392], [700, 4389], [700, 4375], [697, 4372], [697, 4329], [694, 4326], [694, 4314], [691, 4311], [691, 4303], [688, 4300], [688, 4294], [685, 4291], [685, 4268], [599, 4268], [599, 4285], [596, 4288], [596, 4294], [593, 4297], [593, 4303], [596, 4303], [599, 4306], [605, 4306], [611, 4300], [613, 4300], [616, 4297], [619, 4300], [622, 4300], [625, 4303], [628, 4303], [634, 4308], [634, 4366], [636, 4369], [636, 4380], [639, 4383], [639, 4395], [642, 4398], [642, 4404], [645, 4406], [645, 4409], [648, 4412], [648, 4415], [651, 4418], [651, 4424], [654, 4427], [654, 4435], [657, 4438], [657, 4458], [654, 4461], [654, 4464], [642, 4476], [639, 4476], [636, 4478], [628, 4478], [625, 4481], [622, 4481], [619, 4484], [613, 4484], [611, 4487], [608, 4487], [602, 4493], [599, 4493], [596, 4496], [593, 4496], [588, 4501], [585, 4501], [564, 4522], [564, 4524], [559, 4530], [559, 4533], [556, 4536], [556, 4539], [553, 4542], [553, 4545], [550, 4548], [550, 4550], [547, 4553], [547, 4559], [541, 4565], [541, 4568], [539, 4571], [539, 4573], [536, 4576], [536, 4579], [530, 4585], [530, 4588], [521, 4596], [513, 4596]]",0.85,ASOK_KAN049a.JPG,ASOK_KAN049a,Karnataka,Āndhradeśa,Kaṇagaṇahaḷḷi,Acrobates et grand départ du Buddha,1 B.C. ; 1 A.D. ; 2 A.D. ; 3 A.D. ,Stūpa ; panneau,bouddhisme,In situ,Maronet Léa
ASOK_KAN049a_oie_9896.png,oie,"[[1665, 4173], [1665, 4211], [1676, 4211], [1679, 4213], [1679, 4216], [1688, 4225], [1691, 4225], [1696, 4231], [1702, 4231], [1705, 4234], [1731, 4234], [1731, 4231], [1725, 4225], [1725, 4219], [1737, 4208], [1740, 4208], [1745, 4202], [1751, 4202], [1754, 4199], [1777, 4199], [1786, 4208], [1786, 4213], [1788, 4216], [1788, 4222], [1791, 4225], [1791, 4236], [1794, 4239], [1794, 4242], [1797, 4245], [1797, 4248], [1800, 4251], [1800, 4257], [1803, 4260], [1806, 4260], [1809, 4257], [1817, 4257], [1820, 4254], [1823, 4254], [1835, 4265], [1835, 4268], [1837, 4271], [1840, 4271], [1843, 4274], [1849, 4274], [1852, 4277], [1858, 4277], [1860, 4280], [1863, 4280], [1866, 4283], [1869, 4283], [1886, 4300], [1886, 4311], [1878, 4320], [1875, 4320], [1872, 4323], [1872, 4329], [1875, 4332], [1875, 4337], [1878, 4340], [1878, 4343], [1881, 4346], [1881, 4355], [1884, 4357], [1884, 4363], [1886, 4366], [1886, 4369], [1889, 4372], [1889, 4378], [1892, 4380], [1892, 4386], [1895, 4389], [1895, 4398], [1898, 4401], [1898, 4406], [1901, 4409], [1901, 4435], [1904, 4438], [1904, 4455], [1901, 4458], [1901, 4473], [1898, 4476], [1898, 4481], [1895, 4484], [1895, 4507], [1898, 4510], [1901, 4510], [1909, 4519], [1909, 4522], [1912, 4524], [1912, 4527], [1918, 4533], [1918, 4536], [1912, 4542], [1912, 4545], [1909, 4548], [1907, 4548], [1904, 4550], [1904, 4553], [1901, 4556], [1901, 4562], [1898, 4565], [1898, 4576], [1984, 4576], [1984, 4565], [1993, 4556], [1999, 4556], [2002, 4553], [2004, 4553], [2007, 4550], [2013, 4550], [2016, 4548], [2019, 4548], [2022, 4545], [2028, 4545], [2036, 4536], [2039, 4536], [2045, 4530], [2045, 4527], [2042, 4524], [2042, 4516], [2053, 4504], [2056, 4504], [2059, 4507], [2062, 4507], [2065, 4510], [2068, 4510], [2071, 4507], [2071, 4504], [2074, 4501], [2074, 4499], [2076, 4496], [2079, 4496], [2082, 4493], [2088, 4493], [2094, 4487], [2100, 4487], [2105, 4481], [2108, 4481], [2123, 4467], [2125, 4467], [2128, 4470], [2128, 4473], [2131, 4476], [2131, 4478], [2134, 4481], [2148, 4481], [2151, 4478], [2160, 4478], [2163, 4476], [2169, 4476], [2172, 4473], [2174, 4473], [2180, 4467], [2183, 4467], [2186, 4464], [2189, 4464], [2192, 4461], [2192, 4458], [2197, 4452], [2197, 4447], [2200, 4444], [2200, 4438], [2197, 4438], [2195, 4435], [2192, 4435], [2189, 4432], [2172, 4432], [2169, 4435], [2160, 4435], [2157, 4438], [2151, 4438], [2148, 4441], [2146, 4441], [2143, 4444], [2137, 4444], [2134, 4447], [2131, 4447], [2125, 4452], [2123, 4452], [2120, 4450], [2120, 4447], [2117, 4444], [2117, 4441], [2111, 4435], [2111, 4432], [2108, 4429], [2108, 4427], [2105, 4424], [2105, 4415], [2108, 4412], [2114, 4412], [2117, 4409], [2131, 4409], [2134, 4406], [2140, 4406], [2143, 4404], [2146, 4404], [2148, 4401], [2148, 4398], [2157, 4389], [2163, 4389], [2166, 4392], [2172, 4392], [2174, 4389], [2177, 4389], [2180, 4386], [2197, 4386], [2203, 4380], [2218, 4380], [2220, 4378], [2226, 4378], [2229, 4375], [2232, 4375], [2235, 4372], [2241, 4372], [2244, 4369], [2261, 4369], [2267, 4375], [2290, 4375], [2292, 4372], [2298, 4372], [2301, 4369], [2310, 4369], [2313, 4366], [2330, 4366], [2333, 4363], [2336, 4366], [2367, 4366], [2370, 4363], [2370, 4360], [2373, 4357], [2373, 4355], [2376, 4352], [2376, 4346], [2373, 4343], [2373, 4337], [2370, 4334], [2370, 4329], [2367, 4326], [2373, 4320], [2385, 4320], [2388, 4323], [2436, 4323], [2439, 4320], [2451, 4320], [2454, 4317], [2462, 4317], [2465, 4314], [2474, 4314], [2485, 4303], [2485, 4297], [2488, 4294], [2488, 4291], [2491, 4288], [2491, 4283], [2494, 4280], [2494, 4274], [2497, 4271], [2497, 4257], [2500, 4254], [2500, 4248], [2503, 4245], [2503, 4239], [2506, 4236], [2506, 4234], [2517, 4222], [2517, 4208], [2526, 4199], [2526, 4188], [2520, 4182], [2520, 4179], [2517, 4176], [2517, 4173], [2514, 4170], [2514, 4150], [2511, 4147], [2511, 4133], [2508, 4130], [2506, 4130], [2500, 4124], [2497, 4124], [2494, 4121], [2480, 4121], [2477, 4124], [2468, 4124], [2465, 4127], [2462, 4127], [2460, 4130], [2457, 4127], [2457, 4116], [2462, 4110], [2462, 4104], [2465, 4101], [2465, 4092], [2468, 4090], [2468, 4081], [2471, 4078], [2471, 4038], [2468, 4035], [2468, 3989], [2465, 3986], [2465, 3983], [2462, 3980], [2462, 3969], [2451, 3969], [2451, 3977], [2442, 3986], [2439, 3986], [2436, 3989], [2434, 3989], [2422, 4000], [2419, 4000], [2416, 4003], [2411, 4003], [2408, 4006], [2405, 4006], [2399, 4012], [2396, 4012], [2393, 4015], [2390, 4015], [2388, 4018], [2385, 4018], [2382, 4020], [2379, 4020], [2376, 4023], [2370, 4023], [2367, 4026], [2364, 4026], [2353, 4038], [2347, 4038], [2344, 4041], [2339, 4041], [2336, 4044], [2330, 4044], [2327, 4046], [2313, 4046], [2310, 4049], [2292, 4049], [2290, 4052], [2281, 4052], [2278, 4055], [2246, 4055], [2244, 4058], [2238, 4058], [2235, 4061], [2232, 4061], [2229, 4064], [2226, 4064], [2220, 4069], [2218, 4069], [2215, 4072], [2209, 4072], [2206, 4075], [2200, 4075], [2197, 4078], [2186, 4078], [2183, 4081], [2177, 4081], [2174, 4084], [2172, 4084], [2166, 4090], [2163, 4090], [2157, 4095], [2154, 4095], [2134, 4116], [2131, 4116], [2111, 4136], [2108, 4136], [2091, 4153], [2091, 4156], [2088, 4159], [2088, 4162], [2085, 4164], [2085, 4179], [2082, 4182], [2082, 4188], [2071, 4199], [2059, 4199], [2056, 4202], [2039, 4202], [2036, 4205], [2028, 4205], [2025, 4208], [2019, 4208], [2016, 4211], [2007, 4211], [1999, 4202], [1999, 4199], [1993, 4193], [1993, 4190], [1990, 4188], [1990, 4176], [1987, 4173], [1987, 4167], [1984, 4164], [1984, 4156], [1981, 4153], [1981, 4141], [1979, 4139], [1979, 4130], [1976, 4127], [1976, 4118], [1973, 4116], [1973, 4113], [1967, 4107], [1967, 4104], [1961, 4098], [1961, 4095], [1958, 4092], [1956, 4092], [1950, 4087], [1947, 4087], [1941, 4081], [1938, 4081], [1932, 4075], [1930, 4075], [1927, 4072], [1924, 4072], [1921, 4069], [1912, 4069], [1909, 4067], [1866, 4067], [1863, 4069], [1858, 4069], [1855, 4072], [1849, 4072], [1846, 4075], [1843, 4075], [1840, 4078], [1835, 4078], [1832, 4081], [1829, 4081], [1826, 4084], [1823, 4084], [1820, 4087], [1817, 4087], [1814, 4090], [1812, 4090], [1806, 4095], [1803, 4095], [1783, 4116], [1783, 4118], [1774, 4127], [1771, 4127], [1768, 4130], [1765, 4130], [1763, 4133], [1760, 4133], [1757, 4136], [1754, 4136], [1751, 4139], [1748, 4139], [1745, 4141], [1740, 4141], [1737, 4139], [1734, 4139], [1725, 4130], [1725, 4127], [1722, 4124], [1722, 4092], [1725, 4090], [1725, 4072], [1722, 4072], [1719, 4069], [1714, 4069], [1711, 4072], [1708, 4072], [1705, 4075], [1702, 4075], [1696, 4081], [1696, 4084], [1693, 4087], [1693, 4092], [1691, 4095], [1693, 4098], [1693, 4107], [1696, 4110], [1696, 4113], [1702, 4118], [1705, 4118], [1708, 4121], [1708, 4127], [1716, 4136], [1716, 4141], [1705, 4153], [1702, 4153], [1699, 4156], [1696, 4156], [1693, 4159], [1691, 4159], [1688, 4162], [1685, 4162], [1679, 4167], [1679, 4170], [1676, 4173], [1665, 4173]]",0.68,ASOK_KAN049a.JPG,ASOK_KAN049a,Karnataka,Āndhradeśa,Kaṇagaṇahaḷḷi,Acrobates et grand départ du Buddha,1 B.C. ; 1 A.D. ; 2 A.D. ; 3 A.D. ,Stūpa ; panneau,bouddhisme,In situ,Maronet Léa
ASOK_KAN049a_oie_9897.png,oie,"[[547, 4234], [547, 4300], [559, 4300], [562, 4303], [564, 4303], [567, 4306], [596, 4306], [599, 4303], [605, 4303], [608, 4300], [608, 4294], [611, 4291], [611, 4268], [613, 4265], [613, 4254], [616, 4251], [619, 4251], [622, 4248], [625, 4248], [628, 4245], [636, 4245], [639, 4242], [642, 4245], [654, 4245], [657, 4248], [665, 4248], [668, 4251], [674, 4251], [677, 4254], [680, 4254], [685, 4260], [685, 4262], [688, 4265], [688, 4268], [691, 4271], [691, 4291], [694, 4294], [694, 4306], [697, 4308], [697, 4317], [700, 4320], [700, 4326], [703, 4329], [703, 4332], [706, 4334], [706, 4337], [708, 4340], [708, 4343], [711, 4346], [711, 4349], [717, 4355], [743, 4355], [746, 4357], [749, 4357], [752, 4360], [757, 4360], [760, 4363], [763, 4363], [766, 4366], [772, 4366], [775, 4369], [778, 4369], [783, 4375], [786, 4375], [789, 4378], [792, 4378], [798, 4383], [798, 4386], [804, 4392], [804, 4404], [801, 4406], [801, 4409], [798, 4412], [798, 4415], [795, 4418], [795, 4421], [789, 4427], [789, 4429], [798, 4438], [798, 4441], [801, 4444], [801, 4447], [804, 4450], [804, 4455], [798, 4461], [798, 4478], [801, 4481], [801, 4487], [804, 4490], [804, 4496], [806, 4499], [806, 4504], [809, 4507], [809, 4527], [806, 4530], [806, 4542], [809, 4545], [809, 4559], [812, 4562], [812, 4565], [815, 4562], [818, 4562], [821, 4559], [827, 4559], [829, 4562], [829, 4565], [835, 4565], [835, 4553], [832, 4550], [832, 4548], [829, 4545], [824, 4545], [821, 4542], [821, 4539], [818, 4536], [818, 4519], [821, 4516], [838, 4516], [841, 4513], [844, 4513], [847, 4510], [861, 4510], [864, 4507], [870, 4507], [873, 4510], [876, 4510], [878, 4513], [884, 4513], [887, 4516], [893, 4516], [896, 4519], [901, 4519], [904, 4522], [907, 4522], [910, 4524], [916, 4524], [919, 4527], [922, 4527], [924, 4530], [927, 4530], [930, 4533], [927, 4536], [927, 4539], [924, 4542], [924, 4548], [927, 4550], [927, 4556], [924, 4559], [919, 4559], [916, 4562], [890, 4562], [887, 4565], [873, 4565], [873, 4568], [878, 4568], [881, 4571], [887, 4571], [890, 4573], [893, 4573], [896, 4576], [899, 4576], [901, 4579], [904, 4579], [910, 4585], [913, 4585], [916, 4588], [927, 4588], [930, 4591], [948, 4591], [956, 4599], [956, 4605], [1025, 4605], [1025, 4602], [1031, 4596], [1037, 4596], [1040, 4594], [1071, 4594], [1074, 4591], [1089, 4591], [1092, 4588], [1092, 4576], [1097, 4571], [1103, 4571], [1106, 4573], [1112, 4573], [1120, 4582], [1120, 4585], [1135, 4599], [1138, 4596], [1146, 4596], [1149, 4594], [1155, 4594], [1158, 4591], [1166, 4591], [1169, 4588], [1187, 4588], [1189, 4591], [1192, 4591], [1195, 4588], [1201, 4588], [1201, 4585], [1198, 4582], [1198, 4579], [1192, 4573], [1192, 4571], [1189, 4568], [1195, 4562], [1195, 4559], [1201, 4553], [1201, 4550], [1207, 4545], [1207, 4533], [1204, 4530], [1204, 4527], [1198, 4522], [1198, 4499], [1201, 4496], [1204, 4496], [1207, 4499], [1218, 4499], [1221, 4501], [1227, 4501], [1230, 4504], [1233, 4504], [1238, 4510], [1241, 4510], [1244, 4513], [1250, 4513], [1253, 4516], [1256, 4516], [1259, 4519], [1270, 4519], [1273, 4522], [1293, 4522], [1296, 4524], [1302, 4524], [1305, 4527], [1308, 4527], [1316, 4536], [1316, 4539], [1319, 4542], [1319, 4579], [1322, 4582], [1322, 4585], [1328, 4591], [1365, 4591], [1368, 4594], [1368, 4596], [1371, 4599], [1371, 4605], [1408, 4605], [1408, 4599], [1411, 4596], [1414, 4596], [1420, 4591], [1431, 4591], [1434, 4588], [1437, 4588], [1443, 4582], [1446, 4582], [1449, 4579], [1457, 4579], [1460, 4576], [1460, 4568], [1457, 4565], [1443, 4565], [1437, 4559], [1434, 4559], [1431, 4556], [1428, 4556], [1426, 4553], [1428, 4550], [1431, 4550], [1434, 4548], [1434, 4539], [1437, 4536], [1437, 4522], [1434, 4522], [1431, 4524], [1411, 4524], [1405, 4519], [1405, 4496], [1403, 4493], [1403, 4487], [1400, 4484], [1400, 4476], [1397, 4473], [1397, 4470], [1394, 4467], [1394, 4461], [1397, 4458], [1403, 4458], [1405, 4455], [1411, 4455], [1414, 4458], [1420, 4458], [1423, 4461], [1426, 4461], [1431, 4467], [1437, 4467], [1437, 4464], [1454, 4447], [1454, 4444], [1469, 4429], [1472, 4429], [1475, 4427], [1477, 4427], [1477, 4424], [1480, 4421], [1480, 4418], [1492, 4406], [1492, 4404], [1526, 4369], [1529, 4369], [1535, 4363], [1538, 4363], [1541, 4360], [1544, 4360], [1549, 4355], [1549, 4352], [1552, 4349], [1552, 4346], [1555, 4343], [1555, 4340], [1558, 4337], [1558, 4326], [1572, 4311], [1572, 4300], [1575, 4297], [1575, 4294], [1578, 4291], [1578, 4277], [1581, 4274], [1581, 4271], [1587, 4265], [1587, 4262], [1584, 4260], [1584, 4257], [1590, 4251], [1593, 4251], [1593, 4245], [1596, 4242], [1596, 4228], [1598, 4225], [1598, 4219], [1596, 4216], [1596, 4211], [1572, 4188], [1524, 4188], [1521, 4190], [1492, 4190], [1489, 4188], [1489, 4185], [1492, 4182], [1492, 4179], [1495, 4176], [1495, 4170], [1498, 4167], [1498, 4164], [1500, 4162], [1500, 4159], [1503, 4156], [1503, 4150], [1506, 4147], [1506, 4130], [1509, 4127], [1509, 4113], [1512, 4110], [1512, 4084], [1443, 4084], [1443, 4095], [1434, 4104], [1431, 4104], [1426, 4110], [1423, 4110], [1420, 4113], [1417, 4113], [1414, 4116], [1411, 4116], [1408, 4118], [1405, 4118], [1403, 4121], [1397, 4121], [1394, 4124], [1388, 4124], [1385, 4127], [1371, 4127], [1368, 4130], [1339, 4130], [1336, 4133], [1290, 4133], [1287, 4136], [1259, 4136], [1256, 4139], [1244, 4139], [1241, 4141], [1233, 4141], [1230, 4144], [1221, 4144], [1218, 4147], [1210, 4147], [1207, 4150], [1198, 4150], [1195, 4153], [1189, 4153], [1187, 4156], [1178, 4156], [1175, 4159], [1164, 4159], [1161, 4162], [1158, 4162], [1155, 4164], [1152, 4164], [1149, 4167], [1146, 4167], [1143, 4170], [1140, 4170], [1138, 4173], [1135, 4173], [1129, 4179], [1126, 4179], [1120, 4185], [1117, 4185], [1086, 4216], [1086, 4219], [1063, 4242], [1063, 4245], [1054, 4254], [1051, 4254], [1028, 4277], [1020, 4277], [1017, 4280], [1014, 4280], [1008, 4285], [1002, 4285], [999, 4288], [979, 4288], [976, 4285], [971, 4285], [968, 4288], [948, 4288], [936, 4277], [936, 4268], [933, 4265], [933, 4257], [930, 4254], [930, 4245], [927, 4242], [927, 4234], [924, 4231], [924, 4228], [922, 4225], [922, 4219], [919, 4216], [919, 4213], [893, 4188], [890, 4188], [887, 4185], [884, 4185], [881, 4182], [878, 4182], [876, 4179], [873, 4179], [870, 4176], [867, 4176], [864, 4173], [861, 4173], [858, 4170], [850, 4170], [847, 4167], [838, 4167], [835, 4164], [821, 4164], [818, 4162], [786, 4162], [783, 4159], [746, 4159], [743, 4162], [740, 4162], [734, 4167], [732, 4167], [729, 4170], [726, 4170], [720, 4176], [717, 4176], [714, 4179], [711, 4179], [694, 4196], [691, 4196], [685, 4202], [683, 4202], [680, 4199], [674, 4199], [671, 4196], [665, 4196], [662, 4193], [660, 4193], [642, 4176], [642, 4173], [636, 4167], [634, 4167], [628, 4162], [602, 4162], [599, 4164], [599, 4170], [596, 4173], [596, 4176], [599, 4179], [599, 4185], [602, 4188], [602, 4190], [605, 4193], [605, 4196], [608, 4199], [608, 4202], [611, 4205], [611, 4211], [605, 4216], [602, 4216], [599, 4219], [590, 4219], [588, 4222], [579, 4222], [576, 4225], [570, 4225], [567, 4228], [564, 4228], [559, 4234], [547, 4234]]",0.83,ASOK_KAN049a.JPG,ASOK_KAN049a,Karnataka,Āndhradeśa,Kaṇagaṇahaḷḷi,Acrobates et grand départ du Buddha,1 B.C. ; 1 A.D. ; 2 A.D. ; 3 A.D. ,Stūpa ; panneau,bouddhisme,In situ,Maronet Léa
ASOK_KAN049a_lotus_9898.png,lotus,"[[2506, 4291], [2506, 4424], [2514, 4424], [2523, 4432], [2523, 4435], [2549, 4461], [2552, 4461], [2555, 4464], [2560, 4464], [2563, 4467], [2572, 4467], [2575, 4470], [2592, 4470], [2595, 4467], [2618, 4467], [2621, 4464], [2629, 4464], [2632, 4461], [2635, 4461], [2638, 4458], [2641, 4458], [2647, 4452], [2650, 4452], [2655, 4447], [2658, 4447], [2664, 4441], [2664, 4432], [2667, 4429], [2667, 4415], [2670, 4412], [2670, 4409], [2673, 4406], [2673, 4404], [2676, 4401], [2676, 4398], [2678, 4395], [2678, 4392], [2681, 4389], [2681, 4383], [2684, 4380], [2684, 4375], [2687, 4372], [2687, 4369], [2690, 4366], [2699, 4366], [2699, 4343], [2690, 4343], [2687, 4340], [2687, 4337], [2684, 4334], [2684, 4300], [2681, 4297], [2681, 4285], [2678, 4283], [2678, 4274], [2676, 4271], [2676, 4265], [2670, 4260], [2670, 4257], [2664, 4251], [2664, 4248], [2655, 4239], [2652, 4239], [2650, 4236], [2647, 4236], [2644, 4234], [2629, 4234], [2627, 4231], [2624, 4231], [2618, 4225], [2618, 4222], [2615, 4219], [2615, 4213], [2612, 4211], [2612, 4202], [2609, 4199], [2609, 4193], [2606, 4190], [2606, 4185], [2604, 4182], [2604, 4176], [2601, 4173], [2601, 4170], [2598, 4167], [2598, 4162], [2595, 4159], [2595, 4156], [2589, 4150], [2589, 4147], [2586, 4144], [2586, 4141], [2575, 4130], [2575, 4118], [2546, 4118], [2546, 4133], [2543, 4136], [2543, 4144], [2546, 4147], [2546, 4153], [2552, 4159], [2552, 4162], [2555, 4164], [2555, 4170], [2557, 4173], [2557, 4179], [2555, 4182], [2555, 4190], [2552, 4193], [2552, 4199], [2546, 4205], [2546, 4208], [2543, 4211], [2543, 4213], [2540, 4216], [2540, 4222], [2537, 4225], [2537, 4236], [2534, 4239], [2534, 4251], [2532, 4254], [2532, 4262], [2529, 4265], [2529, 4271], [2526, 4274], [2526, 4277], [2523, 4280], [2523, 4283], [2514, 4291], [2506, 4291]]",0.93,ASOK_KAN049a.JPG,ASOK_KAN049a,Karnataka,Āndhradeśa,Kaṇagaṇahaḷḷi,Acrobates et grand départ du Buddha,1 B.C. ; 1 A.D. ; 2 A.D. ; 3 A.D. ,Stūpa ; panneau,bouddhisme,In situ,Maronet Léa
ASOK_KAN049a_lotus_9899.png,lotus,"[[1630, 4389], [1630, 4550], [1639, 4550], [1647, 4559], [1647, 4562], [1665, 4579], [1668, 4579], [1670, 4582], [1673, 4582], [1676, 4585], [1685, 4585], [1688, 4588], [1705, 4588], [1708, 4591], [1719, 4591], [1722, 4594], [1728, 4594], [1731, 4596], [1734, 4596], [1740, 4602], [1740, 4605], [1809, 4605], [1809, 4602], [1806, 4599], [1803, 4599], [1800, 4596], [1797, 4596], [1794, 4594], [1791, 4594], [1788, 4591], [1791, 4588], [1797, 4588], [1800, 4585], [1806, 4585], [1809, 4582], [1814, 4582], [1817, 4579], [1820, 4579], [1823, 4576], [1829, 4576], [1832, 4573], [1837, 4573], [1840, 4571], [1843, 4571], [1849, 4565], [1852, 4565], [1852, 4562], [1855, 4559], [1855, 4556], [1863, 4548], [1863, 4545], [1875, 4533], [1875, 4530], [1878, 4527], [1878, 4524], [1881, 4522], [1881, 4516], [1884, 4513], [1884, 4504], [1886, 4501], [1886, 4490], [1889, 4487], [1889, 4473], [1892, 4470], [1892, 4461], [1895, 4458], [1904, 4458], [1904, 4401], [1895, 4401], [1892, 4398], [1892, 4395], [1889, 4392], [1889, 4386], [1886, 4383], [1886, 4380], [1884, 4378], [1884, 4372], [1881, 4369], [1881, 4366], [1878, 4363], [1878, 4360], [1875, 4357], [1875, 4355], [1872, 4352], [1872, 4349], [1869, 4346], [1869, 4340], [1863, 4334], [1863, 4332], [1860, 4329], [1860, 4326], [1858, 4323], [1855, 4323], [1852, 4320], [1849, 4320], [1846, 4317], [1840, 4317], [1837, 4314], [1835, 4314], [1832, 4311], [1826, 4311], [1823, 4308], [1820, 4308], [1800, 4288], [1800, 4285], [1797, 4283], [1797, 4280], [1794, 4277], [1794, 4271], [1791, 4268], [1791, 4262], [1788, 4260], [1788, 4248], [1786, 4245], [1786, 4211], [1748, 4211], [1748, 4219], [1745, 4222], [1745, 4234], [1742, 4236], [1742, 4260], [1740, 4262], [1740, 4306], [1731, 4314], [1728, 4314], [1725, 4317], [1719, 4317], [1716, 4320], [1708, 4320], [1705, 4323], [1696, 4323], [1693, 4326], [1685, 4326], [1682, 4329], [1679, 4329], [1659, 4349], [1659, 4352], [1656, 4355], [1656, 4357], [1653, 4360], [1653, 4363], [1647, 4369], [1647, 4375], [1644, 4378], [1644, 4383], [1639, 4389], [1630, 4389]]",0.88,ASOK_KAN049a.JPG,ASOK_KAN049a,Karnataka,Āndhradeśa,Kaṇagaṇahaḷḷi,Acrobates et grand départ du Buddha,1 B.C. ; 1 A.D. ; 2 A.D. ; 3 A.D. ,Stūpa ; panneau,bouddhisme,In situ,Maronet Léa
ASOK_MAT069_lotus_9957.png,lotus,"[[2241, 1560], [2241, 1775], [2251, 1775], [2262, 1785], [2265, 1785], [2279, 1799], [2279, 1806], [2309, 1837], [2313, 1837], [2330, 1854], [2330, 1857], [2333, 1860], [2333, 1864], [2337, 1867], [2337, 1871], [2340, 1874], [2340, 1878], [2347, 1884], [2347, 1888], [2357, 1898], [2357, 1902], [2364, 1908], [2364, 1912], [2371, 1919], [2374, 1919], [2378, 1922], [2381, 1922], [2385, 1925], [2392, 1925], [2415, 1949], [2419, 1949], [2426, 1956], [2429, 1956], [2436, 1963], [2436, 1966], [2439, 1970], [2443, 1970], [2450, 1977], [2457, 1977], [2463, 1984], [2467, 1984], [2480, 1997], [2484, 1997], [2487, 2001], [2501, 2001], [2504, 2004], [2504, 2014], [2569, 2014], [2569, 2004], [2576, 1997], [2583, 1997], [2586, 1994], [2597, 1994], [2600, 1990], [2651, 1990], [2655, 1994], [2686, 1994], [2689, 1990], [2710, 1990], [2713, 1987], [2723, 1987], [2727, 1984], [2737, 1984], [2740, 1980], [2744, 1980], [2747, 1977], [2754, 1977], [2757, 1973], [2764, 1973], [2768, 1970], [2771, 1970], [2774, 1966], [2781, 1966], [2785, 1963], [2788, 1963], [2815, 1936], [2815, 1922], [2822, 1915], [2822, 1912], [2826, 1908], [2826, 1905], [2833, 1898], [2833, 1895], [2846, 1881], [2846, 1874], [2850, 1871], [2850, 1857], [2853, 1854], [2853, 1850], [2857, 1847], [2857, 1843], [2860, 1840], [2860, 1837], [2870, 1826], [2870, 1823], [2880, 1813], [2880, 1809], [2884, 1806], [2884, 1802], [2891, 1796], [2891, 1792], [2898, 1785], [2898, 1778], [2901, 1775], [2901, 1772], [2904, 1768], [2904, 1765], [2908, 1761], [2908, 1754], [2911, 1751], [2911, 1741], [2915, 1737], [2915, 1731], [2918, 1727], [2918, 1720], [2921, 1717], [2921, 1703], [2925, 1700], [2925, 1686], [2928, 1683], [2928, 1672], [2932, 1669], [2932, 1655], [2935, 1652], [2935, 1648], [2939, 1645], [2949, 1645], [2949, 1553], [2939, 1553], [2932, 1546], [2932, 1539], [2928, 1536], [2928, 1532], [2925, 1529], [2925, 1522], [2921, 1518], [2921, 1515], [2918, 1512], [2918, 1505], [2915, 1501], [2915, 1498], [2911, 1495], [2911, 1488], [2908, 1484], [2908, 1481], [2901, 1474], [2901, 1471], [2898, 1467], [2898, 1464], [2891, 1457], [2891, 1454], [2880, 1443], [2880, 1440], [2874, 1433], [2874, 1430], [2860, 1416], [2860, 1412], [2826, 1378], [2822, 1378], [2812, 1368], [2809, 1368], [2788, 1347], [2785, 1347], [2778, 1341], [2774, 1341], [2771, 1337], [2768, 1337], [2764, 1334], [2761, 1334], [2754, 1327], [2751, 1327], [2747, 1324], [2744, 1324], [2740, 1320], [2737, 1320], [2730, 1313], [2723, 1313], [2720, 1310], [2713, 1310], [2710, 1306], [2706, 1306], [2703, 1303], [2703, 1293], [2515, 1293], [2515, 1303], [2511, 1306], [2508, 1306], [2504, 1310], [2501, 1310], [2494, 1317], [2491, 1317], [2484, 1324], [2480, 1324], [2477, 1327], [2474, 1327], [2460, 1341], [2460, 1344], [2457, 1347], [2453, 1347], [2426, 1375], [2422, 1375], [2419, 1378], [2415, 1378], [2412, 1382], [2409, 1382], [2405, 1385], [2402, 1385], [2398, 1389], [2398, 1392], [2388, 1402], [2388, 1406], [2385, 1409], [2385, 1412], [2381, 1416], [2381, 1423], [2378, 1426], [2378, 1430], [2374, 1433], [2374, 1436], [2371, 1440], [2371, 1443], [2364, 1450], [2364, 1454], [2354, 1464], [2351, 1464], [2344, 1471], [2344, 1474], [2330, 1488], [2330, 1491], [2303, 1518], [2299, 1518], [2286, 1532], [2282, 1532], [2275, 1539], [2272, 1539], [2251, 1560], [2241, 1560]]",0.88,ASOK_MAT069.JPG,ASOK_MAT069,Uttar Pradesh,Mathurā,Mathurā,Lakṣmī ?,1 A.D. ; 2 A.D.,Panneau,indéterminée,Mathura Government Museum,Maronet Léa
ASOK_BHA160_lotus_10167.png,lotus,"[[1367, 2693], [1367, 2709], [1377, 2709], [1383, 2716], [1387, 2716], [1390, 2719], [1393, 2719], [1396, 2722], [1400, 2722], [1403, 2726], [1406, 2726], [1435, 2755], [1439, 2755], [1455, 2771], [1455, 2774], [1464, 2784], [1464, 2787], [1468, 2790], [1468, 2794], [1471, 2797], [1471, 2800], [1477, 2807], [1477, 2810], [1481, 2813], [1481, 2816], [1484, 2820], [1484, 2823], [1487, 2826], [1487, 2829], [1490, 2832], [1490, 2836], [1494, 2839], [1494, 2845], [1503, 2855], [1503, 2858], [1507, 2862], [1507, 2865], [1510, 2868], [1510, 2871], [1513, 2875], [1513, 2878], [1516, 2881], [1516, 2884], [1520, 2888], [1520, 2891], [1523, 2894], [1523, 2901], [1529, 2907], [1529, 2913], [1533, 2917], [1533, 2923], [1536, 2926], [1536, 2930], [1533, 2933], [1533, 3014], [1536, 3017], [1542, 3017], [1545, 3020], [1565, 3020], [1568, 3017], [1584, 3017], [1588, 3014], [1588, 3007], [1591, 3004], [1591, 2975], [1594, 2972], [1594, 2939], [1597, 2936], [1597, 2933], [1614, 2917], [1614, 2913], [1617, 2910], [1617, 2897], [1620, 2894], [1620, 2888], [1633, 2875], [1636, 2875], [1639, 2871], [1639, 2868], [1662, 2845], [1662, 2842], [1665, 2839], [1665, 2832], [1678, 2820], [1682, 2820], [1698, 2803], [1701, 2803], [1724, 2781], [1724, 2777], [1753, 2748], [1756, 2748], [1763, 2742], [1766, 2742], [1788, 2719], [1792, 2719], [1798, 2713], [1798, 2709], [1801, 2706], [1805, 2706], [1808, 2703], [1818, 2703], [1818, 2693], [1367, 2693]]",0.91,ASOK_BHA160.JPG,ASOK_BHA160,Madhya Pradesh,Madhyapradeśa,Bhārhut,Frise avec médaillons lotiformes,2 B.C.,Stūpa ; frise,bouddhisme,Allahabad Municipal Museum,Maronet Léa
ASOK_BHA160_lotus_10168.png,lotus,"[[1808, 2693], [1808, 2703], [1818, 2703], [1844, 2729], [1844, 2732], [1853, 2742], [1853, 2745], [1860, 2752], [1860, 2755], [1876, 2771], [1879, 2771], [1899, 2790], [1899, 2794], [1908, 2803], [1908, 2807], [1918, 2816], [1918, 2820], [1921, 2823], [1921, 2826], [1931, 2836], [1931, 2839], [1934, 2842], [1934, 2845], [1960, 2871], [1960, 2875], [1963, 2875], [1970, 2881], [1970, 2884], [1973, 2888], [1973, 2891], [1980, 2897], [1980, 2901], [1983, 2904], [1983, 2907], [1986, 2910], [1986, 2917], [1989, 2920], [1989, 2952], [1993, 2956], [1993, 2985], [1996, 2988], [1996, 3007], [2002, 3014], [2002, 3027], [2035, 3027], [2035, 3017], [2044, 3007], [2044, 3004], [2048, 3001], [2048, 2994], [2051, 2991], [2051, 2978], [2054, 2975], [2054, 2969], [2057, 2965], [2057, 2936], [2061, 2933], [2061, 2930], [2064, 2926], [2064, 2923], [2070, 2917], [2070, 2913], [2074, 2910], [2074, 2907], [2077, 2904], [2077, 2901], [2080, 2897], [2080, 2894], [2106, 2868], [2106, 2865], [2132, 2839], [2132, 2836], [2142, 2826], [2145, 2826], [2148, 2823], [2151, 2823], [2155, 2820], [2158, 2820], [2158, 2816], [2177, 2797], [2181, 2797], [2184, 2794], [2184, 2790], [2200, 2774], [2203, 2774], [2229, 2748], [2232, 2748], [2239, 2742], [2239, 2739], [2252, 2726], [2255, 2726], [2258, 2722], [2271, 2722], [2271, 2706], [2262, 2706], [2258, 2703], [2258, 2693], [1808, 2693]]",0.91,ASOK_BHA160.JPG,ASOK_BHA160,Madhya Pradesh,Madhyapradeśa,Bhārhut,Frise avec médaillons lotiformes,2 B.C.,Stūpa ; frise,bouddhisme,Allahabad Municipal Museum,Maronet Léa
ASOK_BHA160_lotus_10169.png,lotus,"[[2274, 2719], [2274, 2732], [2284, 2732], [2307, 2755], [2307, 2758], [2313, 2764], [2313, 2768], [2317, 2768], [2355, 2807], [2355, 2810], [2372, 2826], [2372, 2829], [2388, 2845], [2388, 2849], [2398, 2858], [2398, 2862], [2404, 2868], [2404, 2871], [2430, 2897], [2430, 2901], [2436, 2907], [2436, 2910], [2440, 2913], [2440, 2917], [2443, 2920], [2443, 2923], [2446, 2926], [2446, 2946], [2449, 2949], [2449, 3004], [2453, 3007], [2453, 3011], [2456, 3011], [2459, 3014], [2485, 3014], [2488, 3011], [2498, 3011], [2501, 3007], [2505, 3007], [2508, 3004], [2508, 2985], [2511, 2981], [2511, 2952], [2514, 2949], [2514, 2943], [2517, 2939], [2517, 2933], [2521, 2930], [2521, 2920], [2524, 2917], [2524, 2910], [2527, 2907], [2527, 2904], [2550, 2881], [2553, 2881], [2563, 2871], [2563, 2868], [2573, 2858], [2573, 2855], [2576, 2852], [2576, 2849], [2579, 2845], [2579, 2842], [2582, 2839], [2582, 2836], [2586, 2832], [2589, 2832], [2592, 2829], [2595, 2829], [2598, 2826], [2602, 2826], [2621, 2807], [2621, 2803], [2628, 2797], [2628, 2794], [2650, 2771], [2654, 2771], [2667, 2758], [2670, 2758], [2683, 2745], [2686, 2745], [2689, 2742], [2689, 2739], [2696, 2732], [2696, 2719], [2274, 2719]]",0.9,ASOK_BHA160.JPG,ASOK_BHA160,Madhya Pradesh,Madhyapradeśa,Bhārhut,Frise avec médaillons lotiformes,2 B.C.,Stūpa ; frise,bouddhisme,Allahabad Municipal Museum,Maronet Léa
ASOK_BHA160_lotus_10170.png,lotus,"[[2715, 2719], [2715, 2732], [2725, 2732], [2728, 2735], [2731, 2735], [2738, 2742], [2741, 2742], [2751, 2752], [2754, 2752], [2760, 2758], [2760, 2761], [2777, 2777], [2777, 2781], [2780, 2781], [2783, 2784], [2786, 2784], [2819, 2816], [2819, 2820], [2838, 2839], [2838, 2842], [2845, 2849], [2845, 2852], [2851, 2858], [2851, 2862], [2864, 2875], [2864, 2878], [2871, 2884], [2871, 2888], [2874, 2888], [2877, 2891], [2877, 2894], [2887, 2904], [2887, 2907], [2893, 2913], [2893, 2917], [2906, 2930], [2906, 2933], [2913, 2939], [2913, 2956], [2916, 2959], [2916, 3014], [2919, 3017], [2919, 3027], [2961, 3027], [2961, 3017], [2965, 3014], [2965, 3011], [2968, 3007], [2968, 2962], [2971, 2959], [2971, 2952], [2974, 2949], [2974, 2943], [2978, 2939], [2978, 2936], [2984, 2930], [2984, 2926], [2987, 2923], [2987, 2920], [3010, 2897], [3010, 2894], [3013, 2891], [3013, 2888], [3016, 2884], [3016, 2881], [3020, 2878], [3020, 2875], [3023, 2871], [3023, 2865], [3026, 2862], [3026, 2855], [3036, 2845], [3036, 2836], [3042, 2829], [3046, 2829], [3049, 2826], [3055, 2826], [3059, 2823], [3062, 2823], [3065, 2820], [3065, 2816], [3072, 2810], [3072, 2807], [3078, 2800], [3078, 2797], [3107, 2768], [3110, 2768], [3120, 2758], [3123, 2758], [3130, 2752], [3130, 2748], [3133, 2745], [3136, 2745], [3136, 2742], [3143, 2735], [3165, 2735], [3165, 2719], [2715, 2719]]",0.91,ASOK_BHA160.JPG,ASOK_BHA160,Madhya Pradesh,Madhyapradeśa,Bhārhut,Frise avec médaillons lotiformes,2 B.C.,Stūpa ; frise,bouddhisme,Allahabad Municipal Museum,Maronet Léa
ASOK_BHA160_lotus_10172.png,lotus,"[[3596, 2719], [3596, 2748], [3609, 2748], [3619, 2758], [3622, 2758], [3626, 2761], [3629, 2761], [3635, 2768], [3639, 2768], [3645, 2774], [3645, 2777], [3655, 2787], [3658, 2787], [3661, 2790], [3668, 2790], [3671, 2794], [3674, 2794], [3681, 2800], [3681, 2803], [3684, 2807], [3684, 2810], [3690, 2816], [3690, 2820], [3710, 2839], [3710, 2842], [3723, 2855], [3723, 2858], [3742, 2878], [3742, 2881], [3749, 2888], [3749, 2894], [3752, 2897], [3752, 2901], [3758, 2907], [3758, 2910], [3762, 2913], [3762, 2917], [3771, 2926], [3771, 2930], [3775, 2933], [3775, 2939], [3778, 2943], [3778, 2949], [3788, 2959], [3788, 2962], [3791, 2965], [3791, 2972], [3794, 2975], [3794, 3017], [3797, 3020], [3801, 3020], [3804, 3024], [3830, 3024], [3833, 3020], [3856, 3020], [3859, 3017], [3862, 3017], [3865, 3014], [3865, 2994], [3862, 2991], [3862, 2985], [3859, 2981], [3859, 2965], [3862, 2962], [3862, 2959], [3865, 2956], [3865, 2952], [3869, 2949], [3869, 2946], [3872, 2943], [3872, 2936], [3875, 2933], [3875, 2923], [3878, 2920], [3878, 2917], [3888, 2907], [3891, 2907], [3904, 2894], [3904, 2891], [3911, 2884], [3911, 2881], [3920, 2871], [3920, 2865], [3924, 2862], [3924, 2858], [3969, 2813], [3969, 2810], [3975, 2803], [3975, 2800], [3988, 2787], [3992, 2787], [3998, 2781], [4001, 2781], [4008, 2774], [4011, 2774], [4021, 2764], [4021, 2761], [4024, 2758], [4024, 2755], [4027, 2752], [4027, 2748], [4034, 2742], [4031, 2739], [4031, 2719], [3596, 2719]]",0.9,ASOK_BHA160.JPG,ASOK_BHA160,Madhya Pradesh,Madhyapradeśa,Bhārhut,Frise avec médaillons lotiformes,2 B.C.,Stūpa ; frise,bouddhisme,Allahabad Municipal Museum,Maronet Léa
ASOK_BHA160_lotus_10173.png,lotus,"[[3162, 2732], [3162, 2742], [3165, 2742], [3185, 2761], [3185, 2764], [3195, 2774], [3198, 2774], [3221, 2797], [3227, 2797], [3230, 2800], [3234, 2800], [3243, 2810], [3243, 2813], [3256, 2826], [3259, 2826], [3285, 2852], [3285, 2855], [3308, 2878], [3308, 2881], [3321, 2894], [3321, 2897], [3340, 2917], [3340, 2920], [3347, 2926], [3347, 2930], [3357, 2939], [3357, 2946], [3360, 2949], [3360, 2978], [3363, 2981], [3363, 3007], [3360, 3011], [3360, 3014], [3366, 3020], [3370, 3020], [3373, 3024], [3399, 3024], [3402, 3020], [3408, 3020], [3412, 3017], [3415, 3017], [3415, 3011], [3418, 3007], [3418, 2988], [3415, 2985], [3415, 2972], [3418, 2969], [3418, 2962], [3421, 2959], [3421, 2956], [3428, 2949], [3428, 2943], [3431, 2939], [3431, 2920], [3434, 2917], [3434, 2910], [3438, 2907], [3441, 2907], [3447, 2901], [3451, 2901], [3460, 2891], [3464, 2891], [3464, 2888], [3480, 2871], [3480, 2865], [3483, 2862], [3483, 2855], [3486, 2852], [3486, 2849], [3489, 2845], [3489, 2842], [3499, 2832], [3502, 2832], [3506, 2829], [3506, 2826], [3509, 2823], [3512, 2823], [3515, 2820], [3515, 2816], [3532, 2800], [3532, 2797], [3535, 2794], [3535, 2790], [3538, 2787], [3538, 2784], [3541, 2781], [3545, 2781], [3551, 2774], [3558, 2774], [3564, 2768], [3567, 2768], [3567, 2764], [3570, 2761], [3570, 2758], [3580, 2748], [3587, 2748], [3590, 2745], [3606, 2745], [3606, 2732], [3162, 2732]]",0.95,ASOK_BHA160.JPG,ASOK_BHA160,Madhya Pradesh,Madhyapradeśa,Bhārhut,Frise avec médaillons lotiformes,2 B.C.,Stūpa ; frise,bouddhisme,Allahabad Municipal Museum,Maronet Léa
ASOK_AMA003_lotus_10218.png,lotus,"[[104, 2940], [104, 3077], [112, 3077], [117, 3082], [117, 3084], [119, 3087], [119, 3089], [124, 3094], [124, 3097], [126, 3099], [126, 3102], [131, 3106], [131, 3109], [136, 3114], [136, 3116], [139, 3119], [139, 3121], [141, 3124], [141, 3126], [146, 3131], [146, 3133], [151, 3138], [151, 3141], [153, 3143], [153, 3146], [156, 3148], [156, 3151], [161, 3156], [161, 3158], [163, 3160], [163, 3163], [166, 3165], [166, 3170], [168, 3173], [168, 3175], [171, 3178], [171, 3185], [173, 3187], [173, 3190], [175, 3192], [175, 3200], [178, 3202], [178, 3205], [180, 3207], [180, 3210], [183, 3212], [183, 3217], [185, 3219], [185, 3222], [188, 3224], [188, 3227], [190, 3229], [190, 3232], [193, 3234], [193, 3236], [195, 3239], [195, 3244], [198, 3246], [198, 3249], [202, 3254], [202, 3256], [205, 3259], [205, 3263], [212, 3271], [212, 3276], [215, 3278], [215, 3283], [217, 3286], [217, 3290], [220, 3293], [220, 3298], [222, 3300], [222, 3308], [225, 3310], [225, 3325], [227, 3327], [227, 3342], [229, 3344], [229, 3371], [232, 3374], [232, 3389], [234, 3391], [234, 3401], [227, 3408], [227, 3411], [220, 3418], [210, 3418], [205, 3423], [202, 3423], [198, 3428], [195, 3428], [193, 3430], [188, 3430], [185, 3433], [183, 3433], [180, 3435], [180, 3440], [178, 3443], [178, 3450], [175, 3452], [175, 3465], [178, 3467], [178, 3482], [180, 3484], [180, 3492], [183, 3494], [183, 3497], [190, 3497], [198, 3504], [198, 3506], [200, 3509], [200, 3538], [198, 3541], [198, 3543], [195, 3546], [195, 3551], [193, 3553], [193, 3555], [185, 3563], [185, 3578], [183, 3580], [183, 3592], [180, 3595], [180, 3600], [183, 3602], [183, 3605], [180, 3607], [180, 3617], [178, 3619], [178, 3627], [175, 3629], [175, 3634], [173, 3636], [173, 3641], [171, 3644], [171, 3654], [922, 3654], [922, 3646], [924, 3644], [941, 3644], [944, 3641], [951, 3641], [953, 3644], [958, 3644], [961, 3646], [961, 3654], [1069, 3654], [1069, 3646], [1071, 3644], [1086, 3644], [1088, 3646], [1088, 3654], [1408, 3654], [1408, 3541], [1400, 3541], [1398, 3538], [1398, 3531], [1395, 3528], [1395, 3514], [1393, 3511], [1393, 3502], [1390, 3499], [1390, 3487], [1388, 3484], [1388, 3479], [1385, 3477], [1385, 3470], [1383, 3467], [1383, 3465], [1381, 3462], [1381, 3460], [1378, 3457], [1378, 3455], [1376, 3452], [1376, 3448], [1373, 3445], [1373, 3440], [1371, 3438], [1371, 3430], [1368, 3428], [1368, 3421], [1366, 3418], [1366, 3413], [1363, 3411], [1363, 3408], [1361, 3406], [1361, 3403], [1356, 3398], [1356, 3394], [1354, 3391], [1354, 3381], [1351, 3379], [1351, 3369], [1354, 3367], [1354, 3337], [1351, 3335], [1351, 3266], [1354, 3263], [1354, 3236], [1351, 3234], [1351, 3232], [1354, 3229], [1354, 3227], [1356, 3224], [1356, 3195], [1354, 3192], [1354, 3163], [1351, 3160], [1351, 3153], [1349, 3151], [1349, 3138], [1346, 3136], [1346, 3111], [1344, 3109], [1344, 3099], [1341, 3097], [1341, 3084], [1339, 3082], [1339, 3055], [1341, 3052], [1341, 3048], [1344, 3045], [1344, 3043], [1341, 3040], [1341, 3025], [1339, 3023], [1339, 3021], [1336, 3021], [1334, 3023], [1324, 3023], [1322, 3025], [1319, 3023], [1319, 3021], [1309, 3011], [1277, 3011], [1273, 3006], [1273, 3003], [1270, 3001], [1270, 2991], [1268, 2989], [1268, 2952], [1270, 2949], [1270, 2940], [1273, 2937], [1273, 2935], [1275, 2932], [1275, 2881], [1273, 2878], [1273, 2851], [1209, 2851], [1209, 2859], [1206, 2861], [1204, 2861], [1187, 2878], [1184, 2878], [1182, 2881], [1182, 2913], [1184, 2915], [1184, 2920], [1177, 2927], [1179, 2930], [1182, 2930], [1184, 2932], [1189, 2932], [1192, 2935], [1196, 2930], [1199, 2930], [1201, 2927], [1204, 2927], [1206, 2930], [1209, 2930], [1211, 2932], [1214, 2932], [1216, 2935], [1219, 2935], [1221, 2937], [1219, 2940], [1219, 2942], [1216, 2944], [1216, 2947], [1211, 2952], [1206, 2952], [1206, 2954], [1201, 2959], [1196, 2959], [1194, 2962], [1187, 2962], [1184, 2964], [1162, 2964], [1160, 2967], [1157, 2967], [1155, 2969], [1152, 2969], [1150, 2971], [1142, 2971], [1140, 2974], [1133, 2974], [1130, 2971], [1125, 2971], [1123, 2969], [1120, 2969], [1118, 2967], [1113, 2967], [1111, 2964], [1108, 2964], [1103, 2959], [1101, 2959], [1098, 2957], [1096, 2957], [1093, 2954], [1091, 2954], [1088, 2952], [1086, 2952], [1084, 2949], [1081, 2949], [1076, 2944], [1074, 2944], [1071, 2942], [1069, 2942], [1066, 2940], [1064, 2940], [1061, 2937], [1059, 2937], [1057, 2935], [1054, 2935], [1052, 2932], [1047, 2932], [1044, 2930], [1042, 2930], [1037, 2925], [1032, 2925], [1030, 2922], [1027, 2922], [1025, 2920], [1022, 2920], [1020, 2918], [1017, 2918], [1015, 2915], [1010, 2915], [1007, 2913], [1005, 2913], [1003, 2910], [1000, 2910], [998, 2908], [995, 2908], [993, 2905], [988, 2905], [985, 2903], [983, 2903], [980, 2900], [978, 2900], [976, 2898], [968, 2898], [966, 2895], [963, 2895], [961, 2893], [953, 2893], [951, 2891], [944, 2891], [941, 2888], [936, 2888], [934, 2886], [922, 2886], [919, 2883], [909, 2883], [907, 2881], [902, 2881], [899, 2878], [885, 2878], [882, 2876], [872, 2876], [870, 2873], [865, 2873], [863, 2871], [858, 2871], [855, 2868], [848, 2868], [845, 2866], [833, 2866], [831, 2864], [821, 2864], [816, 2859], [816, 2851], [681, 2851], [681, 2859], [661, 2878], [652, 2878], [649, 2881], [642, 2881], [639, 2883], [632, 2883], [630, 2886], [622, 2886], [620, 2888], [607, 2888], [605, 2891], [585, 2891], [583, 2893], [578, 2893], [576, 2895], [573, 2895], [571, 2898], [568, 2898], [566, 2900], [563, 2900], [561, 2903], [553, 2903], [551, 2905], [544, 2905], [541, 2908], [534, 2908], [531, 2910], [524, 2910], [522, 2913], [517, 2913], [514, 2915], [512, 2915], [509, 2918], [504, 2918], [502, 2920], [497, 2920], [495, 2922], [490, 2922], [487, 2925], [485, 2925], [480, 2930], [477, 2930], [475, 2932], [472, 2932], [470, 2935], [468, 2935], [465, 2937], [463, 2937], [460, 2940], [458, 2940], [455, 2942], [453, 2942], [448, 2947], [445, 2947], [443, 2949], [441, 2949], [438, 2952], [436, 2952], [431, 2957], [428, 2957], [426, 2959], [421, 2959], [416, 2964], [414, 2964], [409, 2969], [406, 2969], [401, 2974], [399, 2974], [396, 2976], [394, 2976], [391, 2979], [389, 2979], [384, 2984], [382, 2984], [377, 2989], [374, 2989], [369, 2994], [367, 2994], [362, 2998], [360, 2998], [352, 3006], [350, 3006], [345, 3011], [342, 3011], [340, 3013], [337, 3013], [335, 3016], [333, 3016], [330, 3018], [328, 3018], [325, 3021], [310, 3021], [308, 3018], [301, 3018], [298, 3016], [293, 3016], [291, 3013], [288, 3013], [286, 3011], [281, 3011], [279, 3008], [276, 3008], [274, 3006], [271, 3006], [269, 3003], [266, 3003], [264, 3001], [259, 3001], [256, 2998], [254, 2998], [252, 2996], [247, 2996], [244, 2994], [242, 2994], [239, 2991], [237, 2991], [234, 2989], [229, 2989], [227, 2986], [225, 2986], [222, 2984], [217, 2984], [215, 2981], [212, 2981], [210, 2979], [205, 2979], [202, 2976], [198, 2976], [195, 2974], [193, 2974], [190, 2971], [185, 2971], [183, 2969], [178, 2969], [175, 2967], [171, 2967], [168, 2964], [166, 2964], [163, 2962], [158, 2962], [156, 2959], [146, 2959], [144, 2957], [136, 2957], [134, 2954], [129, 2954], [126, 2952], [121, 2952], [114, 2944], [114, 2942], [112, 2940], [104, 2940]]",0.89,ASOK_AMA003.jpg,ASOK_AMA003,Andhra Pradesh,Āndhradeśa,Amarāvatī,Pilier de balustrade avec médaillons lotiformes ; éléphants ; dévotion au stupa et ganas,1 A.D. ; 2 A.D. ; 3 A.D.,Stūpa ; balustrade ; pilier,bouddhisme,The British Museum,Maronet Léa
ASOK_AMA003_lotus_10219.png,lotus,"[[104, 1440], [104, 2505], [193, 2505], [193, 2493], [190, 2491], [185, 2491], [183, 2493], [180, 2493], [178, 2491], [168, 2491], [166, 2488], [161, 2488], [158, 2486], [156, 2486], [148, 2478], [148, 2471], [151, 2468], [151, 2466], [148, 2464], [148, 2459], [146, 2456], [146, 2449], [144, 2446], [144, 2444], [141, 2441], [141, 2437], [151, 2427], [153, 2427], [158, 2422], [173, 2422], [175, 2419], [195, 2419], [198, 2417], [202, 2417], [205, 2414], [212, 2414], [215, 2412], [220, 2412], [222, 2410], [229, 2410], [232, 2407], [234, 2407], [237, 2405], [239, 2405], [242, 2402], [249, 2402], [256, 2395], [259, 2395], [261, 2392], [264, 2392], [266, 2390], [269, 2390], [274, 2385], [276, 2385], [281, 2380], [283, 2380], [288, 2375], [291, 2375], [293, 2373], [296, 2373], [298, 2370], [310, 2370], [313, 2368], [323, 2368], [325, 2370], [328, 2370], [345, 2387], [347, 2387], [352, 2392], [352, 2395], [355, 2397], [357, 2397], [360, 2400], [362, 2400], [364, 2402], [367, 2402], [374, 2410], [374, 2412], [377, 2414], [377, 2417], [379, 2419], [384, 2419], [387, 2422], [404, 2422], [406, 2424], [409, 2424], [416, 2432], [418, 2432], [421, 2434], [426, 2434], [428, 2437], [431, 2437], [433, 2439], [436, 2439], [438, 2441], [448, 2441], [450, 2444], [458, 2444], [460, 2446], [463, 2446], [468, 2451], [468, 2454], [470, 2454], [472, 2456], [485, 2456], [487, 2459], [499, 2459], [502, 2456], [504, 2456], [504, 2454], [507, 2451], [507, 2449], [517, 2439], [519, 2439], [526, 2432], [536, 2432], [541, 2437], [546, 2437], [549, 2439], [551, 2439], [553, 2441], [556, 2441], [573, 2459], [576, 2459], [578, 2461], [585, 2461], [588, 2464], [603, 2464], [605, 2461], [622, 2461], [625, 2459], [630, 2459], [632, 2456], [644, 2456], [647, 2459], [652, 2459], [654, 2461], [657, 2461], [661, 2466], [664, 2466], [671, 2473], [681, 2473], [684, 2476], [693, 2476], [696, 2478], [723, 2478], [730, 2471], [733, 2471], [735, 2468], [740, 2468], [742, 2466], [742, 2424], [752, 2414], [755, 2414], [757, 2417], [762, 2417], [764, 2414], [772, 2414], [779, 2422], [779, 2417], [782, 2414], [782, 2410], [791, 2400], [794, 2400], [796, 2397], [806, 2397], [809, 2395], [811, 2395], [814, 2397], [821, 2397], [823, 2400], [826, 2400], [828, 2402], [833, 2402], [836, 2400], [838, 2400], [843, 2395], [843, 2392], [845, 2390], [845, 2387], [848, 2385], [850, 2385], [853, 2383], [858, 2383], [860, 2380], [870, 2380], [875, 2385], [875, 2387], [877, 2390], [877, 2392], [880, 2395], [880, 2400], [882, 2402], [882, 2407], [885, 2410], [885, 2417], [887, 2419], [887, 2422], [890, 2424], [890, 2427], [892, 2427], [895, 2429], [895, 2437], [897, 2439], [904, 2439], [907, 2437], [909, 2437], [914, 2441], [917, 2441], [922, 2446], [924, 2446], [926, 2449], [939, 2449], [941, 2446], [953, 2446], [956, 2444], [961, 2444], [963, 2441], [971, 2441], [973, 2439], [988, 2439], [990, 2437], [995, 2437], [998, 2434], [1000, 2434], [1003, 2432], [1005, 2432], [1007, 2429], [1012, 2429], [1015, 2427], [1017, 2427], [1025, 2419], [1027, 2419], [1030, 2417], [1034, 2417], [1039, 2412], [1042, 2412], [1044, 2410], [1047, 2410], [1049, 2407], [1052, 2407], [1057, 2402], [1059, 2402], [1064, 2397], [1066, 2397], [1069, 2395], [1071, 2395], [1076, 2390], [1079, 2390], [1081, 2387], [1084, 2387], [1091, 2380], [1093, 2380], [1098, 2375], [1101, 2375], [1106, 2370], [1108, 2370], [1135, 2343], [1135, 2341], [1147, 2329], [1157, 2329], [1177, 2348], [1177, 2351], [1184, 2358], [1189, 2358], [1192, 2361], [1196, 2361], [1199, 2363], [1201, 2363], [1204, 2365], [1209, 2365], [1211, 2368], [1214, 2368], [1223, 2378], [1226, 2378], [1228, 2380], [1231, 2380], [1236, 2385], [1236, 2390], [1238, 2392], [1238, 2414], [1241, 2417], [1241, 2427], [1243, 2429], [1243, 2434], [1246, 2437], [1248, 2437], [1250, 2439], [1253, 2439], [1260, 2446], [1275, 2446], [1277, 2444], [1292, 2444], [1295, 2446], [1297, 2446], [1309, 2459], [1312, 2459], [1317, 2464], [1339, 2464], [1339, 2093], [1331, 2093], [1319, 2081], [1319, 2076], [1317, 2073], [1317, 2064], [1314, 2061], [1314, 2059], [1312, 2056], [1312, 2054], [1309, 2051], [1309, 2044], [1307, 2042], [1307, 2037], [1304, 2034], [1304, 2029], [1302, 2027], [1302, 2022], [1300, 2019], [1300, 2007], [1297, 2005], [1297, 1978], [1295, 1975], [1295, 1857], [1297, 1855], [1297, 1816], [1300, 1813], [1300, 1804], [1302, 1801], [1302, 1799], [1304, 1796], [1304, 1794], [1307, 1791], [1307, 1784], [1309, 1781], [1309, 1777], [1312, 1774], [1312, 1759], [1314, 1757], [1314, 1740], [1317, 1737], [1317, 1720], [1319, 1718], [1319, 1649], [1322, 1646], [1322, 1600], [1319, 1597], [1319, 1568], [1317, 1565], [1317, 1492], [1314, 1489], [1314, 1433], [1312, 1431], [1312, 1389], [1309, 1386], [1309, 1337], [1307, 1335], [1307, 1325], [1304, 1323], [1304, 1315], [1302, 1313], [1302, 1310], [1295, 1303], [1292, 1303], [1290, 1300], [1280, 1300], [1277, 1298], [1273, 1298], [1270, 1296], [1268, 1298], [1231, 1298], [1228, 1296], [1221, 1296], [1214, 1303], [1211, 1303], [1209, 1305], [1204, 1305], [1201, 1308], [1201, 1310], [1199, 1313], [1199, 1315], [1196, 1318], [1196, 1323], [1194, 1325], [1194, 1327], [1187, 1335], [1184, 1335], [1177, 1342], [1174, 1342], [1169, 1347], [1167, 1347], [1162, 1352], [1160, 1352], [1155, 1357], [1152, 1357], [1147, 1362], [1145, 1362], [1142, 1364], [1140, 1364], [1135, 1369], [1133, 1369], [1130, 1372], [1125, 1372], [1123, 1374], [1120, 1374], [1115, 1379], [1108, 1379], [1106, 1377], [1101, 1377], [1098, 1374], [1093, 1374], [1091, 1372], [1088, 1372], [1086, 1369], [1084, 1369], [1079, 1364], [1076, 1364], [1074, 1362], [1071, 1362], [1069, 1359], [1066, 1359], [1059, 1352], [1057, 1352], [1054, 1350], [1052, 1350], [1049, 1347], [1047, 1347], [1042, 1342], [1039, 1342], [1037, 1340], [1034, 1340], [1030, 1335], [1027, 1335], [1017, 1325], [1012, 1325], [1010, 1323], [1005, 1323], [1003, 1320], [1000, 1320], [995, 1315], [990, 1315], [988, 1313], [983, 1313], [980, 1310], [976, 1310], [973, 1308], [971, 1308], [968, 1305], [961, 1305], [958, 1303], [949, 1303], [946, 1300], [941, 1300], [939, 1298], [936, 1298], [934, 1296], [929, 1296], [926, 1293], [917, 1293], [914, 1291], [899, 1291], [897, 1288], [892, 1288], [890, 1286], [882, 1286], [880, 1283], [872, 1283], [870, 1281], [868, 1281], [865, 1278], [863, 1278], [860, 1276], [855, 1276], [853, 1273], [850, 1273], [845, 1269], [845, 1266], [843, 1264], [843, 1251], [487, 1251], [487, 1259], [495, 1266], [507, 1266], [509, 1269], [519, 1269], [522, 1266], [531, 1266], [534, 1264], [546, 1264], [549, 1266], [551, 1266], [553, 1269], [553, 1273], [556, 1276], [556, 1281], [544, 1293], [541, 1293], [539, 1296], [536, 1296], [534, 1298], [531, 1298], [526, 1303], [522, 1303], [519, 1305], [514, 1305], [512, 1308], [509, 1308], [507, 1310], [504, 1310], [502, 1313], [497, 1313], [495, 1315], [492, 1315], [487, 1320], [475, 1320], [472, 1323], [468, 1323], [465, 1325], [460, 1325], [458, 1327], [455, 1327], [453, 1330], [450, 1330], [445, 1335], [441, 1335], [436, 1340], [433, 1340], [428, 1345], [426, 1345], [423, 1347], [421, 1347], [418, 1350], [416, 1350], [414, 1352], [411, 1352], [406, 1357], [404, 1357], [401, 1359], [399, 1359], [396, 1362], [394, 1362], [391, 1364], [389, 1364], [387, 1367], [384, 1367], [382, 1369], [379, 1369], [374, 1374], [372, 1374], [364, 1381], [362, 1381], [347, 1396], [345, 1396], [340, 1401], [337, 1401], [330, 1408], [328, 1408], [323, 1413], [320, 1413], [315, 1418], [313, 1418], [298, 1433], [288, 1433], [281, 1440], [279, 1440], [271, 1433], [269, 1433], [266, 1431], [261, 1431], [256, 1426], [256, 1411], [254, 1408], [256, 1406], [256, 1404], [259, 1401], [259, 1396], [252, 1389], [244, 1389], [242, 1386], [234, 1386], [232, 1384], [217, 1384], [215, 1381], [210, 1381], [207, 1379], [202, 1379], [200, 1377], [198, 1377], [193, 1372], [166, 1372], [163, 1374], [158, 1374], [156, 1377], [153, 1377], [151, 1379], [139, 1379], [136, 1377], [131, 1377], [121, 1386], [121, 1394], [119, 1396], [119, 1404], [117, 1406], [117, 1423], [114, 1426], [114, 1438], [112, 1440], [104, 1440]]",0.86,ASOK_AMA003.jpg,ASOK_AMA003,Andhra Pradesh,Āndhradeśa,Amarāvatī,Pilier de balustrade avec médaillons lotiformes ; éléphants ; dévotion au stupa et ganas,1 A.D. ; 2 A.D. ; 3 A.D.,Stūpa ; balustrade ; pilier,bouddhisme,The British Museum,Maronet Léa
ASOK_UTT005_lotus_10229.png,lotus,"[[1229, 1850], [1229, 2774], [1243, 2774], [1250, 2780], [1253, 2780], [1256, 2784], [1287, 2784], [1291, 2780], [1297, 2780], [1301, 2777], [1311, 2777], [1315, 2774], [1321, 2774], [1325, 2770], [1332, 2770], [1335, 2767], [1342, 2767], [1345, 2763], [1352, 2763], [1356, 2760], [1359, 2760], [1362, 2757], [1366, 2757], [1369, 2753], [1376, 2753], [1380, 2750], [1383, 2750], [1386, 2746], [1390, 2746], [1393, 2743], [1397, 2743], [1400, 2739], [1407, 2739], [1410, 2736], [1414, 2736], [1417, 2733], [1421, 2733], [1424, 2729], [1427, 2729], [1431, 2726], [1434, 2726], [1438, 2722], [1441, 2722], [1444, 2719], [1448, 2719], [1451, 2715], [1455, 2715], [1458, 2712], [1462, 2712], [1468, 2705], [1472, 2705], [1479, 2698], [1482, 2698], [1486, 2695], [1492, 2695], [1496, 2692], [1509, 2692], [1513, 2688], [1516, 2692], [1530, 2692], [1533, 2695], [1537, 2695], [1540, 2698], [1547, 2698], [1550, 2702], [1554, 2702], [1557, 2705], [1561, 2705], [1564, 2709], [1568, 2709], [1571, 2712], [1578, 2712], [1581, 2715], [1585, 2715], [1588, 2719], [1592, 2719], [1595, 2722], [1602, 2722], [1605, 2726], [1609, 2726], [1612, 2729], [1615, 2729], [1622, 2736], [1626, 2736], [1629, 2739], [1636, 2739], [1639, 2743], [1646, 2743], [1650, 2746], [1660, 2746], [1663, 2750], [1694, 2750], [1697, 2753], [1745, 2753], [1749, 2757], [1783, 2757], [1786, 2760], [1841, 2760], [1845, 2763], [1879, 2763], [1882, 2760], [1913, 2760], [1916, 2757], [1933, 2757], [1937, 2753], [1957, 2753], [1961, 2750], [1978, 2750], [1981, 2746], [1995, 2746], [1998, 2743], [2005, 2743], [2009, 2739], [2019, 2739], [2022, 2736], [2026, 2736], [2029, 2733], [2033, 2733], [2036, 2729], [2039, 2729], [2043, 2726], [2046, 2726], [2050, 2722], [2056, 2722], [2060, 2719], [2067, 2719], [2070, 2715], [2080, 2715], [2084, 2712], [2121, 2712], [2125, 2715], [2139, 2715], [2142, 2719], [2149, 2719], [2152, 2722], [2159, 2722], [2173, 2736], [2176, 2736], [2183, 2743], [2186, 2743], [2197, 2753], [2200, 2753], [2214, 2767], [2217, 2767], [2224, 2774], [2227, 2774], [2231, 2777], [2234, 2777], [2238, 2780], [2241, 2780], [2245, 2784], [2248, 2784], [2251, 2787], [2255, 2787], [2258, 2791], [2265, 2791], [2268, 2794], [2272, 2794], [2275, 2798], [2275, 2808], [2368, 2808], [2368, 2791], [2371, 2787], [2371, 2712], [2374, 2709], [2374, 2678], [2378, 2674], [2378, 2661], [2381, 2657], [2381, 2637], [2385, 2633], [2385, 2534], [2388, 2531], [2388, 2500], [2392, 2497], [2392, 2438], [2395, 2435], [2395, 2425], [2398, 2421], [2398, 2418], [2402, 2415], [2402, 2411], [2405, 2408], [2415, 2408], [2415, 1816], [2405, 1816], [2398, 1809], [2398, 1802], [2395, 1799], [2395, 1796], [2392, 1792], [2392, 1789], [2388, 1785], [2374, 1785], [2368, 1778], [2364, 1778], [2357, 1772], [2351, 1772], [2344, 1765], [2340, 1765], [2337, 1761], [2330, 1761], [2327, 1758], [2323, 1758], [2320, 1754], [2320, 1741], [2323, 1737], [2330, 1737], [2340, 1727], [2340, 1724], [2344, 1720], [2344, 1717], [2347, 1713], [2347, 1710], [2351, 1707], [2351, 1693], [2344, 1686], [2303, 1686], [2299, 1689], [2286, 1689], [2282, 1686], [2275, 1686], [2272, 1689], [2251, 1689], [2248, 1686], [2210, 1686], [2207, 1683], [2204, 1683], [2200, 1679], [2197, 1679], [2193, 1676], [2186, 1676], [2183, 1672], [2176, 1672], [2173, 1669], [2169, 1669], [2166, 1666], [2162, 1666], [2159, 1662], [2156, 1662], [2149, 1655], [2145, 1655], [2139, 1648], [2135, 1648], [2121, 1635], [2118, 1635], [2101, 1618], [2098, 1618], [2094, 1614], [2087, 1614], [2080, 1607], [2077, 1607], [2074, 1604], [2070, 1604], [2063, 1597], [2060, 1597], [2056, 1594], [2053, 1594], [2050, 1590], [2046, 1590], [2043, 1587], [2036, 1587], [2033, 1583], [2015, 1583], [2012, 1580], [2005, 1580], [2002, 1577], [1992, 1577], [1988, 1573], [1981, 1573], [1978, 1570], [1974, 1570], [1968, 1563], [1968, 1553], [1708, 1553], [1708, 1563], [1704, 1566], [1701, 1566], [1697, 1570], [1687, 1570], [1684, 1573], [1674, 1573], [1670, 1577], [1663, 1577], [1660, 1580], [1650, 1580], [1646, 1583], [1636, 1583], [1633, 1587], [1626, 1587], [1622, 1590], [1615, 1590], [1612, 1594], [1609, 1594], [1605, 1597], [1602, 1597], [1598, 1601], [1592, 1601], [1588, 1604], [1585, 1604], [1581, 1607], [1574, 1607], [1571, 1611], [1568, 1611], [1564, 1614], [1561, 1614], [1557, 1618], [1554, 1618], [1550, 1621], [1547, 1621], [1544, 1624], [1537, 1624], [1533, 1628], [1520, 1628], [1516, 1631], [1513, 1628], [1503, 1628], [1499, 1624], [1492, 1624], [1486, 1618], [1482, 1618], [1472, 1607], [1465, 1607], [1462, 1604], [1458, 1604], [1448, 1594], [1448, 1590], [1434, 1577], [1431, 1577], [1421, 1566], [1421, 1553], [1318, 1553], [1318, 1566], [1311, 1573], [1294, 1573], [1287, 1580], [1287, 1597], [1291, 1601], [1291, 1618], [1280, 1628], [1270, 1628], [1267, 1631], [1267, 1642], [1263, 1645], [1263, 1648], [1260, 1652], [1260, 1659], [1256, 1662], [1256, 1672], [1253, 1676], [1253, 1696], [1250, 1700], [1250, 1703], [1253, 1707], [1253, 1717], [1250, 1720], [1250, 1768], [1253, 1772], [1253, 1816], [1250, 1819], [1250, 1837], [1246, 1840], [1246, 1843], [1239, 1850], [1229, 1850]]",0.87,ASOK_UTT005.JPG,ASOK_UTT005,Uttar Pradesh,Mathurā,Jamalpur,Balustrade avec médaillons lotiformes,1 A.D. ; 2 A.D.,Balustrade ; pilier,indéterminée,Lucknow State Museum,Maronet Léa
ASOK_UTT005_lotus_10230.png,lotus,"[[1202, 3174], [1202, 4367], [1277, 4367], [1277, 4357], [1280, 4354], [1284, 4354], [1287, 4350], [1294, 4350], [1297, 4347], [1308, 4347], [1311, 4343], [1315, 4343], [1318, 4340], [1321, 4340], [1325, 4337], [1332, 4337], [1335, 4333], [1339, 4333], [1342, 4330], [1345, 4330], [1352, 4323], [1359, 4323], [1366, 4316], [1369, 4316], [1376, 4309], [1380, 4309], [1383, 4306], [1386, 4306], [1393, 4299], [1397, 4299], [1407, 4289], [1410, 4289], [1417, 4282], [1421, 4282], [1424, 4278], [1427, 4278], [1434, 4272], [1438, 4272], [1441, 4268], [1444, 4268], [1448, 4265], [1451, 4265], [1458, 4258], [1492, 4258], [1496, 4261], [1499, 4261], [1503, 4265], [1506, 4265], [1509, 4268], [1513, 4268], [1516, 4272], [1523, 4272], [1527, 4275], [1530, 4275], [1533, 4278], [1537, 4278], [1540, 4282], [1554, 4282], [1557, 4285], [1564, 4285], [1568, 4289], [1571, 4289], [1574, 4292], [1585, 4292], [1588, 4296], [1598, 4296], [1602, 4299], [1615, 4299], [1619, 4302], [1629, 4302], [1633, 4306], [1656, 4306], [1660, 4309], [1694, 4309], [1697, 4313], [1807, 4313], [1810, 4309], [1845, 4309], [1848, 4306], [1868, 4306], [1872, 4302], [1889, 4302], [1892, 4299], [1906, 4299], [1909, 4296], [1920, 4296], [1923, 4292], [1933, 4292], [1937, 4289], [1944, 4289], [1947, 4285], [1957, 4285], [1961, 4282], [1968, 4282], [1971, 4278], [1978, 4278], [1981, 4275], [1985, 4275], [1988, 4272], [1995, 4272], [1998, 4268], [2005, 4268], [2009, 4265], [2019, 4265], [2022, 4261], [2026, 4261], [2029, 4258], [2036, 4258], [2039, 4254], [2074, 4254], [2077, 4258], [2080, 4258], [2087, 4265], [2091, 4265], [2108, 4282], [2115, 4282], [2125, 4292], [2128, 4292], [2132, 4296], [2135, 4296], [2142, 4302], [2145, 4302], [2149, 4306], [2152, 4306], [2156, 4309], [2159, 4309], [2162, 4313], [2166, 4313], [2173, 4319], [2180, 4319], [2183, 4323], [2190, 4323], [2193, 4326], [2200, 4326], [2204, 4330], [2210, 4330], [2214, 4333], [2221, 4333], [2224, 4337], [2272, 4337], [2275, 4333], [2279, 4333], [2286, 4326], [2286, 4323], [2289, 4319], [2289, 4241], [2292, 4237], [2292, 4207], [2296, 4203], [2296, 4169], [2299, 4166], [2299, 4148], [2303, 4145], [2303, 4125], [2306, 4121], [2306, 4118], [2316, 4107], [2316, 4087], [2320, 4083], [2316, 4080], [2316, 4073], [2313, 4070], [2313, 4039], [2309, 4036], [2309, 3991], [2306, 3988], [2306, 3943], [2303, 3940], [2303, 3902], [2299, 3899], [2299, 3848], [2303, 3844], [2303, 3772], [2306, 3769], [2306, 3707], [2309, 3704], [2309, 3673], [2313, 3670], [2313, 3649], [2316, 3646], [2316, 3625], [2320, 3622], [2320, 3615], [2323, 3612], [2333, 3612], [2333, 3157], [2316, 3157], [2313, 3160], [2299, 3160], [2296, 3164], [2289, 3164], [2286, 3160], [2279, 3160], [2275, 3164], [2272, 3164], [2268, 3167], [2268, 3170], [2265, 3174], [2265, 3177], [2258, 3184], [2255, 3184], [2251, 3187], [2248, 3187], [2245, 3191], [2224, 3191], [2217, 3198], [2217, 3201], [2200, 3218], [2200, 3225], [2197, 3228], [2197, 3235], [2183, 3249], [2183, 3252], [2166, 3270], [2166, 3273], [2149, 3290], [2145, 3290], [2128, 3307], [2121, 3307], [2118, 3311], [2098, 3311], [2094, 3307], [2087, 3307], [2080, 3300], [2077, 3300], [2067, 3290], [2063, 3290], [2033, 3259], [2029, 3259], [2022, 3252], [2019, 3252], [2012, 3246], [2009, 3246], [2005, 3242], [2002, 3242], [1998, 3239], [1995, 3239], [1992, 3235], [1988, 3235], [1985, 3232], [1978, 3232], [1974, 3228], [1971, 3228], [1968, 3225], [1957, 3225], [1954, 3222], [1940, 3222], [1937, 3218], [1899, 3218], [1896, 3215], [1879, 3215], [1875, 3211], [1845, 3211], [1841, 3208], [1838, 3208], [1827, 3198], [1824, 3198], [1821, 3194], [1824, 3191], [1827, 3191], [1831, 3187], [1834, 3187], [1838, 3184], [1841, 3184], [1845, 3181], [1862, 3181], [1865, 3177], [1882, 3177], [1889, 3170], [1889, 3167], [1892, 3164], [1892, 3140], [1752, 3140], [1752, 3150], [1766, 3164], [1773, 3164], [1776, 3167], [1776, 3170], [1780, 3174], [1780, 3181], [1790, 3191], [1790, 3194], [1783, 3201], [1780, 3201], [1776, 3205], [1759, 3205], [1756, 3208], [1728, 3208], [1725, 3211], [1697, 3211], [1694, 3215], [1677, 3215], [1674, 3218], [1670, 3218], [1667, 3222], [1653, 3222], [1650, 3225], [1646, 3225], [1643, 3228], [1636, 3228], [1633, 3232], [1622, 3232], [1619, 3235], [1605, 3235], [1602, 3239], [1588, 3239], [1585, 3242], [1574, 3242], [1571, 3246], [1561, 3246], [1557, 3249], [1533, 3249], [1530, 3252], [1475, 3252], [1472, 3249], [1465, 3249], [1462, 3246], [1455, 3246], [1451, 3242], [1444, 3242], [1441, 3239], [1438, 3239], [1434, 3235], [1431, 3235], [1417, 3222], [1414, 3222], [1407, 3215], [1403, 3215], [1400, 3211], [1400, 3208], [1359, 3167], [1356, 3167], [1349, 3160], [1345, 3160], [1335, 3150], [1335, 3140], [1222, 3140], [1222, 3153], [1219, 3157], [1219, 3164], [1215, 3167], [1215, 3170], [1212, 3174], [1202, 3174]]",0.89,ASOK_UTT005.JPG,ASOK_UTT005,Uttar Pradesh,Mathurā,Jamalpur,Balustrade avec médaillons lotiformes,1 A.D. ; 2 A.D.,Balustrade ; pilier,indéterminée,Lucknow State Museum,Maronet Léa
ASOK_MAT051d_lotus_10493.png,lotus,"[[3523, 1369], [3523, 1479], [3533, 1479], [3540, 1486], [3540, 1492], [3543, 1496], [3543, 1499], [3547, 1503], [3547, 1506], [3553, 1513], [3553, 1516], [3577, 1540], [3581, 1540], [3588, 1547], [3591, 1547], [3601, 1557], [3605, 1557], [3615, 1568], [3618, 1568], [3625, 1574], [3629, 1574], [3632, 1578], [3635, 1578], [3639, 1581], [3642, 1581], [3646, 1585], [3649, 1585], [3653, 1588], [3659, 1588], [3663, 1592], [3670, 1592], [3673, 1595], [3676, 1595], [3680, 1598], [3680, 1609], [3762, 1609], [3762, 1598], [3765, 1595], [3769, 1595], [3772, 1592], [3786, 1592], [3789, 1588], [3800, 1588], [3803, 1585], [3813, 1585], [3817, 1581], [3824, 1581], [3830, 1574], [3834, 1574], [3837, 1571], [3841, 1571], [3844, 1568], [3848, 1568], [3858, 1557], [3861, 1557], [3871, 1547], [3875, 1547], [3878, 1544], [3878, 1540], [3906, 1513], [3906, 1509], [3912, 1503], [3912, 1499], [3933, 1479], [3933, 1475], [3940, 1468], [3940, 1465], [3947, 1458], [3947, 1455], [3954, 1448], [3954, 1444], [3964, 1434], [3964, 1431], [3974, 1421], [3974, 1417], [3984, 1407], [3984, 1403], [3995, 1393], [3995, 1390], [4022, 1362], [4022, 1359], [4029, 1352], [4029, 1345], [4032, 1342], [4032, 1328], [4036, 1325], [4036, 1315], [4039, 1311], [4039, 1294], [4042, 1291], [4053, 1291], [4053, 1239], [4042, 1239], [4039, 1236], [4039, 1209], [4042, 1205], [4053, 1205], [4053, 997], [3858, 997], [3858, 1007], [3851, 1014], [3848, 1014], [3844, 1017], [3841, 1017], [3834, 1024], [3830, 1024], [3827, 1027], [3824, 1027], [3820, 1031], [3817, 1031], [3810, 1038], [3806, 1038], [3796, 1048], [3793, 1048], [3789, 1051], [3786, 1051], [3783, 1055], [3779, 1055], [3769, 1065], [3765, 1065], [3759, 1072], [3755, 1072], [3748, 1079], [3745, 1079], [3731, 1092], [3728, 1092], [3721, 1099], [3718, 1099], [3711, 1106], [3707, 1106], [3687, 1127], [3683, 1127], [3676, 1133], [3673, 1133], [3656, 1150], [3653, 1150], [3642, 1161], [3639, 1161], [3625, 1174], [3622, 1174], [3615, 1181], [3612, 1181], [3601, 1191], [3598, 1191], [3591, 1198], [3591, 1202], [3588, 1205], [3588, 1212], [3584, 1215], [3584, 1222], [3581, 1226], [3581, 1233], [3577, 1236], [3577, 1250], [3574, 1253], [3574, 1263], [3570, 1267], [3570, 1274], [3567, 1277], [3567, 1287], [3564, 1291], [3564, 1294], [3560, 1297], [3560, 1304], [3557, 1308], [3557, 1315], [3553, 1318], [3553, 1321], [3550, 1325], [3550, 1332], [3547, 1335], [3547, 1342], [3543, 1345], [3543, 1349], [3540, 1352], [3540, 1359], [3536, 1362], [3536, 1366], [3533, 1369], [3523, 1369]]",0.65,ASOK_MAT051d.JPG,ASOK_MAT051d,Uttar Pradesh,Mathurā,Mathurā,Montant de porte avec scènes,1 A.D.,Montant de porte,indéterminée,Lucknow State Museum,Maronet Léa
ASOK_NAG048_lotus_10501.png,lotus,"[[1019, 611], [1019, 845], [1630, 845], [1630, 611], [1019, 611]]",0.93,ASOK_NAG048.JPG,ASOK_NAG048,Andhra Pradesh,Āndhradeśa,Nāgārjunakoṇḍa,,3 A.D.,Stūpa ; panneau,bouddhisme,Nagarjunakonda Archaeological Museum,Maronet Léa
ASOK_NAG048_lotus_10502.png,lotus,"[[1909, 622], [1909, 849], [2501, 849], [2501, 622], [1909, 622]]",0.96,ASOK_NAG048.JPG,ASOK_NAG048,Andhra Pradesh,Āndhradeśa,Nāgārjunakoṇḍa,,3 A.D.,Stūpa ; panneau,bouddhisme,Nagarjunakonda Archaeological Museum,Maronet Léa
ASOK_NAG048_lotus_10503.png,lotus,"[[2700, 636], [2700, 848], [3259, 848], [3259, 636], [2700, 636]]",0.89,ASOK_NAG048.JPG,ASOK_NAG048,Andhra Pradesh,Āndhradeśa,Nāgārjunakoṇḍa,,3 A.D.,Stūpa ; panneau,bouddhisme,Nagarjunakonda Archaeological Museum,Maronet Léa
ASOK_NAG048_éléphant_10504.png,éléphant,"[[1477, 1777], [1477, 2306], [1487, 2306], [1497, 2316], [1499, 2316], [1504, 2321], [1507, 2321], [1509, 2323], [1515, 2323], [1517, 2326], [1525, 2326], [1527, 2328], [1550, 2328], [1552, 2331], [1613, 2331], [1615, 2328], [1620, 2328], [1623, 2326], [1628, 2326], [1630, 2323], [1633, 2323], [1635, 2321], [1638, 2321], [1651, 2308], [1653, 2308], [1656, 2306], [1656, 2303], [1658, 2301], [1658, 2296], [1661, 2293], [1661, 2271], [1663, 2268], [1663, 2263], [1666, 2260], [1666, 2255], [1668, 2253], [1668, 2248], [1671, 2245], [1671, 2238], [1673, 2235], [1673, 2223], [1676, 2220], [1676, 2213], [1683, 2205], [1683, 2200], [1686, 2197], [1686, 2195], [1693, 2187], [1693, 2185], [1698, 2180], [1704, 2185], [1704, 2192], [1706, 2195], [1706, 2200], [1709, 2202], [1709, 2205], [1714, 2205], [1719, 2210], [1719, 2213], [1716, 2215], [1711, 2215], [1709, 2218], [1709, 2220], [1706, 2223], [1706, 2230], [1704, 2233], [1704, 2245], [1706, 2248], [1706, 2253], [1709, 2255], [1709, 2258], [1714, 2263], [1716, 2263], [1719, 2265], [1729, 2265], [1731, 2268], [1739, 2268], [1741, 2265], [1749, 2265], [1751, 2263], [1759, 2263], [1761, 2260], [1761, 2255], [1759, 2253], [1761, 2250], [1777, 2250], [1782, 2255], [1782, 2260], [1784, 2260], [1787, 2263], [1797, 2263], [1799, 2265], [1802, 2265], [1804, 2268], [1804, 2273], [1807, 2276], [1807, 2278], [1812, 2283], [1817, 2283], [1822, 2288], [1827, 2288], [1830, 2291], [1850, 2291], [1852, 2288], [1865, 2288], [1867, 2286], [1882, 2286], [1887, 2281], [1903, 2281], [1905, 2278], [1910, 2278], [1913, 2281], [1915, 2281], [1918, 2283], [1920, 2283], [1923, 2286], [1925, 2286], [1928, 2288], [1933, 2288], [1935, 2291], [1943, 2291], [1945, 2293], [1968, 2293], [1971, 2296], [1996, 2296], [1998, 2298], [2019, 2298], [2021, 2301], [2039, 2301], [2041, 2303], [2049, 2303], [2051, 2306], [2059, 2306], [2061, 2308], [2064, 2308], [2069, 2313], [2071, 2313], [2074, 2316], [2076, 2316], [2082, 2321], [2087, 2321], [2089, 2323], [2094, 2323], [2097, 2326], [2107, 2326], [2109, 2328], [2119, 2328], [2122, 2331], [2167, 2331], [2170, 2328], [2175, 2328], [2177, 2326], [2180, 2326], [2190, 2316], [2190, 2311], [2192, 2308], [2192, 2291], [2195, 2288], [2195, 2268], [2197, 2265], [2197, 2238], [2200, 2235], [2200, 2225], [2202, 2223], [2202, 2215], [2205, 2213], [2205, 2205], [2208, 2202], [2208, 2195], [2210, 2192], [2210, 2187], [2213, 2185], [2213, 2180], [2215, 2177], [2215, 2170], [2218, 2167], [2218, 2160], [2220, 2157], [2220, 2155], [2223, 2152], [2223, 2150], [2228, 2145], [2228, 2142], [2243, 2127], [2245, 2127], [2248, 2124], [2250, 2124], [2253, 2122], [2260, 2122], [2263, 2124], [2273, 2124], [2276, 2127], [2278, 2127], [2288, 2137], [2291, 2137], [2301, 2147], [2303, 2147], [2306, 2150], [2306, 2152], [2311, 2157], [2311, 2160], [2326, 2175], [2326, 2177], [2336, 2187], [2336, 2190], [2349, 2202], [2349, 2205], [2354, 2210], [2354, 2213], [2356, 2215], [2356, 2220], [2359, 2223], [2359, 2228], [2361, 2230], [2361, 2250], [2364, 2253], [2364, 2265], [2361, 2268], [2361, 2273], [2364, 2276], [2364, 2286], [2366, 2288], [2366, 2291], [2371, 2296], [2371, 2298], [2374, 2298], [2376, 2301], [2386, 2301], [2389, 2303], [2404, 2303], [2407, 2306], [2444, 2306], [2447, 2308], [2578, 2308], [2580, 2306], [2583, 2306], [2586, 2303], [2586, 2296], [2588, 2293], [2586, 2291], [2586, 2286], [2583, 2283], [2583, 2265], [2580, 2263], [2580, 2250], [2578, 2248], [2578, 2243], [2575, 2240], [2575, 2238], [2573, 2235], [2573, 2233], [2570, 2230], [2570, 2228], [2568, 2225], [2568, 2223], [2565, 2220], [2565, 2215], [2563, 2213], [2563, 2208], [2565, 2205], [2565, 2185], [2568, 2182], [2568, 2165], [2570, 2162], [2570, 2152], [2573, 2150], [2573, 2145], [2575, 2142], [2575, 2134], [2578, 2132], [2578, 2124], [2580, 2122], [2580, 2107], [2583, 2104], [2583, 2097], [2586, 2094], [2586, 2046], [2588, 2044], [2588, 2029], [2591, 2026], [2591, 2021], [2593, 2019], [2593, 2003], [2596, 2001], [2596, 1988], [2593, 1986], [2593, 1981], [2591, 1978], [2591, 1976], [2593, 1973], [2593, 1968], [2591, 1966], [2591, 1950], [2593, 1948], [2593, 1943], [2596, 1940], [2596, 1898], [2601, 1893], [2601, 1890], [2603, 1887], [2603, 1885], [2606, 1882], [2613, 1882], [2613, 1759], [2606, 1759], [2603, 1756], [2603, 1719], [2606, 1716], [2613, 1716], [2613, 1696], [2606, 1696], [2603, 1693], [2603, 1676], [2601, 1673], [2601, 1663], [2598, 1661], [2598, 1653], [2596, 1651], [2596, 1646], [2593, 1643], [2593, 1638], [2591, 1635], [2591, 1630], [2588, 1628], [2588, 1625], [2586, 1623], [2586, 1620], [2578, 1613], [2578, 1610], [2550, 1583], [2550, 1580], [2545, 1575], [2545, 1572], [2540, 1567], [2540, 1565], [2535, 1560], [2535, 1557], [2525, 1547], [2525, 1545], [2523, 1542], [2523, 1540], [2520, 1537], [2520, 1535], [2517, 1532], [2517, 1530], [2515, 1527], [2515, 1525], [2512, 1522], [2512, 1520], [2510, 1517], [2510, 1515], [2507, 1512], [2507, 1507], [2505, 1504], [2505, 1499], [2502, 1497], [2502, 1492], [2500, 1489], [2500, 1484], [2497, 1482], [2497, 1474], [2495, 1472], [2495, 1467], [2492, 1464], [2495, 1462], [2495, 1454], [2492, 1452], [2492, 1449], [2480, 1436], [2480, 1434], [2475, 1429], [2472, 1429], [2467, 1424], [2462, 1424], [2457, 1419], [2449, 1419], [2447, 1416], [2442, 1416], [2437, 1411], [2434, 1411], [2429, 1406], [2427, 1406], [2424, 1404], [2424, 1401], [2419, 1396], [2419, 1394], [2417, 1391], [2417, 1389], [2414, 1386], [2414, 1383], [2409, 1378], [2409, 1373], [2407, 1371], [2407, 1366], [2404, 1363], [2404, 1361], [2402, 1358], [2402, 1356], [2399, 1353], [2399, 1348], [2397, 1346], [2397, 1343], [2404, 1336], [2404, 1326], [2205, 1326], [2205, 1333], [2195, 1343], [2192, 1343], [2160, 1376], [2160, 1378], [2157, 1381], [2157, 1383], [2142, 1399], [2142, 1401], [2129, 1414], [2127, 1414], [2124, 1416], [2122, 1416], [2119, 1419], [2117, 1419], [2112, 1424], [2109, 1424], [2107, 1426], [2104, 1426], [2102, 1429], [2099, 1429], [2097, 1431], [2094, 1431], [2089, 1436], [2079, 1436], [2076, 1439], [2066, 1439], [2064, 1441], [2059, 1441], [2056, 1444], [2051, 1444], [2049, 1446], [2046, 1446], [2044, 1449], [2039, 1449], [2036, 1452], [2034, 1452], [2031, 1454], [2029, 1454], [2026, 1457], [2019, 1457], [2016, 1459], [2003, 1459], [2001, 1462], [1991, 1462], [1988, 1464], [1978, 1464], [1976, 1467], [1968, 1467], [1966, 1469], [1956, 1469], [1953, 1472], [1940, 1472], [1938, 1474], [1915, 1474], [1913, 1477], [1903, 1477], [1900, 1479], [1893, 1479], [1890, 1482], [1880, 1482], [1877, 1484], [1865, 1484], [1862, 1487], [1855, 1487], [1852, 1489], [1850, 1489], [1847, 1492], [1842, 1492], [1840, 1494], [1835, 1494], [1832, 1497], [1827, 1497], [1824, 1499], [1822, 1499], [1819, 1502], [1817, 1502], [1814, 1504], [1807, 1504], [1802, 1509], [1799, 1509], [1794, 1515], [1789, 1515], [1782, 1522], [1779, 1522], [1777, 1525], [1772, 1525], [1769, 1527], [1764, 1527], [1756, 1535], [1751, 1535], [1749, 1537], [1746, 1537], [1746, 1540], [1744, 1542], [1741, 1542], [1739, 1545], [1736, 1545], [1734, 1547], [1729, 1547], [1724, 1552], [1721, 1552], [1719, 1555], [1716, 1555], [1714, 1557], [1711, 1557], [1704, 1565], [1698, 1565], [1696, 1567], [1691, 1567], [1688, 1570], [1686, 1570], [1683, 1572], [1681, 1572], [1678, 1575], [1676, 1575], [1673, 1578], [1671, 1578], [1668, 1580], [1666, 1580], [1663, 1583], [1661, 1583], [1658, 1585], [1653, 1585], [1651, 1588], [1648, 1588], [1635, 1600], [1633, 1600], [1630, 1603], [1628, 1603], [1623, 1608], [1620, 1608], [1620, 1610], [1618, 1613], [1615, 1613], [1605, 1623], [1603, 1623], [1590, 1635], [1588, 1635], [1545, 1678], [1545, 1681], [1542, 1683], [1542, 1686], [1537, 1691], [1537, 1693], [1530, 1701], [1530, 1704], [1527, 1706], [1527, 1709], [1522, 1714], [1522, 1716], [1520, 1719], [1520, 1721], [1517, 1724], [1517, 1726], [1512, 1731], [1512, 1734], [1509, 1736], [1509, 1739], [1507, 1741], [1507, 1744], [1504, 1746], [1504, 1749], [1499, 1754], [1499, 1756], [1494, 1761], [1494, 1764], [1489, 1769], [1489, 1772], [1484, 1777], [1477, 1777]]",0.97,ASOK_NAG048.JPG,ASOK_NAG048,Andhra Pradesh,Āndhradeśa,Nāgārjunakoṇḍa,,3 A.D.,Stūpa ; panneau,bouddhisme,Nagarjunakonda Archaeological Museum,Maronet Léa
ASOK_MAT051d_lotus_10505.png,lotus,"[[2168, 1260], [2168, 1468], [2182, 1468], [2189, 1462], [2196, 1462], [2223, 1489], [2223, 1492], [2230, 1499], [2230, 1503], [2244, 1516], [2244, 1520], [2264, 1540], [2267, 1540], [2278, 1550], [2281, 1550], [2288, 1557], [2291, 1557], [2298, 1564], [2302, 1564], [2308, 1571], [2312, 1571], [2319, 1578], [2322, 1578], [2329, 1585], [2332, 1585], [2336, 1588], [2339, 1588], [2343, 1592], [2346, 1592], [2350, 1595], [2353, 1595], [2356, 1598], [2360, 1598], [2363, 1602], [2370, 1602], [2373, 1605], [2380, 1605], [2384, 1609], [2391, 1609], [2394, 1612], [2401, 1612], [2404, 1615], [2415, 1615], [2418, 1619], [2425, 1619], [2428, 1622], [2442, 1622], [2445, 1626], [2459, 1626], [2462, 1629], [2473, 1629], [2476, 1633], [2486, 1633], [2490, 1636], [2500, 1636], [2503, 1639], [2507, 1639], [2514, 1646], [2517, 1646], [2527, 1656], [2527, 1660], [2531, 1663], [2531, 1684], [2534, 1687], [2534, 1701], [2538, 1704], [2538, 1718], [2640, 1718], [2640, 1708], [2647, 1701], [2657, 1701], [2661, 1697], [2664, 1697], [2668, 1694], [2671, 1694], [2674, 1691], [2685, 1691], [2692, 1684], [2692, 1680], [2695, 1677], [2695, 1674], [2698, 1670], [2698, 1667], [2705, 1660], [2705, 1656], [2719, 1643], [2722, 1643], [2729, 1636], [2739, 1636], [2743, 1633], [2757, 1633], [2760, 1629], [2770, 1629], [2774, 1626], [2784, 1626], [2787, 1622], [2815, 1622], [2818, 1619], [2897, 1619], [2900, 1615], [2914, 1615], [2917, 1612], [2931, 1612], [2934, 1609], [2938, 1609], [2945, 1602], [2948, 1602], [2951, 1598], [2958, 1598], [2965, 1592], [2969, 1592], [2972, 1588], [2979, 1588], [2982, 1585], [2986, 1585], [2989, 1581], [2992, 1581], [2996, 1578], [2999, 1578], [3010, 1568], [3013, 1568], [3037, 1544], [3037, 1540], [3044, 1533], [3044, 1530], [3047, 1527], [3047, 1520], [3051, 1516], [3051, 1513], [3054, 1509], [3054, 1506], [3057, 1503], [3057, 1492], [3061, 1489], [3061, 1479], [3064, 1475], [3064, 1462], [3068, 1458], [3068, 1444], [3071, 1441], [3071, 1434], [3075, 1431], [3075, 1427], [3078, 1424], [3078, 1421], [3081, 1417], [3081, 1414], [3085, 1410], [3085, 1407], [3092, 1400], [3092, 1397], [3095, 1393], [3095, 1390], [3099, 1386], [3099, 1383], [3102, 1380], [3102, 1376], [3112, 1366], [3112, 1362], [3116, 1359], [3116, 1352], [3119, 1349], [3119, 1345], [3122, 1342], [3122, 1339], [3126, 1335], [3126, 1332], [3129, 1328], [3129, 1321], [3133, 1318], [3133, 1311], [3140, 1304], [3150, 1304], [3150, 1274], [3140, 1274], [3136, 1270], [3136, 1267], [3133, 1263], [3133, 1260], [3129, 1256], [3129, 1250], [3126, 1246], [3126, 1243], [3122, 1239], [3122, 1233], [3119, 1229], [3119, 1222], [3116, 1219], [3116, 1215], [3112, 1212], [3112, 1209], [3105, 1202], [3105, 1198], [3092, 1185], [3092, 1181], [3064, 1154], [3064, 1150], [3061, 1147], [3061, 1144], [3034, 1116], [3034, 1113], [3030, 1109], [3030, 1106], [3010, 1086], [3010, 1082], [2989, 1062], [2986, 1062], [2982, 1058], [2979, 1058], [2975, 1055], [2969, 1055], [2962, 1048], [2962, 1038], [2770, 1038], [2770, 1048], [2767, 1051], [2757, 1051], [2753, 1055], [2722, 1055], [2719, 1058], [2705, 1058], [2702, 1062], [2644, 1062], [2640, 1058], [2627, 1058], [2623, 1055], [2616, 1055], [2613, 1051], [2609, 1051], [2606, 1048], [2606, 1038], [2305, 1038], [2305, 1048], [2298, 1055], [2295, 1055], [2288, 1062], [2285, 1062], [2281, 1065], [2278, 1065], [2271, 1072], [2267, 1072], [2261, 1079], [2261, 1082], [2257, 1086], [2257, 1089], [2254, 1092], [2254, 1099], [2250, 1103], [2250, 1106], [2247, 1109], [2247, 1113], [2244, 1116], [2244, 1120], [2240, 1123], [2240, 1127], [2237, 1130], [2237, 1133], [2233, 1137], [2233, 1140], [2223, 1150], [2223, 1154], [2220, 1157], [2220, 1161], [2216, 1164], [2216, 1168], [2213, 1171], [2213, 1174], [2206, 1181], [2206, 1185], [2202, 1188], [2202, 1191], [2199, 1195], [2199, 1198], [2196, 1202], [2196, 1205], [2192, 1209], [2192, 1212], [2189, 1215], [2189, 1226], [2185, 1229], [2185, 1239], [2182, 1243], [2182, 1256], [2179, 1260], [2168, 1260]]",0.57,ASOK_MAT051d.JPG,ASOK_MAT051d,Uttar Pradesh,Mathurā,Mathurā,Montant de porte avec scènes,1 A.D.,Montant de porte,indéterminée,Lucknow State Museum,Maronet Léa
ASOK_MAT051d_lotus_10506.png,lotus,"[[3126, 1667], [3126, 2145], [3136, 2145], [3143, 2152], [3143, 2156], [3146, 2159], [3146, 2162], [3150, 2166], [3150, 2169], [3153, 2173], [3153, 2180], [3157, 2183], [3157, 2197], [3160, 2200], [3160, 2204], [3164, 2207], [3164, 2210], [3167, 2214], [3167, 2217], [3170, 2221], [3170, 2224], [3174, 2227], [3174, 2231], [3177, 2234], [3177, 2238], [3181, 2241], [3181, 2245], [3194, 2258], [3198, 2258], [3208, 2268], [3208, 2275], [3211, 2279], [3211, 2282], [3215, 2286], [3215, 2292], [3218, 2296], [3218, 2309], [3222, 2313], [3225, 2313], [3228, 2309], [3263, 2309], [3263, 2306], [3266, 2303], [3270, 2303], [3273, 2299], [3314, 2299], [3317, 2303], [3328, 2303], [3331, 2306], [3334, 2306], [3338, 2309], [3341, 2309], [3345, 2313], [3355, 2313], [3358, 2316], [3362, 2316], [3365, 2320], [3365, 2337], [3362, 2340], [3362, 2344], [3348, 2357], [3348, 2361], [3345, 2364], [3345, 2368], [3348, 2371], [3348, 2378], [3345, 2381], [3345, 2392], [3348, 2395], [3348, 2398], [3352, 2402], [3352, 2405], [3355, 2409], [3355, 2412], [3358, 2415], [3358, 2419], [3376, 2436], [3379, 2436], [3382, 2439], [3386, 2439], [3389, 2443], [3389, 2446], [3393, 2450], [3393, 2453], [3396, 2457], [3396, 2460], [3393, 2463], [3389, 2463], [3386, 2467], [3355, 2467], [3352, 2470], [3345, 2470], [3341, 2474], [3334, 2474], [3341, 2480], [3345, 2480], [3348, 2484], [3348, 2498], [3827, 2498], [3827, 2484], [3830, 2480], [3830, 2470], [3824, 2463], [3793, 2463], [3786, 2457], [3786, 2429], [3796, 2419], [3817, 2419], [3820, 2422], [3827, 2415], [3827, 2402], [3830, 2398], [3830, 2395], [3834, 2392], [3834, 2388], [3827, 2381], [3824, 2381], [3820, 2378], [3820, 2371], [3824, 2368], [3824, 2361], [3820, 2357], [3820, 2323], [3830, 2313], [3834, 2313], [3841, 2306], [3844, 2306], [3848, 2303], [3851, 2303], [3854, 2299], [3861, 2299], [3865, 2296], [3868, 2296], [3871, 2292], [3875, 2292], [3878, 2289], [3885, 2289], [3889, 2286], [3895, 2286], [3899, 2282], [3902, 2282], [3906, 2279], [3912, 2279], [3916, 2275], [3923, 2275], [3926, 2272], [3933, 2272], [3936, 2268], [3940, 2268], [3943, 2265], [3947, 2265], [3950, 2262], [3954, 2262], [3960, 2255], [3964, 2255], [3967, 2251], [3971, 2251], [3974, 2248], [3977, 2248], [3981, 2245], [3984, 2245], [3988, 2241], [3991, 2241], [3998, 2234], [4001, 2234], [4025, 2210], [4025, 2207], [4029, 2204], [4029, 2197], [4032, 2193], [4032, 2169], [4036, 2166], [4036, 2108], [4032, 2104], [4032, 2087], [4029, 2084], [4029, 2070], [4025, 2067], [4025, 2053], [4022, 2050], [4022, 2015], [4025, 2012], [4025, 2002], [4029, 1998], [4029, 1985], [4032, 1981], [4032, 1954], [4036, 1951], [4036, 1927], [4039, 1923], [4039, 1916], [4042, 1913], [4053, 1913], [4053, 1906], [4042, 1906], [4039, 1903], [4039, 1886], [4036, 1882], [4036, 1872], [4032, 1868], [4032, 1862], [4029, 1858], [4029, 1855], [4025, 1851], [4025, 1845], [4022, 1841], [4022, 1838], [4015, 1831], [4015, 1827], [4012, 1824], [4012, 1821], [4005, 1814], [4005, 1810], [3991, 1797], [3988, 1797], [3967, 1776], [3964, 1776], [3954, 1766], [3950, 1766], [3936, 1752], [3933, 1752], [3919, 1739], [3916, 1739], [3906, 1728], [3902, 1728], [3899, 1725], [3895, 1725], [3889, 1718], [3885, 1718], [3878, 1711], [3871, 1711], [3868, 1708], [3865, 1708], [3861, 1704], [3854, 1704], [3851, 1701], [3848, 1701], [3844, 1697], [3837, 1697], [3834, 1694], [3830, 1694], [3827, 1691], [3824, 1691], [3820, 1687], [3817, 1687], [3813, 1684], [3806, 1684], [3803, 1680], [3796, 1680], [3793, 1677], [3793, 1667], [3485, 1667], [3485, 1677], [3478, 1684], [3458, 1684], [3454, 1687], [3441, 1687], [3437, 1684], [3434, 1684], [3430, 1680], [3430, 1667], [3386, 1667], [3386, 1677], [3382, 1680], [3379, 1677], [3379, 1667], [3334, 1667], [3334, 1677], [3331, 1680], [3331, 1684], [3328, 1687], [3328, 1694], [3324, 1697], [3324, 1708], [3317, 1715], [3314, 1715], [3307, 1721], [3304, 1721], [3297, 1728], [3293, 1728], [3283, 1739], [3280, 1739], [3270, 1749], [3266, 1749], [3263, 1752], [3242, 1752], [3239, 1756], [3218, 1756], [3215, 1752], [3208, 1752], [3205, 1749], [3194, 1749], [3191, 1745], [3187, 1745], [3181, 1739], [3181, 1735], [3177, 1732], [3177, 1721], [3181, 1718], [3181, 1711], [3184, 1708], [3184, 1704], [3187, 1701], [3191, 1701], [3194, 1697], [3205, 1697], [3208, 1694], [3211, 1694], [3215, 1691], [3218, 1691], [3218, 1684], [3222, 1680], [3222, 1667], [3126, 1667]]",0.3,ASOK_MAT051d.JPG,ASOK_MAT051d,Uttar Pradesh,Mathurā,Mathurā,Montant de porte avec scènes,1 A.D.,Montant de porte,indéterminée,Lucknow State Museum,Maronet Léa
ASOK_BODA059_éléphant_10689.png,éléphant,"[[2061, 2128], [2237, 2154], [2313, 2061], [2472, 2070], [2615, 2103], [2623, 2338], [2565, 2447], [2741, 2523], [2783, 2263], [2791, 2095], [2967, 2087], [3059, 2154], [2892, 2472], [3051, 2548], [3118, 2296], [3227, 2170], [3219, 2028], [3319, 2128], [3168, 2380], [3202, 2506], [3319, 2447], [3336, 2363], [3504, 2145], [3420, 2003], [3453, 1910], [3479, 1734], [3563, 1642], [3563, 1499], [3378, 1617], [3135, 1617], [3177, 1483], [3084, 1323], [2942, 1315], [2841, 1390], [2900, 1541], [2799, 1608], [2825, 1466], [2749, 1332], [2623, 1290], [2388, 1407], [2196, 1508], [2112, 1952], [2061, 2128]]",1.0,ASOK_BODA059.JPG,ASOK_BODA059,Bihar,Bihar,Bodhgayā,Médaillon lotiforme avec éléphant ailé,1 B.C.,Stūpa ; balustrade ; pilier,bouddhisme,Victoria and Albert Museum,Maronet Léa
ASOK_BODA059_lotus_10690.png,lotus,"[[1281, 1198], [1298, 2246], [1458, 2674], [1827, 3118], [2196, 3244], [3303, 3244], [3948, 3009], [4309, 2556], [4418, 1801], [4384, 1055], [4175, 694], [3697, 325], [3386, 116], [2556, 107], [1843, 367], [1508, 728], [1281, 1198]]",1.0,ASOK_BODA059.JPG,ASOK_BODA059,Bihar,Bihar,Bodhgayā,Médaillon lotiforme avec éléphant ailé,1 B.C.,Stūpa ; balustrade ; pilier,bouddhisme,Victoria and Albert Museum,Maronet Léa
ASOK_BODA131_lotus_10752.png,lotus,"[[115, 369], [167, 447], [222, 598], [281, 823], [434, 881], [609, 862], [721, 811], [826, 724], [891, 581], [885, 381], [874, 317], [795, 191], [710, 107], [576, 64], [417, 69], [286, 135], [172, 247], [115, 369]]",0.97,ASOK_BODA131.jpg,ASOK_BODA131,Bihar,Bihar,Bodhgayā,,2 B.C. ; 1 B.C.,Stūpa ; balustrade,bouddhisme,Bodh Gaya Site Museum,Maronet Léa
ASOK_GAN210_cheval_11047.png,cheval,"[[1778, 1913], [1778, 2018], [1951, 2049], [1964, 1993], [2013, 1814], [2254, 1739], [2452, 1609], [2508, 1480], [2700, 1449], [2700, 1362], [2483, 1263], [2372, 1387], [2273, 1480], [2124, 1480], [1871, 1554], [1821, 1653], [1827, 1721], [1778, 1913]]",0.99,ASOK_GAN210.JPG,ASOK_GAN210,Gandhāra,Gandhāra,Gandhāra,Scène de chasse,1 A.D. ; 2 A.D. ; 3 A.D. ,Frise,bouddhisme,Musée National des Arts Asiatiques - Guimet,Maronet Léa
ASOK_GAN210_cheval_11048.png,cheval,"[[862, 1449], [937, 1554], [1054, 1603], [1054, 1783], [1054, 1906], [1054, 2055], [1271, 2055], [1227, 1875], [1518, 1869], [1592, 1919], [1568, 2049], [1728, 2049], [1704, 1956], [1704, 1845], [1704, 1696], [1753, 1752], [1778, 1950], [1840, 1820], [1809, 1721], [1716, 1634], [1580, 1523], [1382, 1535], [1283, 1535], [1203, 1442], [1079, 1325], [968, 1381], [862, 1449]]",0.97,ASOK_GAN210.JPG,ASOK_GAN210,Gandhāra,Gandhāra,Gandhāra,Scène de chasse,1 A.D. ; 2 A.D. ; 3 A.D. ,Frise,bouddhisme,Musée National des Arts Asiatiques - Guimet,Maronet Léa
ASOK_GAN211_oie_11049.png,oie,"[[1691, 1121], [1722, 1393], [1871, 1183], [1914, 1244], [1821, 1362], [1964, 1381], [2112, 1381], [2001, 1275], [2001, 1226], [2174, 1183], [2483, 1115], [2527, 1046], [2638, 873], [2496, 867], [2428, 972], [2248, 811], [2106, 818], [2001, 935], [1815, 985], [1865, 1034], [1691, 1121]]",0.97,ASOK_GAN211.JPG,ASOK_GAN211,Gandhāra,Gandhāra,Gandhāra,Scène de chasse,1 A.D. ; 2 A.D. ; 3 A.D. ,Frise,bouddhisme,Musée National des Arts Asiatiques - Guimet,Maronet Léa
ASOK_KAN008b_lotus_11142.png,lotus,"[[1674, 1133], [1674, 1352], [1850, 1335], [1985, 1369], [2211, 1369], [2295, 1377], [2497, 1377], [2497, 999], [2312, 999], [2169, 1142], [1951, 1117], [1674, 1133]]",0.97,ASOK_KAN008b.JPG,ASOK_KAN008b,Karnataka,Āndhradeśa,Kaṇagaṇahaḷḷi,Mahākapijātaka,1 B.C. ; 1 A.D. ; 2 A.D. ; 3 A.D. ,Stūpa ; panneau,bouddhisme,In situ,Maronet Léa
ASOK_KAN008b_lotus_11143.png,lotus,"[[4671, 1033], [4688, 1478], [4873, 1444], [5116, 1511], [5301, 1478], [5444, 1528], [5393, 1083], [4671, 1033]]",0.97,ASOK_KAN008b.JPG,ASOK_KAN008b,Karnataka,Āndhradeśa,Kaṇagaṇahaḷḷi,Mahākapijātaka,1 B.C. ; 1 A.D. ; 2 A.D. ; 3 A.D. ,Stūpa ; panneau,bouddhisme,In situ,Maronet Léa
ASOK_KAN032a_éléphant_11246.png,éléphant,"[[97, 2879], [188, 2894], [341, 2841], [202, 2941], [231, 3032], [427, 2999], [427, 3142], [355, 3352], [274, 3767], [336, 3954], [475, 4049], [637, 4035], [613, 4331], [561, 4460], [331, 4636], [307, 4851], [604, 4875], [761, 4846], [732, 4952], [742, 5057], [914, 5119], [985, 5243], [1167, 5233], [1253, 5238], [1344, 5200], [1554, 5147], [1635, 4956], [1716, 4904], [1664, 4355], [1702, 4097], [1802, 3619], [2131, 3595], [2246, 1924], [2065, 1919], [2079, 1786], [2189, 1676], [2098, 1571], [2093, 1452], [1974, 1456], [1611, 1351], [1434, 1275], [1243, 1284], [1091, 1432], [933, 1671], [761, 1719], [608, 1910], [546, 2196], [355, 2588], [331, 2722], [121, 2779], [97, 2879]]",0.98,ASOK_KAN032a.JPG,ASOK_KAN032a,Karnataka,Āndhradeśa,Kaṇagaṇahaḷḷi,Cakravartin,1 B.C. ; 1 A.D. ; 2 A.D. ; 3 A.D. ,Stūpa ; panneau,bouddhisme,In situ,Maronet Léa
ASOK_KAN036c_lotus_11261.png,lotus,"[[842, 1423], [1005, 1466], [1277, 1475], [1444, 1423], [1864, 1538], [2179, 1442], [2389, 1552], [2609, 1509], [2738, 1304], [2733, 649], [2399, 520], [1449, 482], [1234, 759], [885, 1050], [842, 1423]]",0.98,ASOK_KAN036c.JPG,ASOK_KAN036c,Karnataka,Āndhradeśa,Kaṇagaṇahaḷḷi,Simukha Sātavāhana,1 B.C. ; 1 A.D. ; 2 A.D. ; 3 A.D. ,Stūpa ; panneau,bouddhisme,In situ,Maronet Léa
ASOK_KAN047c_lotus_11400.png,lotus,"[[3429, 1698], [3429, 1941], [3442, 1941], [3452, 1932], [3452, 1923], [3456, 1919], [3456, 1914], [3465, 1905], [3470, 1910], [3470, 1919], [3474, 1923], [3474, 1941], [3470, 1946], [3470, 1964], [3465, 1968], [3465, 1977], [3456, 1986], [3456, 1991], [3442, 2004], [3429, 2004], [3429, 2121], [3447, 2121], [3452, 2126], [3456, 2126], [3465, 2135], [3470, 2135], [3474, 2139], [3479, 2139], [3483, 2144], [3492, 2144], [3496, 2148], [3515, 2148], [3519, 2153], [3550, 2153], [3555, 2157], [3569, 2157], [3573, 2162], [3582, 2162], [3587, 2166], [3600, 2166], [3604, 2171], [3618, 2171], [3623, 2175], [3641, 2175], [3645, 2180], [3676, 2180], [3681, 2184], [3708, 2184], [3713, 2189], [3730, 2189], [3735, 2193], [3749, 2193], [3753, 2198], [3767, 2198], [3771, 2202], [3780, 2202], [3784, 2207], [3794, 2207], [3798, 2211], [3798, 2225], [3866, 2225], [3866, 2211], [3870, 2207], [3875, 2207], [3879, 2202], [3892, 2202], [3897, 2198], [3906, 2198], [3911, 2193], [3920, 2193], [3924, 2189], [3933, 2189], [3938, 2184], [3951, 2184], [3955, 2180], [3965, 2180], [3969, 2175], [3974, 2175], [3978, 2171], [3983, 2171], [3992, 2162], [3996, 2162], [4023, 2135], [4023, 2130], [4032, 2121], [4032, 2117], [4037, 2112], [4037, 2108], [4041, 2103], [4041, 2094], [4046, 2090], [4046, 2081], [4050, 2076], [4050, 2058], [4055, 2054], [4055, 2022], [4050, 2018], [4050, 2004], [4046, 2000], [4046, 1995], [4041, 1991], [4041, 1986], [4037, 1982], [4037, 1977], [4032, 1973], [4032, 1968], [4028, 1964], [4028, 1959], [4014, 1946], [4014, 1941], [4005, 1932], [4005, 1928], [3996, 1919], [3996, 1914], [3992, 1910], [3992, 1905], [3969, 1883], [3969, 1878], [3960, 1869], [3960, 1865], [3955, 1860], [3955, 1856], [3951, 1851], [3951, 1842], [3942, 1833], [3938, 1833], [3933, 1829], [3924, 1829], [3920, 1833], [3915, 1833], [3911, 1829], [3911, 1815], [3879, 1784], [3879, 1779], [3870, 1770], [3870, 1761], [3857, 1748], [3857, 1743], [3825, 1712], [3821, 1712], [3812, 1703], [3807, 1703], [3798, 1694], [3794, 1694], [3789, 1689], [3789, 1671], [3623, 1671], [3623, 1685], [3600, 1707], [3596, 1707], [3582, 1721], [3578, 1721], [3573, 1725], [3573, 1730], [3550, 1752], [3546, 1752], [3542, 1757], [3542, 1761], [3528, 1775], [3528, 1779], [3524, 1784], [3524, 1788], [3515, 1797], [3515, 1802], [3510, 1806], [3510, 1811], [3505, 1815], [3505, 1824], [3501, 1829], [3496, 1829], [3492, 1824], [3492, 1820], [3487, 1815], [3487, 1793], [3483, 1788], [3483, 1748], [3479, 1743], [3479, 1738], [3474, 1734], [3474, 1730], [3470, 1725], [3470, 1721], [3447, 1698], [3429, 1698]]",0.26,ASOK_KAN047c.JPG,ASOK_KAN047c,Karnataka,Āndhradeśa,Kaṇagaṇahaḷḷi,Tentation de Māra et vénération du Buddha,1 B.C. ; 1 A.D. ; 2 A.D. ; 3 A.D. ,Stūpa ; panneau,bouddhisme,In situ,Maronet Léa
ASOK_KAN049a_lion_11425.png,lion,"[[6, 397], [15, 841], [484, 917], [505, 857], [543, 790], [492, 697], [374, 621], [323, 481], [167, 401], [6, 397]]",0.98,ASOK_KAN049a.JPG,ASOK_KAN049a,Karnataka,Āndhradeśa,Kaṇagaṇahaḷḷi,Acrobates et grand départ du Buddha,1 B.C. ; 1 A.D. ; 2 A.D. ; 3 A.D. ,Stūpa ; panneau,bouddhisme,In situ,Maronet Léa
ASOK_KAN049a_lion_11426.png,lion,"[[357, 494], [374, 625], [517, 710], [534, 811], [467, 938], [729, 959], [754, 752], [767, 600], [678, 524], [496, 494], [425, 473], [408, 452], [357, 494]]",1.0,ASOK_KAN049a.JPG,ASOK_KAN049a,Karnataka,Āndhradeśa,Kaṇagaṇahaḷḷi,Acrobates et grand départ du Buddha,1 B.C. ; 1 A.D. ; 2 A.D. ; 3 A.D. ,Stūpa ; panneau,bouddhisme,In situ,Maronet Léa
ASOK_KAN064_éléphant_11511.png,éléphant,"[[3370, 1201], [3404, 1419], [3714, 1436], [3823, 1335], [3840, 1436], [3966, 1478], [4025, 1536], [4008, 1671], [3849, 2191], [4092, 2242], [4101, 2074], [4226, 1855], [4226, 1965], [4277, 2149], [4277, 2275], [4546, 2275], [4848, 2258], [4848, 2116], [4949, 2074], [5066, 2074], [4999, 2225], [5116, 2292], [5310, 2166], [5259, 1704], [5125, 1394], [4814, 1217], [4571, 1175], [4562, 1008], [4210, 1008], [3916, 999], [3698, 999], [3488, 1016], [3370, 1201]]",0.97,ASOK_KAN064.JPG,ASOK_KAN064,Karnataka,Āndhradeśa,Kaṇagaṇahaḷḷi,Frise avec animaux et motifs,1 B.C. ; 1 A.D. ; 2 A.D. ; 3 A.D. ,Stūpa ; panneau,bouddhisme,In situ,Maronet Léa
ASOK_BHA160_lotus_11777.png,lotus,"[[274, 1440], [385, 1686], [600, 1694], [775, 1662], [910, 1511], [934, 1281], [846, 1114], [624, 1082], [417, 1082], [305, 1201], [274, 1440]]",1.0,ASOK_BHA160.JPG,ASOK_BHA160,Madhya Pradesh,Madhyapradeśa,Bhārhut,Frise avec médaillons lotiformes,2 B.C.,Stūpa ; frise,bouddhisme,Allahabad Municipal Museum,Maronet Léa
ASOK_BHA160_lotus_11778.png,lotus,"[[958, 1543], [1077, 1718], [1228, 1774], [1403, 1782], [1554, 1686], [1650, 1487], [1522, 1201], [1308, 1145], [1141, 1153], [1013, 1289], [958, 1543]]",0.98,ASOK_BHA160.JPG,ASOK_BHA160,Madhya Pradesh,Madhyapradeśa,Bhārhut,Frise avec médaillons lotiformes,2 B.C.,Stūpa ; frise,bouddhisme,Allahabad Municipal Museum,Maronet Léa
ASOK_BHA160_lotus_11779.png,lotus,"[[1650, 1456], [1769, 1678], [1944, 1734], [2183, 1686], [2294, 1519], [2286, 1352], [2262, 1185], [2087, 1098], [1888, 1090], [1769, 1137], [1666, 1289], [1650, 1456]]",0.97,ASOK_BHA160.JPG,ASOK_BHA160,Madhya Pradesh,Madhyapradeśa,Bhārhut,Frise avec médaillons lotiformes,2 B.C.,Stūpa ; frise,bouddhisme,Allahabad Municipal Museum,Maronet Léa
ASOK_BHA160_lotus_11780.png,lotus,"[[2342, 1464], [2437, 1694], [2620, 1758], [2763, 1758], [2906, 1734], [3018, 1583], [2986, 1400], [2954, 1265], [2747, 1122], [2556, 1161], [2421, 1257], [2342, 1464]]",0.99,ASOK_BHA160.JPG,ASOK_BHA160,Madhya Pradesh,Madhyapradeśa,Bhārhut,Frise avec médaillons lotiformes,2 B.C.,Stūpa ; frise,bouddhisme,Allahabad Municipal Museum,Maronet Léa
ASOK_BHA160_lotus_11781.png,lotus,"[[3034, 1503], [3145, 1662], [3336, 1726], [3543, 1694], [3670, 1551], [3702, 1384], [3670, 1225], [3519, 1090], [3304, 1090], [3169, 1161], [3042, 1328], [3034, 1503]]",0.99,ASOK_BHA160.JPG,ASOK_BHA160,Madhya Pradesh,Madhyapradeśa,Bhārhut,Frise avec médaillons lotiformes,2 B.C.,Stūpa ; frise,bouddhisme,Allahabad Municipal Museum,Maronet Léa
ASOK_BHA160_lotus_11782.png,lotus,"[[3734, 1551], [3917, 1782], [4155, 1782], [4267, 1686], [4346, 1511], [4346, 1296], [4203, 1193], [3996, 1177], [3837, 1185], [3742, 1392], [3734, 1551]]",1.0,ASOK_BHA160.JPG,ASOK_BHA160,Madhya Pradesh,Madhyapradeśa,Bhārhut,Frise avec médaillons lotiformes,2 B.C.,Stūpa ; frise,bouddhisme,Allahabad Municipal Museum,Maronet Léa
ASOK_BHA160_lotus_11783.png,lotus,"[[4410, 1448], [4529, 1646], [4760, 1718], [4943, 1670], [4990, 1527], [4990, 1400], [4959, 1201], [4799, 1106], [4593, 1098], [4418, 1209], [4410, 1448]]",0.98,ASOK_BHA160.JPG,ASOK_BHA160,Madhya Pradesh,Madhyapradeśa,Bhārhut,Frise avec médaillons lotiformes,2 B.C.,Stūpa ; frise,bouddhisme,Allahabad Municipal Museum,Maronet Léa
ASOK_BHA161_lotus_11793.png,lotus,"[[2954, 2362], [3010, 2482], [3105, 2657], [3105, 2752], [3232, 2744], [3288, 2855], [3463, 2848], [3559, 2800], [3710, 2808], [3757, 2482], [3773, 2370], [3598, 2251], [3606, 2132], [3423, 2108], [3105, 2148], [3105, 2267], [2954, 2362]]",0.97,ASOK_BHA161.JPG,ASOK_BHA161,Madhya Pradesh,Madhyapradeśa,Bhārhut,Fleurs de lotus ; végétaux et yakṣa,2 B.C.,Stūpa ; balustrade ; pilier,bouddhisme,Allahabad Municipal Museum,Maronet Léa
ASOK_BHA161_lotus_11794.png,lotus,"[[3272, 1639], [3431, 1766], [3368, 2052], [3638, 2020], [3726, 2211], [3917, 2108], [4107, 2203], [4147, 2076], [4219, 1949], [4322, 1925], [4227, 1639], [4171, 1487], [4084, 1424], [3757, 1344], [3646, 1416], [3415, 1519], [3272, 1639]]",0.98,ASOK_BHA161.JPG,ASOK_BHA161,Madhya Pradesh,Madhyapradeśa,Bhārhut,Fleurs de lotus ; végétaux et yakṣa,2 B.C.,Stūpa ; balustrade ; pilier,bouddhisme,Allahabad Municipal Museum,Maronet Léa
ASOK_BHA161_lotus_11795.png,lotus,"[[1053, 2617], [1188, 2696], [1133, 2840], [1395, 2840], [1514, 2911], [1705, 2808], [1801, 2832], [1880, 2633], [2016, 2561], [1849, 2323], [1880, 2187], [1650, 2187], [1618, 2124], [1308, 2132], [1228, 2243], [1117, 2331], [1125, 2498], [1053, 2617]]",0.97,ASOK_BHA161.JPG,ASOK_BHA161,Madhya Pradesh,Madhyapradeśa,Bhārhut,Fleurs de lotus ; végétaux et yakṣa,2 B.C.,Stūpa ; balustrade ; pilier,bouddhisme,Allahabad Municipal Museum,Maronet Léa
ASOK_BHA161_lotus_11796.png,lotus,"[[3742, 2315], [3789, 2513], [4362, 2553], [4505, 2482], [4195, 2235], [3932, 2187], [3813, 2195], [3742, 2315]]",0.98,ASOK_BHA161.JPG,ASOK_BHA161,Madhya Pradesh,Madhyapradeśa,Bhārhut,Fleurs de lotus ; végétaux et yakṣa,2 B.C.,Stūpa ; balustrade ; pilier,bouddhisme,Allahabad Municipal Museum,Maronet Léa
ASOK_BHA161_lotus_11797.png,lotus,"[[1236, 2068], [1491, 2116], [1666, 2116], [1801, 1988], [1888, 1917], [1801, 1893], [1634, 1806], [1435, 1829], [1236, 2068]]",0.97,ASOK_BHA161.JPG,ASOK_BHA161,Madhya Pradesh,Madhyapradeśa,Bhārhut,Fleurs de lotus ; végétaux et yakṣa,2 B.C.,Stūpa ; balustrade ; pilier,bouddhisme,Allahabad Municipal Museum,Maronet Léa
ASOK_BHA161_lotus_11798.png,lotus,"[[2612, 1368], [3026, 1384], [3232, 1233], [3153, 1066], [2938, 1026], [2715, 1169], [2612, 1368]]",0.98,ASOK_BHA161.JPG,ASOK_BHA161,Madhya Pradesh,Madhyapradeśa,Bhārhut,Fleurs de lotus ; végétaux et yakṣa,2 B.C.,Stūpa ; balustrade ; pilier,bouddhisme,Allahabad Municipal Museum,Maronet Léa
ASOK_BHA161_lotus_11799.png,lotus,"[[2031, 1289], [2278, 1249], [2517, 1106], [2612, 891], [2381, 891], [2063, 1034], [2031, 1289]]",1.0,ASOK_BHA161.JPG,ASOK_BHA161,Madhya Pradesh,Madhyapradeśa,Bhārhut,Fleurs de lotus ; végétaux et yakṣa,2 B.C.,Stūpa ; balustrade ; pilier,bouddhisme,Allahabad Municipal Museum,Maronet Léa
ASOK_BHA161_lotus_11800.png,lotus,"[[4123, 2140], [4211, 2243], [4394, 2394], [4672, 2585], [4577, 2156], [4306, 1662], [4259, 1877], [4203, 2044], [4123, 2140]]",0.97,ASOK_BHA161.JPG,ASOK_BHA161,Madhya Pradesh,Madhyapradeśa,Bhārhut,Fleurs de lotus ; végétaux et yakṣa,2 B.C.,Stūpa ; balustrade ; pilier,bouddhisme,Allahabad Municipal Museum,Maronet Léa
ASOK_BHA162_lotus_11801.png,lotus,"[[554, 3233], [872, 3434], [1189, 3584], [1490, 3576], [1306, 3141], [1373, 3166], [1465, 3033], [1457, 2907], [1549, 2907], [1473, 2774], [1206, 2874], [972, 2958], [805, 3191], [554, 3233]]",0.99,ASOK_BHA162.JPG,ASOK_BHA162,Madhya Pradesh,Madhyapradeśa,Bhārhut,Vase d'abondance ; fleurs de lotus et oiseau,2 B.C.,Stūpa ; balustrade ; pilier,bouddhisme,Allahabad Municipal Museum,Maronet Léa
ASOK_BHA162_lotus_11802.png,lotus,"[[412, 2673], [421, 2983], [479, 3049], [822, 3183], [772, 2857], [772, 2648], [872, 2657], [780, 2531], [646, 2531], [412, 2673]]",0.99,ASOK_BHA162.JPG,ASOK_BHA162,Madhya Pradesh,Madhyapradeśa,Bhārhut,Vase d'abondance ; fleurs de lotus et oiseau,2 B.C.,Stūpa ; balustrade ; pilier,bouddhisme,Allahabad Municipal Museum,Maronet Léa
ASOK_BHA162_lotus_11803.png,lotus,"[[780, 2381], [864, 2690], [1022, 2949], [1306, 2623], [1432, 2515], [1507, 2456], [1699, 2373], [1473, 2373], [1239, 2256], [880, 2022], [780, 2381]]",0.99,ASOK_BHA162.JPG,ASOK_BHA162,Madhya Pradesh,Madhyapradeśa,Bhārhut,Vase d'abondance ; fleurs de lotus et oiseau,2 B.C.,Stūpa ; balustrade ; pilier,bouddhisme,Allahabad Municipal Museum,Maronet Léa
ASOK_BHA162_lotus_11804.png,lotus,"[[354, 1370], [379, 2531], [579, 2548], [663, 2515], [838, 2565], [872, 2097], [847, 1980], [813, 1913], [571, 1938], [630, 1763], [1039, 1395], [354, 1370]]",0.98,ASOK_BHA162.JPG,ASOK_BHA162,Madhya Pradesh,Madhyapradeśa,Bhārhut,Vase d'abondance ; fleurs de lotus et oiseau,2 B.C.,Stūpa ; balustrade ; pilier,bouddhisme,Allahabad Municipal Museum,Maronet Léa
ASOK_BHA162_lotus_11805.png,lotus,"[[2033, 2958], [2167, 3066], [2259, 3108], [2200, 3359], [2050, 3609], [2359, 3592], [2660, 3467], [3002, 3250], [2877, 3208], [2643, 3074], [2551, 2949], [2392, 2924], [2217, 2974], [2033, 2958]]",0.99,ASOK_BHA162.JPG,ASOK_BHA162,Madhya Pradesh,Madhyapradeśa,Bhārhut,Vase d'abondance ; fleurs de lotus et oiseau,2 B.C.,Stūpa ; balustrade ; pilier,bouddhisme,Allahabad Municipal Museum,Maronet Léa
ASOK_BHA162_lotus_11806.png,lotus,"[[2083, 2289], [2092, 2389], [2242, 2556], [2292, 2682], [2250, 2958], [2526, 2849], [2752, 2573], [2827, 2331], [2785, 2130], [2793, 1905], [2601, 2114], [2417, 2197], [2125, 2172], [2083, 2289]]",1.0,ASOK_BHA162.JPG,ASOK_BHA162,Madhya Pradesh,Madhyapradeśa,Bhārhut,Vase d'abondance ; fleurs de lotus et oiseau,2 B.C.,Stūpa ; balustrade ; pilier,bouddhisme,Allahabad Municipal Museum,Maronet Léa
ASOK_BHA162_lotus_11807.png,lotus,"[[2660, 2824], [2710, 3024], [2844, 3200], [3019, 3283], [3261, 3166], [3245, 2155], [3061, 2206], [2818, 2356], [2818, 2515], [2676, 2690], [2660, 2824]]",0.98,ASOK_BHA162.JPG,ASOK_BHA162,Madhya Pradesh,Madhyapradeśa,Bhārhut,Vase d'abondance ; fleurs de lotus et oiseau,2 B.C.,Stūpa ; balustrade ; pilier,bouddhisme,Allahabad Municipal Museum,Maronet Léa
ASOK_BHA162_lotus_11808.png,lotus,"[[2518, 1704], [2534, 1913], [2693, 1905], [2785, 1863], [2785, 1997], [2869, 2047], [3011, 2114], [3103, 1922], [3245, 1846], [3278, 1437], [2635, 1420], [2518, 1704]]",0.99,ASOK_BHA162.JPG,ASOK_BHA162,Madhya Pradesh,Madhyapradeśa,Bhārhut,Vase d'abondance ; fleurs de lotus et oiseau,2 B.C.,Stūpa ; balustrade ; pilier,bouddhisme,Allahabad Municipal Museum,Maronet Léa
ASOK_BHA162_lotus_11809.png,lotus,"[[1966, 2089], [2275, 2072], [2434, 2072], [2551, 2005], [2518, 1663], [2426, 1412], [2158, 1587], [1975, 1846], [1966, 2089]]",0.99,ASOK_BHA162.JPG,ASOK_BHA162,Madhya Pradesh,Madhyapradeśa,Bhārhut,Vase d'abondance ; fleurs de lotus et oiseau,2 B.C.,Stūpa ; balustrade ; pilier,bouddhisme,Allahabad Municipal Museum,Maronet Léa
ASOK_BHA162_lotus_11810.png,lotus,"[[964, 1454], [964, 1729], [1014, 1972], [1156, 2080], [1265, 2105], [1432, 2105], [1774, 2130], [1741, 1963], [1640, 1838], [1507, 1604], [1323, 1470], [1306, 1587], [1265, 1780], [1148, 1988], [1173, 1579], [1097, 1345], [964, 1454]]",0.97,ASOK_BHA162.JPG,ASOK_BHA162,Madhya Pradesh,Madhyapradeśa,Bhārhut,Vase d'abondance ; fleurs de lotus et oiseau,2 B.C.,Stūpa ; balustrade ; pilier,bouddhisme,Allahabad Municipal Museum,Maronet Léa
ASOK_BHA162_lotus_11811.png,lotus,"[[1290, 1412], [1574, 1612], [1699, 1880], [1816, 1988], [1908, 1972], [2067, 1679], [2158, 1621], [2409, 1479], [2158, 1395], [1290, 1412]]",0.97,ASOK_BHA162.JPG,ASOK_BHA162,Madhya Pradesh,Madhyapradeśa,Bhārhut,Vase d'abondance ; fleurs de lotus et oiseau,2 B.C.,Stūpa ; balustrade ; pilier,bouddhisme,Allahabad Municipal Museum,Maronet Léa
ASOK_BHA162_lotus_11812.png,lotus,"[[354, 744], [504, 827], [621, 1028], [713, 936], [805, 1019], [905, 952], [1039, 785], [1206, 760], [1482, 668], [1498, 468], [1014, 434], [371, 409], [354, 744]]",0.99,ASOK_BHA162.JPG,ASOK_BHA162,Madhya Pradesh,Madhyapradeśa,Bhārhut,Vase d'abondance ; fleurs de lotus et oiseau,2 B.C.,Stūpa ; balustrade ; pilier,bouddhisme,Allahabad Municipal Museum,Maronet Léa
ASOK_BHA162_lotus_11813.png,lotus,"[[2158, 576], [2309, 785], [2559, 827], [2768, 1061], [2910, 1086], [3002, 952], [3136, 785], [3270, 735], [3253, 501], [2167, 443], [2158, 576]]",0.97,ASOK_BHA162.JPG,ASOK_BHA162,Madhya Pradesh,Madhyapradeśa,Bhārhut,Vase d'abondance ; fleurs de lotus et oiseau,2 B.C.,Stūpa ; balustrade ; pilier,bouddhisme,Allahabad Municipal Museum,Maronet Léa
ASOK_BHA162_oie_11814.png,oie,"[[914, 1036], [914, 1253], [1047, 1287], [1248, 1236], [1248, 1312], [1557, 1353], [1498, 1170], [1640, 861], [1582, 785], [1624, 668], [1799, 610], [1507, 602], [1448, 777], [1323, 760], [1056, 760], [914, 1036]]",1.0,ASOK_BHA162.JPG,ASOK_BHA162,Madhya Pradesh,Madhyapradeśa,Bhārhut,Vase d'abondance ; fleurs de lotus et oiseau,2 B.C.,Stūpa ; balustrade ; pilier,bouddhisme,Allahabad Municipal Museum,Maronet Léa
ASOK_BHA163_éléphant_11815.png,éléphant,"[[1638, 1039], [1638, 1212], [1686, 1350], [1722, 1493], [1949, 1786], [2045, 1954], [1889, 2103], [1949, 2193], [2063, 2199], [2206, 2199], [2212, 2073], [2272, 2008], [2470, 1798], [2517, 2103], [2619, 2145], [2679, 2217], [3127, 2193], [3062, 1894], [3187, 1906], [3367, 2032], [3289, 2199], [3444, 2199], [3618, 2127], [3618, 2061], [3719, 2061], [3761, 1900], [3636, 1768], [3570, 1410], [3420, 1164], [3121, 1075], [2834, 1063], [2828, 883], [2721, 817], [2607, 919], [2493, 794], [2260, 788], [2093, 979], [1949, 1039], [1860, 1099], [1710, 1105], [1638, 1039]]",1.0,ASOK_BHA163.JPG,ASOK_BHA163,Madhya Pradesh,Madhyapradeśa,Bhārhut,Éléphant,2 B.C.,Stūpa ; frise,bouddhisme,Allahabad Municipal Museum,Maronet Léa
ASOK_BHA168_cheval_11823.png,cheval,"[[273, 757], [273, 814], [295, 831], [314, 825], [322, 793], [331, 793], [343, 867], [364, 897], [379, 913], [407, 939], [408, 970], [394, 988], [407, 1001], [443, 1001], [447, 948], [426, 893], [458, 886], [465, 904], [523, 935], [521, 967], [506, 997], [549, 1008], [568, 937], [555, 898], [581, 889], [588, 860], [585, 829], [550, 817], [536, 804], [484, 794], [442, 808], [395, 791], [375, 754], [341, 740], [325, 714], [300, 695], [279, 711], [279, 742], [273, 757]]",1.0,ASOK_BHA168.JPG,ASOK_BHA168,Madhya Pradesh,Madhyapradeśa,Bhārhut,Mugapakhajātaka,2 B.C.,Stūpa ; balustrade,bouddhisme,Kolkata Indian Museum,Ganguly Biswarup
ASOK_BHA168_cheval_11824.png,cheval,"[[209, 738], [233, 780], [252, 803], [272, 803], [272, 815], [289, 831], [290, 854], [313, 895], [313, 910], [309, 926], [328, 939], [350, 939], [362, 928], [350, 895], [327, 794], [313, 826], [299, 831], [276, 825], [274, 789], [275, 761], [281, 741], [278, 713], [290, 702], [274, 685], [246, 671], [219, 672], [214, 690], [224, 712], [209, 738]]",1.0,ASOK_BHA168.JPG,ASOK_BHA168,Madhya Pradesh,Madhyapradeśa,Bhārhut,Mugapakhajātaka,2 B.C.,Stūpa ; balustrade,bouddhisme,Kolkata Indian Museum,Ganguly Biswarup
ASOK_BHA168_cheval_11825.png,cheval,"[[167, 666], [176, 729], [184, 768], [212, 765], [222, 819], [240, 858], [237, 890], [249, 905], [283, 897], [266, 839], [262, 807], [245, 793], [228, 768], [214, 730], [223, 715], [216, 690], [218, 672], [243, 672], [232, 653], [216, 653], [177, 650], [167, 666]]",1.0,ASOK_BHA168.JPG,ASOK_BHA168,Madhya Pradesh,Madhyapradeśa,Bhārhut,Mugapakhajātaka,2 B.C.,Stūpa ; balustrade,bouddhisme,Kolkata Indian Museum,Ganguly Biswarup
ASOK_BHA168_cheval_11826.png,cheval,"[[112, 657], [133, 750], [162, 754], [182, 743], [166, 665], [188, 648], [147, 630], [116, 630], [112, 657]]",1.0,ASOK_BHA168.JPG,ASOK_BHA168,Madhya Pradesh,Madhyapradeśa,Bhārhut,Mugapakhajātaka,2 B.C.,Stūpa ; balustrade,bouddhisme,Kolkata Indian Museum,Ganguly Biswarup
ASOK_BHA495_oie_12358.png,oie,"[[57, 2130], [112, 2320], [593, 2146], [664, 1925], [586, 1665], [712, 1547], [854, 1570], [1027, 1420], [1225, 1397], [1217, 1207], [1059, 1207], [893, 1144], [664, 1199], [522, 1326], [309, 1539], [65, 1578], [65, 1728], [57, 2130]]",1.0,ASOK_BHA495.JPG,ASOK_BHA495,Madhya Pradesh,Madhyapradeśa,Bhārhut,,3 B.C. ; 2 B.C. ; 1 B.C.,Stūpa ; panneau,bouddhisme,Allahabad Municipal Museum,Maronet Léa
ASOK_BHA495_lotus_12373.png,lotus,"[[515, 3235], [633, 3361], [838, 3566], [1083, 3685], [1335, 3780], [1509, 3780], [1517, 3708], [1588, 3346], [1430, 2998], [1130, 2817], [696, 2975], [515, 3235]]",0.97,ASOK_BHA495.JPG,ASOK_BHA495,Madhya Pradesh,Madhyapradeśa,Bhārhut,,3 B.C. ; 2 B.C. ; 1 B.C.,Stūpa ; panneau,bouddhisme,Allahabad Municipal Museum,Maronet Léa
ASOK_BHA495_lotus_12374.png,lotus,"[[625, 2107], [783, 2430], [1027, 2588], [1106, 2541], [1288, 2351], [1327, 2052], [1217, 1823], [1122, 1665], [854, 1515], [625, 2107]]",0.98,ASOK_BHA495.JPG,ASOK_BHA495,Madhya Pradesh,Madhyapradeśa,Bhārhut,,3 B.C. ; 2 B.C. ; 1 B.C.,Stūpa ; panneau,bouddhisme,Allahabad Municipal Museum,Maronet Léa
ASOK_BHA495_lotus_12375.png,lotus,"[[1138, 1775], [1280, 2083], [1698, 2367], [1895, 2462], [2227, 2130], [2353, 1807], [2337, 1594], [2266, 1420], [2045, 1270], [2085, 1105], [1469, 1081], [1540, 1302], [1264, 1499], [1138, 1775]]",0.98,ASOK_BHA495.JPG,ASOK_BHA495,Madhya Pradesh,Madhyapradeśa,Bhārhut,,3 B.C. ; 2 B.C. ; 1 B.C.,Stūpa ; panneau,bouddhisme,Allahabad Municipal Museum,Maronet Léa
ASOK_BHA495_lotus_12376.png,lotus,"[[2219, 3196], [2345, 3448], [2645, 3551], [3032, 3464], [3213, 3188], [3237, 2959], [2866, 2691], [2574, 2659], [2298, 2872], [2219, 3196]]",1.0,ASOK_BHA495.JPG,ASOK_BHA495,Madhya Pradesh,Madhyapradeśa,Bhārhut,,3 B.C. ; 2 B.C. ; 1 B.C.,Stūpa ; panneau,bouddhisme,Allahabad Municipal Museum,Maronet Léa
ASOK_BHA495_oie_12377.png,oie,"[[2187, 1444], [2361, 1476], [2582, 1562], [2700, 1476], [2905, 1562], [2897, 1815], [2850, 2099], [2890, 2162], [3039, 2351], [3253, 2470], [3615, 2628], [3655, 2209], [3631, 1641], [3584, 1239], [3324, 1239], [3221, 1404], [2976, 1278], [2740, 1231], [2558, 1128], [2345, 1310], [2195, 1310], [2187, 1444]]",1.0,ASOK_BHA495.JPG,ASOK_BHA495,Madhya Pradesh,Madhyapradeśa,Bhārhut,,3 B.C. ; 2 B.C. ; 1 B.C.,Stūpa ; panneau,bouddhisme,Allahabad Municipal Museum,Maronet Léa
ASOK_SAN153_lotus_13289.png,lotus,"[[254, 2513], [359, 2476], [374, 2607], [280, 2617], [275, 2816], [416, 2774], [547, 2837], [636, 2837], [804, 2832], [935, 2800], [997, 2832], [1060, 2785], [1065, 2533], [1060, 2476], [940, 2502], [919, 2408], [819, 2507], [709, 2434], [589, 2455], [521, 2539], [474, 2513], [442, 2371], [474, 2272], [291, 2340], [254, 2513]]",0.98,ASOK_SAN153.jpg,ASOK_SAN153,Madhya Pradesh,Madhyapradeśa,Sāñcī,Portail,1 A.D.,Stūpa 1 ; portail Ouest ; face avant,bouddhisme,In situ,Maronet Léa
ASOK_SAN153_lotus_13290.png,lotus,"[[1029, 2722], [1065, 2790], [1139, 2827], [1201, 2774], [1275, 2842], [1458, 2832], [1516, 2774], [1584, 2711], [1636, 2800], [1699, 2858], [1699, 2785], [1741, 2732], [1699, 2633], [1793, 2602], [1788, 2455], [1641, 2376], [1641, 2502], [1578, 2612], [1568, 2434], [1474, 2445], [1400, 2445], [1364, 2376], [1301, 2371], [1270, 2439], [1275, 2533], [1332, 2554], [1327, 2596], [1259, 2602], [1186, 2481], [1112, 2502], [1044, 2607], [1029, 2722]]",0.98,ASOK_SAN153.jpg,ASOK_SAN153,Madhya Pradesh,Madhyapradeśa,Sāñcī,Portail,1 A.D.,Stūpa 1 ; portail Ouest ; face avant,bouddhisme,In situ,Maronet Léa
ASOK_SAN153_lotus_13291.png,lotus,"[[1725, 2811], [1908, 2811], [1908, 2863], [2013, 2821], [2175, 2837], [2264, 2837], [2311, 2753], [2322, 2607], [2222, 2507], [2097, 2439], [1877, 2434], [1798, 2476], [1777, 2596], [1861, 2664], [1756, 2691], [1725, 2811]]",0.98,ASOK_SAN153.jpg,ASOK_SAN153,Madhya Pradesh,Madhyapradeśa,Sāñcī,Portail,1 A.D.,Stūpa 1 ; portail Ouest ; face avant,bouddhisme,In situ,Maronet Léa
ASOK_SAN159_taureau_13296.png,taureau,"[[1462, 1652], [1484, 1691], [1576, 1677], [1608, 1631], [1640, 1631], [1679, 1610], [1767, 1613], [1831, 1599], [1838, 1535], [1803, 1482], [1774, 1535], [1753, 1507], [1689, 1507], [1636, 1461], [1636, 1432], [1668, 1397], [1562, 1383], [1512, 1447], [1526, 1507], [1501, 1596], [1462, 1652]]",0.99,ASOK_SAN159.jpg,ASOK_SAN159,Madhya Pradesh,Madhyapradeśa,Sāñcī,Portail,1 A.D.,Stūpa 1 ; portail Ouest ; face avant,bouddhisme,In situ,Maronet Léa
ASOK_SAN159_taureau_13297.png,taureau,"[[1519, 1766], [1604, 1798], [1735, 1791], [1785, 1759], [1884, 1801], [1952, 1766], [1941, 1691], [1902, 1720], [1838, 1702], [1835, 1656], [1739, 1603], [1654, 1631], [1590, 1688], [1537, 1705], [1519, 1766]]",1.0,ASOK_SAN159.jpg,ASOK_SAN159,Madhya Pradesh,Madhyapradeśa,Sāñcī,Portail,1 A.D.,Stūpa 1 ; portail Ouest ; face avant,bouddhisme,In situ,Maronet Léa
ASOK_SAN249_lion_13490.png,lion,"[[691, 1190], [706, 1292], [691, 1390], [726, 1662], [706, 1728], [967, 1692], [998, 1359], [906, 1220], [957, 1123], [937, 979], [701, 995], [691, 1190]]",0.97,ASOK_SAN249.jpg,ASOK_SAN249,Madhya Pradesh,Madhyapradeśa,Sāñcī,Portail,1 B.C.,Stūpa 1 ; portail Sud ; face arrière,bouddhisme,In situ,Maronet Léa
ASOK_SAN249_lion_13491.png,lion,"[[901, 1220], [998, 1359], [967, 1682], [1060, 1718], [1060, 1656], [1126, 1426], [1132, 1241], [1173, 1159], [1137, 1000], [1055, 959], [962, 1026], [952, 1149], [901, 1220]]",0.97,ASOK_SAN249.jpg,ASOK_SAN249,Madhya Pradesh,Madhyapradeśa,Sāñcī,Portail,1 B.C.,Stūpa 1 ; portail Sud ; face arrière,bouddhisme,In situ,Maronet Léa
ASOK_SAN249_lion_13492.png,lion,"[[460, 1144], [532, 1262], [516, 1354], [603, 1636], [583, 1764], [716, 1718], [716, 1656], [701, 1338], [701, 1256], [691, 1087], [634, 954], [552, 990], [470, 1026], [460, 1144]]",0.99,ASOK_SAN249.jpg,ASOK_SAN249,Madhya Pradesh,Madhyapradeśa,Sāñcī,Portail,1 B.C.,Stūpa 1 ; portail Sud ; face arrière,bouddhisme,In situ,Maronet Léa
ASOK_KANE006_lotus_13641.png,lotus,"[[902, 850], [922, 963], [1005, 904], [1050, 870], [1133, 895], [1202, 993], [1217, 786], [1168, 742], [1074, 722], [971, 757], [902, 850]]",0.99,ASOK_KANE006.jpg,ASOK_KANE006,Maharashtra,Mahārāṣṭra,Kānherī,Haut de chapiteau avec éléphants ondoyant un stūpa et nāgas en dévotion,1 B.C.,Grotte ; pilier ; chapiteau,bouddhisme,In situ,Maronet Léa
ASOK_UDA064_éléphant_13802.png,éléphant,"[[262, 1071], [307, 1168], [303, 1273], [370, 1414], [437, 1429], [512, 1466], [538, 1343], [683, 1172], [668, 978], [590, 978], [568, 926], [385, 919], [292, 967], [262, 1071]]",1.0,ASOK_UDA064.JPG,ASOK_UDA064,Odhisa,Kaliṅga,Udayagiri,Dessus de porte et frise ; scène de bataille,2 B.C. ; 1 B.C. ; 1 A.D.,Grotte 1,jaïnisme,In situ,Maronet Léa
ASOK_UDA064_éléphant_13803.png,éléphant,"[[486, 1563], [586, 1753], [765, 1768], [784, 1675], [881, 1604], [1000, 1731], [1183, 1727], [1033, 1481], [1265, 1224], [1209, 1362], [1276, 1362], [1406, 1176], [1410, 1034], [1283, 974], [1302, 926], [1231, 881], [1086, 885], [944, 930], [866, 1068], [713, 1150], [519, 1343], [486, 1563]]",1.0,ASOK_UDA064.JPG,ASOK_UDA064,Odhisa,Kaliṅga,Udayagiri,Dessus de porte et frise ; scène de bataille,2 B.C. ; 1 B.C. ; 1 A.D.,Grotte 1,jaïnisme,In situ,Maronet Léa
ASOK_UDA069_lion_13808.png,lion,"[[529, 398], [551, 457], [561, 579], [561, 695], [888, 704], [888, 597], [909, 569], [927, 690], [996, 682], [976, 499], [971, 442], [956, 376], [1032, 356], [1018, 214], [983, 162], [922, 125], [885, 160], [812, 187], [779, 288], [745, 251], [758, 187], [639, 196], [629, 258], [662, 327], [737, 388], [615, 373], [578, 391], [622, 317], [617, 241], [568, 233], [529, 398]]",1.0,ASOK_UDA069.jpg,ASOK_UDA069,Odhisa,Kaliṅga,Udayagiri,Animaux ailés,2 B.C. ; 1 B.C. ; 1 A.D.,Grotte 1,jaïnisme,In situ,Maronet Léa
ASOK_UDA069_lion_13809.png,lion,"[[61, 629], [137, 665], [191, 552], [175, 683], [259, 682], [281, 569], [326, 569], [342, 602], [303, 683], [380, 690], [463, 614], [472, 692], [549, 694], [566, 572], [544, 469], [541, 408], [529, 378], [556, 272], [553, 209], [490, 255], [466, 206], [391, 207], [392, 287], [348, 317], [315, 238], [261, 204], [142, 175], [87, 253], [78, 317], [153, 378], [117, 461], [105, 553], [61, 629]]",0.99,ASOK_UDA069.jpg,ASOK_UDA069,Odhisa,Kaliṅga,Udayagiri,Animaux ailés,2 B.C. ; 1 B.C. ; 1 A.D.,Grotte 1,jaïnisme,In situ,Maronet Léa
ASOK_KANK007c_lion_13840.png,lion,"[[2698, 1276], [2732, 1536], [3009, 1696], [3211, 1990], [3219, 2494], [3043, 2737], [3656, 2703], [3748, 2351], [3731, 2074], [3580, 1965], [3521, 1704], [3656, 1738], [3849, 1662], [3790, 974], [3278, 814], [2992, 982], [2975, 856], [2808, 915], [2698, 1276]]",0.97,ASOK_KANK007c.JPG,ASOK_KANK007c,Uttar Pradesh,Mathurā,Kaṅkālī Ṭīlā,Pilier,1 B.C. ; 1 A.D.,Stūpa ; pilier,jaïnisme,Lucknow State Museum,Maronet Léa
ASOK_KANK007c_lion_13841.png,lion,"[[1187, 1436], [1196, 1629], [1313, 1746], [1506, 1780], [1506, 1939], [1330, 1990], [1271, 2225], [1288, 2342], [1347, 2561], [1515, 2561], [1666, 2544], [1884, 2645], [2136, 2586], [2186, 2678], [2522, 2620], [2967, 2720], [3194, 2552], [3278, 2183], [3236, 2082], [3135, 1805], [2984, 1654], [2799, 1595], [2337, 1662], [2337, 1369], [2304, 1075], [2027, 848], [2044, 1108], [1817, 915], [1573, 865], [1229, 1049], [1187, 1436]]",0.97,ASOK_KANK007c.JPG,ASOK_KANK007c,Uttar Pradesh,Mathurā,Kaṅkālī Ṭīlā,Pilier,1 B.C. ; 1 A.D.,Stūpa ; pilier,jaïnisme,Lucknow State Museum,Maronet Léa
ASOK_KANK008b_lotus_13842.png,lotus,"[[1112, 940], [1405, 1939], [1775, 2342], [2119, 2418], [2463, 2351], [2531, 2468], [2253, 2611], [1943, 2981], [2111, 3232], [2614, 2989], [2824, 2620], [3227, 2653], [3748, 2661], [4361, 2309], [4495, 1436], [4487, 974], [3572, 1243], [2975, 1629], [2766, 2208], [2749, 1511], [2329, 1108], [1825, 940], [1112, 940]]",0.98,ASOK_KANK008b.JPG,ASOK_KANK008b,Uttar Pradesh,Mathurā,Kaṅkālī Ṭīlā,Combat entre garuḍa et nāga,1 A.D.,Stūpa,jaïnisme,Lucknow State Museum,Maronet Léa
ASOK_MAT051d_lotus_13906.png,lotus,"[[2083, 1983], [2210, 2068], [2499, 2297], [2533, 2433], [2643, 2424], [2719, 2306], [3016, 2043], [3127, 1975], [3161, 1890], [3127, 1695], [2456, 1686], [2176, 1745], [2083, 1983]]",1.0,ASOK_MAT051d.JPG,ASOK_MAT051d,Uttar Pradesh,Mathurā,Mathurā,Montant de porte avec scènes,1 A.D.,Montant de porte,indéterminée,Lucknow State Museum,Maronet Léa
ASOK_MAT051d_lotus_13907.png,lotus,"[[3033, 1737], [3152, 1873], [3245, 1830], [3432, 1652], [3636, 1168], [3602, 990], [3458, 973], [3110, 1287], [3033, 1737]]",0.99,ASOK_MAT051d.JPG,ASOK_MAT051d,Uttar Pradesh,Mathurā,Mathurā,Montant de porte avec scènes,1 A.D.,Montant de porte,indéterminée,Lucknow State Museum,Maronet Léa
ASOK_MAT051d_lotus_13908.png,lotus,"[[1607, 990], [1616, 1211], [1760, 1576], [1947, 1762], [2100, 1830], [2252, 1779], [2227, 1389], [1879, 1050], [1607, 990]]",1.0,ASOK_MAT051d.JPG,ASOK_MAT051d,Uttar Pradesh,Mathurā,Mathurā,Montant de porte avec scènes,1 A.D.,Montant de porte,indéterminée,Lucknow State Museum,Maronet Léa
ASOK_MAT051d_lotus_13909.png,lotus,"[[1081, 2127], [1141, 2246], [1557, 2263], [1667, 2391], [1701, 2263], [1998, 2272], [2049, 2153], [2159, 1881], [2117, 1788], [1760, 1627], [1395, 1635], [1175, 1873], [1081, 2127]]",0.97,ASOK_MAT051d.JPG,ASOK_MAT051d,Uttar Pradesh,Mathurā,Mathurā,Montant de porte avec scènes,1 A.D.,Montant de porte,indéterminée,Lucknow State Museum,Maronet Léa
ASOK_MAT051d_lotus_13910.png,lotus,"[[1132, 1007], [1268, 1508], [1429, 1576], [1582, 1601], [1684, 1482], [1684, 1321], [1506, 1109], [1259, 982], [1132, 1007]]",1.0,ASOK_MAT051d.JPG,ASOK_MAT051d,Uttar Pradesh,Mathurā,Mathurā,Montant de porte avec scènes,1 A.D.,Montant de porte,indéterminée,Lucknow State Museum,Maronet Léa
ASOK_MAT060_éléphant_13938.png,éléphant,"[[2524, 1548], [2550, 1717], [2581, 2014], [2616, 2167], [2744, 2218], [2831, 2162], [2852, 2238], [2800, 2331], [3000, 2346], [3005, 1466], [2949, 1436], [2872, 1339], [2770, 1318], [2555, 1364], [2524, 1548]]",0.98,ASOK_MAT060.JPG,ASOK_MAT060,Uttar Pradesh,Mathurā,Mathurā,Frise avec éléphants,2 B.C. ; 1 B.C.,Frise,indéterminée,Mathura Government Museum,Maronet Léa
ASOK_MAT060_lotus_13939.png,lotus,"[[3062, 1311], [3069, 1515], [3140, 1640], [3099, 1773], [3072, 1976], [3103, 2149], [3164, 2173], [3184, 2112], [3232, 1895], [3184, 1756], [3222, 1623], [3276, 1525], [3191, 1386], [3062, 1311]]",0.97,ASOK_MAT060.JPG,ASOK_MAT060,Uttar Pradesh,Mathurā,Mathurā,Frise avec éléphants,2 B.C. ; 1 B.C.,Frise,indéterminée,Mathura Government Museum,Maronet Léa
ASOK_MAT060_lotus_13940.png,lotus,"[[3317, 1474], [3361, 1538], [3453, 1545], [3517, 1562], [3524, 1613], [3582, 1627], [3605, 1572], [3731, 1528], [3782, 1457], [3711, 1342], [3364, 1342], [3317, 1474]]",1.0,ASOK_MAT060.JPG,ASOK_MAT060,Uttar Pradesh,Mathurā,Mathurā,Frise avec éléphants,2 B.C. ; 1 B.C.,Frise,indéterminée,Mathura Government Museum,Maronet Léa
ASOK_MAT060_lotus_13941.png,lotus,"[[3727, 1552], [3873, 1661], [3921, 1712], [3965, 1715], [3924, 1810], [3948, 1837], [3935, 2048], [4019, 2173], [4074, 2109], [4070, 1898], [4026, 1742], [3911, 1627], [4030, 1572], [4064, 1467], [4053, 1348], [3907, 1389], [3809, 1447], [3809, 1538], [3785, 1555], [3727, 1552]]",1.0,ASOK_MAT060.JPG,ASOK_MAT060,Uttar Pradesh,Mathurā,Mathurā,Frise avec éléphants,2 B.C. ; 1 B.C.,Frise,indéterminée,Mathura Government Museum,Maronet Léa
ASOK_MAT061a_lion_13942.png,lion,"[[827, 2433], [852, 2671], [962, 2705], [1064, 2722], [1098, 2806], [1548, 2891], [2320, 2772], [2439, 2654], [2804, 2688], [2897, 2730], [3950, 2671], [4306, 2611], [4332, 2382], [4230, 2161], [4060, 2043], [3627, 2026], [3924, 1644], [4128, 1644], [4468, 1559], [4535, 1304], [4663, 999], [4637, 769], [4442, 608], [3975, 396], [3585, 345], [3296, 472], [2575, 846], [2252, 1406], [1845, 1491], [1658, 1457], [1226, 1516], [928, 1847], [835, 2187], [827, 2433]]",1.0,ASOK_MAT061a.JPG,ASOK_MAT061a,Uttar Pradesh,Mathurā,Mathurā,Figure avec lion,1 A.D. ; 2 A.D.,Sculpture en ronde-bosse,indéterminée,Mathura Government Museum,Maronet Léa
ASOK_TEL002_lotus_14075.png,lotus,"[[1323, 3425], [2593, 3442], [2568, 2899], [2376, 2899], [2267, 2999], [2117, 2907], [1866, 2882], [1649, 2958], [1574, 2882], [1448, 2866], [1331, 2966], [1323, 3425]]",0.99,ASOK_TEL002.JPG,ASOK_TEL002,Telangana,Āndhradeśa,Dhulikatta,Médaillon et demi-médaillons lotiformes,1 B.C.,Stūpa ; panneau ; bordure,bouddhisme,Amaravati Heritage Centre and Museum,Maronet Léa
ASOK_TEL003_lotus_14076.png,lotus,"[[972, 3359], [972, 3743], [2292, 3793], [2309, 2991], [2300, 2732], [1975, 2665], [1824, 2648], [1540, 2615], [1181, 2665], [1047, 2665], [972, 3359]]",0.98,ASOK_TEL003.JPG,ASOK_TEL003,Telangana,Āndhradeśa,Phanigiri,Demi-médaillons lotiformes et taureau,3 A.D.,Stūpa ; frise,bouddhisme,Telangana Department of Heritage,Maronet Léa
ASOK_TEL003_lotus_14077.png,lotus,"[[972, 1462], [1006, 2306], [1290, 2406], [1448, 2256], [1557, 2389], [1833, 2398], [1916, 2247], [1941, 2356], [2150, 2356], [2342, 2256], [2384, 1203], [989, 1153], [972, 1462]]",0.98,ASOK_TEL003.JPG,ASOK_TEL003,Telangana,Āndhradeśa,Phanigiri,Demi-médaillons lotiformes et taureau,3 A.D.,Stūpa ; frise,bouddhisme,Telangana Department of Heritage,Maronet Léa
ASOK_TEL004_lotus_14078.png,lotus,"[[454, 2456], [488, 2790], [479, 2983], [471, 3217], [864, 3267], [1306, 3258], [1849, 3233], [1849, 2556], [1849, 1955], [1682, 1855], [1498, 1980], [1164, 1905], [788, 1880], [513, 1821], [504, 2256], [454, 2456]]",0.98,ASOK_TEL004.JPG,ASOK_TEL004,Telangana,Āndhradeśa,Phanigiri,Médaillon et demi-médaillons lotiformes et taureaux,3 A.D.,Stūpa ; frise,bouddhisme,Telangana Department of Heritage,Maronet Léa
ASOK_TEL004_lotus_14079.png,lotus,"[[1799, 3576], [2810, 3559], [2869, 2757], [2618, 2724], [2326, 2715], [2142, 2740], [1841, 2782], [1799, 3576]]",0.98,ASOK_TEL004.JPG,ASOK_TEL004,Telangana,Āndhradeśa,Phanigiri,Médaillon et demi-médaillons lotiformes et taureaux,3 A.D.,Stūpa ; frise,bouddhisme,Telangana Department of Heritage,Maronet Léa
ASOK_TEL004_lotus_14080.png,lotus,"[[1841, 1729], [1883, 2481], [1975, 2540], [2217, 2565], [2342, 2565], [2534, 2565], [2585, 2423], [2635, 2556], [2844, 2556], [2852, 1729], [1841, 1729]]",0.97,ASOK_TEL004.JPG,ASOK_TEL004,Telangana,Āndhradeśa,Phanigiri,Médaillon et demi-médaillons lotiformes et taureaux,3 A.D.,Stūpa ; frise,bouddhisme,Telangana Department of Heritage,Maronet Léa
ASOK_TEL004_lion_14081.png,lion,"[[1231, 4854], [1323, 5055], [1473, 5113], [1699, 5155], [1933, 5105], [2016, 4946], [2000, 4754], [1808, 4679], [1799, 4511], [1457, 4511], [1407, 4720], [1256, 4729], [1231, 4854]]",0.99,ASOK_TEL004.JPG,ASOK_TEL004,Telangana,Āndhradeśa,Phanigiri,Médaillon et demi-médaillons lotiformes et taureaux,3 A.D.,Stūpa ; frise,bouddhisme,Telangana Department of Heritage,Maronet Léa
ASOK_TEL004_taureau_14082.png,taureau,"[[971, 4188], [986, 4328], [1056, 4344], [1122, 4328], [1112, 4223], [1157, 4182], [1393, 4188], [1554, 4318], [1670, 4369], [1861, 4379], [2204, 4384], [2204, 4323], [2158, 4243], [1967, 4208], [2002, 4122], [2068, 4102], [2214, 4132], [2269, 4001], [2113, 3850], [1902, 3850], [1756, 3835], [1674, 3885], [1534, 3860], [1590, 4011], [1529, 4011], [1429, 3906], [1263, 3860], [1177, 3931], [1112, 4006], [1041, 4072], [971, 4188]]",0.99,ASOK_TEL004.JPG,ASOK_TEL004,Telangana,Āndhradeśa,Phanigiri,Médaillon et demi-médaillons lotiformes et taureaux,3 A.D.,Stūpa ; frise,bouddhisme,Telangana Department of Heritage,Maronet Léa
ASOK_TEL005_lion_14083.png,lion,"[[2643, 4445], [2643, 4679], [2877, 4787], [3286, 4787], [3378, 4737], [3420, 4461], [3303, 4353], [3203, 4411], [3203, 4177], [2977, 4136], [2894, 4236], [2818, 4445], [2643, 4445]]",0.98,ASOK_TEL005.JPG,ASOK_TEL005,Telangana,Āndhradeśa,Phanigiri,Médaillon et demi-médaillons lotiformes et éléphant,3 A.D.,Stūpa ; frise,bouddhisme,Telangana Department of Heritage,Maronet Léa
ASOK_TEL005_lion_14084.png,lion,"[[972, 4420], [989, 4695], [1047, 4779], [1340, 4796], [1657, 4762], [1716, 4670], [1716, 4420], [1515, 4411], [1465, 4161], [1231, 4161], [1139, 4411], [972, 4420]]",0.98,ASOK_TEL005.JPG,ASOK_TEL005,Telangana,Āndhradeśa,Phanigiri,Médaillon et demi-médaillons lotiformes et éléphant,3 A.D.,Stūpa ; frise,bouddhisme,Telangana Department of Heritage,Maronet Léa
ASOK_TEL006_lotus_14085.png,lotus,"[[1365, 3058], [1407, 3943], [2718, 3918], [2727, 3066], [2660, 3066], [2660, 2907], [2443, 2699], [2384, 2807], [2259, 2899], [2133, 2799], [1983, 2707], [1925, 2807], [1791, 2899], [1624, 2765], [1532, 2824], [1365, 3058]]",0.99,ASOK_TEL006.JPG,ASOK_TEL006,Telangana,Āndhradeśa,Phanigiri,Médaillon et demi-médaillons lotiformes ; éléphant et lion,3 A.D.,Stūpa ; frise,bouddhisme,Telangana Department of Heritage,Maronet Léa
ASOK_TEL006_lotus_14086.png,lotus,"[[1390, 1821], [1415, 2206], [1565, 2573], [1674, 2556], [1791, 2373], [1916, 2582], [2058, 2682], [2225, 2523], [2292, 2339], [2409, 2573], [2551, 2598], [2743, 2139], [2718, 1445], [1398, 1487], [1390, 1821]]",0.98,ASOK_TEL006.JPG,ASOK_TEL006,Telangana,Āndhradeśa,Phanigiri,Médaillon et demi-médaillons lotiformes ; éléphant et lion,3 A.D.,Stūpa ; frise,bouddhisme,Telangana Department of Heritage,Maronet Léa
ASOK_TEL007_lotus_14087.png,lotus,"[[1490, 1780], [1549, 2022], [1549, 2314], [1515, 2506], [1524, 3091], [3328, 3058], [3362, 2239], [3336, 1746], [3336, 1320], [2559, 1262], [2025, 1312], [1549, 1195], [1490, 1780]]",0.97,ASOK_TEL007.JPG,ASOK_TEL007,Telangana,Āndhradeśa,Phanigiri,Médaillon et demi-médaillons lotiformes,3 A.D.,Stūpa ; frise,bouddhisme,Telangana Department of Heritage,Maronet Léa
ASOK_TEL007_lotus_14088.png,lotus,"[[220, 2556], [220, 2849], [220, 3442], [1532, 3425], [1490, 2623], [1340, 2298], [1239, 2306], [1214, 2381], [1064, 2523], [1072, 2414], [905, 2239], [730, 2356], [646, 2523], [571, 2506], [504, 2264], [320, 2356], [220, 2556]]",0.98,ASOK_TEL007.JPG,ASOK_TEL007,Telangana,Āndhradeśa,Phanigiri,Médaillon et demi-médaillons lotiformes,3 A.D.,Stūpa ; frise,bouddhisme,Telangana Department of Heritage,Maronet Léa
ASOK_TEL007_lotus_14089.png,lotus,"[[178, 1003], [187, 2130], [320, 2172], [462, 2114], [638, 1905], [780, 2155], [947, 2164], [1022, 1955], [1131, 1938], [1315, 2172], [1390, 2172], [1432, 1972], [1498, 1846], [1540, 1011], [178, 1003]]",0.99,ASOK_TEL007.JPG,ASOK_TEL007,Telangana,Āndhradeśa,Phanigiri,Médaillon et demi-médaillons lotiformes,3 A.D.,Stūpa ; frise,bouddhisme,Telangana Department of Heritage,Maronet Léa
ASOK_TEL008_lotus_14090.png,lotus,"[[1365, 3292], [2635, 3325], [2626, 2356], [2409, 2348], [2250, 2381], [2175, 2314], [1724, 2373], [1532, 2373], [1381, 2389], [1365, 3292]]",0.98,ASOK_TEL008.JPG,ASOK_TEL008,Telangana,Āndhradeśa,Phanigiri,Médaillon et demi-médaillons lotiformes,3 A.D.,Stūpa ; frise,bouddhisme,Telangana Department of Heritage,Maronet Léa
ASOK_TEL008_lotus_14091.png,lotus,"[[1390, 994], [1415, 2005], [1649, 2072], [1774, 1988], [1824, 2097], [2192, 2080], [2275, 1963], [2426, 2047], [2635, 2030], [2660, 969], [1390, 994]]",0.98,ASOK_TEL008.JPG,ASOK_TEL008,Telangana,Āndhradeśa,Phanigiri,Médaillon et demi-médaillons lotiformes,3 A.D.,Stūpa ; frise,bouddhisme,Telangana Department of Heritage,Maronet Léa
ASOK_TEL008_lion_14092.png,lion,"[[864, 4862], [939, 5130], [1682, 5180], [1858, 5021], [1791, 4812], [1540, 4821], [1498, 4545], [1181, 4545], [1097, 4779], [989, 4762], [864, 4862]]",1.0,ASOK_TEL008.JPG,ASOK_TEL008,Telangana,Āndhradeśa,Phanigiri,Médaillon et demi-médaillons lotiformes,3 A.D.,Stūpa ; frise,bouddhisme,Telangana Department of Heritage,Maronet Léa
ASOK_TEL009_lotus_14093.png,lotus,"[[1657, 3517], [2869, 3501], [2844, 2465], [2576, 2406], [2459, 2406], [2117, 2406], [2083, 2573], [2008, 2490], [1874, 2440], [1666, 2556], [1657, 3517]]",0.99,ASOK_TEL009.JPG,ASOK_TEL009,Telangana,Āndhradeśa,Phanigiri,Demi-médaillons lotiformes et lion,3 A.D.,Stūpa ; frise,bouddhisme,Telangana Department of Heritage,Maronet Léa
ASOK_TEL009_lotus_14094.png,lotus,"[[1649, 2097], [1749, 2214], [1991, 2214], [2083, 2105], [2184, 2197], [2417, 2189], [2509, 2122], [2643, 2214], [2860, 2172], [2860, 1186], [1657, 1178], [1649, 2097]]",0.98,ASOK_TEL009.JPG,ASOK_TEL009,Telangana,Āndhradeśa,Phanigiri,Demi-médaillons lotiformes et lion,3 A.D.,Stūpa ; frise,bouddhisme,Telangana Department of Heritage,Maronet Léa
ASOK_UTT003_lotus_14100.png,lotus,"[[1203, 2910], [1414, 2884], [1599, 2787], [1732, 2875], [2076, 2910], [2331, 2796], [2472, 2884], [2675, 2919], [2702, 1429], [2481, 1420], [2314, 1499], [2190, 1402], [1829, 1402], [1546, 1499], [1467, 1446], [1247, 1393], [1203, 2910]]",1.0,ASOK_UTT003.JPG,ASOK_UTT003,Uttar Pradesh,Mathurā,Jamalpur,Balustrade avec médaillons lotiformes,1 A.D. ; 2 A.D.,Balustrade ; pilier,indéterminée,Lucknow State Museum,Maronet Léa
ASOK_UTT005_lotus_14102.png,lotus,"[[1264, 247], [1264, 1058], [1449, 1032], [1617, 979], [1934, 1067], [2287, 988], [2472, 1129], [2552, 256], [1979, 247], [1264, 247]]",0.98,ASOK_UTT005.JPG,ASOK_UTT005,Uttar Pradesh,Mathurā,Jamalpur,Balustrade avec médaillons lotiformes,1 A.D. ; 2 A.D.,Balustrade ; pilier,indéterminée,Lucknow State Museum,Maronet Léa
ASOK_UTT005_lotus_14103.png,lotus,"[[1185, 5212], [2261, 5229], [2270, 4771], [2146, 4771], [2014, 4877], [1917, 4806], [1643, 4771], [1441, 4877], [1405, 4762], [1203, 4727], [1185, 5212]]",1.0,ASOK_UTT005.JPG,ASOK_UTT005,Uttar Pradesh,Mathurā,Jamalpur,Balustrade avec médaillons lotiformes,1 A.D. ; 2 A.D.,Balustrade ; pilier,indéterminée,Lucknow State Museum,Maronet Léa
ASOK_UTT011_lotus_14106.png,lotus,"[[947, 1808], [947, 2178], [947, 2998], [1079, 3051], [1300, 2998], [1538, 3016], [1837, 2990], [2067, 3078], [2243, 3078], [2305, 1649], [2076, 1649], [1943, 1720], [1617, 1614], [1291, 1676], [1194, 1579], [982, 1579], [947, 1808]]",0.99,ASOK_UTT011.JPG,ASOK_UTT011,Uttar Pradesh,Mathurā,Govindnāgar,Balustrade avec médaillons et demi-médaillons,1 A.D. ; 2 A.D.,Balustrade ; pilier,indéterminée,Mathura Government Museum,Maronet Léa
ASOK_UTT011_lotus_14107.png,lotus,"[[938, 4577], [1070, 4674], [1238, 4550], [1564, 4612], [1890, 4568], [1996, 4603], [2173, 4603], [2243, 3333], [2014, 3325], [1890, 3430], [1723, 3342], [1458, 3342], [1264, 3422], [1132, 3281], [982, 3281], [938, 4577]]",0.98,ASOK_UTT011.JPG,ASOK_UTT011,Uttar Pradesh,Mathurā,Govindnāgar,Balustrade avec médaillons et demi-médaillons,1 A.D. ; 2 A.D.,Balustrade ; pilier,indéterminée,Mathura Government Museum,Maronet Léa
ASOK_UTT026_lotus_14118.png,lotus,"[[894, 1676], [1141, 1737], [1273, 1579], [1617, 1711], [1882, 1631], [2031, 1737], [2190, 1737], [2217, 1023], [973, 935], [920, 1173], [894, 1676]]",0.98,ASOK_UTT026.JPG,ASOK_UTT026,Uttar Pradesh,Mathurā,Govindnāgar,Balustrade avec médaillons et demi-médaillons,1 A.D. ; 2 A.D.,Balustrade ; pilier,indéterminée,Mathura Government Museum,Maronet Léa
ASOK_UTT031b_lion_14123.png,lion,"[[1590, 2049], [1775, 2594], [1666, 2913], [1741, 3081], [2010, 3157], [2128, 3266], [2472, 3291], [2531, 2871], [3059, 2922], [3127, 3300], [3689, 3241], [3698, 3098], [3790, 3056], [3991, 2888], [3849, 2645], [4000, 1889], [3689, 1553], [3647, 722], [3740, 176], [2253, 202], [1725, 243], [1775, 537], [2027, 722], [1960, 1696], [1708, 1788], [1590, 2049]]",0.98,ASOK_UTT031b.JPG,ASOK_UTT031b,Uttar Pradesh,Mathurā,Vrindavan,Bodhisattva assis,1 A.D. ; 2 A.D.,Sculpture en ronde-bosse,bouddhisme,Mathura Government Museum,Maronet Léa
ASOK_UTT059a_lotus_14160.png,lotus,"[[4285, 925], [4443, 1271], [4811, 1361], [4826, 888], [4322, 873], [4285, 925]]",0.99,ASOK_UTT059a.JPG,ASOK_UTT059a,Uttar Pradesh,Uttar Pradesh,Kauśambī,,1 A.D.,Portail ; architrave,bouddhisme,Allahabad Municipal Museum,Maronet Léa
ASOK_UTT059a_lotus_14161.png,lotus,"[[882, 2255], [995, 2458], [1100, 2668], [1212, 2706], [1242, 2826], [1280, 2578], [1152, 2518], [1145, 2390], [1280, 2360], [1333, 2187], [1235, 2052], [1032, 2067], [912, 2157], [882, 2255]]",0.98,ASOK_UTT059a.JPG,ASOK_UTT059a,Uttar Pradesh,Uttar Pradesh,Kauśambī,,1 A.D.,Portail ; architrave,bouddhisme,Allahabad Municipal Museum,Maronet Léa
ASOK_UTT059a_lotus_14162.png,lotus,"[[469, 2345], [559, 2495], [664, 2435], [754, 2240], [709, 2075], [596, 1999], [491, 2165], [469, 2345]]",0.97,ASOK_UTT059a.JPG,ASOK_UTT059a,Uttar Pradesh,Uttar Pradesh,Kauśambī,,1 A.D.,Portail ; architrave,bouddhisme,Allahabad Municipal Museum,Maronet Léa
ASOK_UTT059a_lotus_14163.png,lotus,"[[1776, 2345], [1874, 2495], [1994, 2593], [2144, 2473], [2257, 2398], [2279, 2247], [2129, 2180], [2197, 2142], [1934, 2105], [1828, 2172], [1776, 2345]]",1.0,ASOK_UTT059a.JPG,ASOK_UTT059a,Uttar Pradesh,Uttar Pradesh,Kauśambī,,1 A.D.,Portail ; architrave,bouddhisme,Allahabad Municipal Museum,Maronet Léa
ASOK_UTT059a_lotus_14164.png,lotus,"[[2422, 2292], [2572, 2465], [2625, 2495], [2722, 2330], [2700, 2150], [2527, 1984], [2459, 2075], [2422, 2292]]",0.99,ASOK_UTT059a.JPG,ASOK_UTT059a,Uttar Pradesh,Uttar Pradesh,Kauśambī,,1 A.D.,Portail ; architrave,bouddhisme,Allahabad Municipal Museum,Maronet Léa
ASOK_UTT059a_lotus_14165.png,lotus,"[[2001, 1549], [2039, 1797], [2159, 1947], [2317, 1879], [2392, 1676], [2452, 1616], [2001, 1549]]",0.98,ASOK_UTT059a.JPG,ASOK_UTT059a,Uttar Pradesh,Uttar Pradesh,Kauśambī,,1 A.D.,Portail ; architrave,bouddhisme,Allahabad Municipal Museum,Maronet Léa
ASOK_UTT059a_lotus_14166.png,lotus,"[[551, 1669], [754, 1977], [912, 2014], [950, 1947], [1002, 1812], [1017, 1661], [551, 1669]]",0.97,ASOK_UTT059a.JPG,ASOK_UTT059a,Uttar Pradesh,Uttar Pradesh,Kauśambī,,1 A.D.,Portail ; architrave,bouddhisme,Allahabad Municipal Museum,Maronet Léa
ASOK_UTT059a_éléphant_14167.png,éléphant,"[[1746, 1015], [1828, 1211], [1858, 1271], [1934, 1301], [2016, 1331], [1994, 1541], [2429, 1609], [2437, 1278], [2309, 1166], [2136, 1075], [1949, 1045], [1919, 963], [1746, 1015]]",0.97,ASOK_UTT059a.JPG,ASOK_UTT059a,Uttar Pradesh,Uttar Pradesh,Kauśambī,,1 A.D.,Portail ; architrave,bouddhisme,Allahabad Municipal Museum,Maronet Léa
ASOK_UTT059a_éléphant_14168.png,éléphant,"[[559, 1421], [574, 1676], [792, 1676], [1032, 1654], [1025, 1361], [1040, 1293], [1160, 1218], [1197, 1075], [1145, 978], [942, 963], [912, 1060], [777, 1135], [596, 1233], [559, 1421]]",0.99,ASOK_UTT059a.JPG,ASOK_UTT059a,Uttar Pradesh,Uttar Pradesh,Kauśambī,,1 A.D.,Portail ; architrave,bouddhisme,Allahabad Municipal Museum,Maronet Léa
ASOK_UTT059a_taureau_14169.png,taureau,"[[2595, 1631], [2692, 1759], [2880, 1774], [2790, 1849], [2873, 2082], [2730, 2262], [2865, 2480], [3143, 2721], [3166, 2878], [3496, 2863], [3511, 2570], [3534, 2367], [3579, 2255], [3842, 2232], [4052, 2443], [3894, 2698], [3737, 2871], [4060, 2871], [4165, 2578], [4285, 2465], [4398, 2533], [4390, 2721], [4217, 2826], [4172, 2893], [4728, 2886], [4691, 2480], [4721, 2090], [4698, 1819], [4623, 1631], [4435, 1481], [3984, 1398], [3924, 1226], [3699, 1203], [3586, 1196], [3383, 1203], [3376, 865], [3226, 1113], [2993, 1113], [2903, 1038], [2925, 767], [2797, 925], [2782, 1120], [2737, 1181], [2692, 1406], [2595, 1631]]",0.98,ASOK_UTT059a.JPG,ASOK_UTT059a,Uttar Pradesh,Uttar Pradesh,Kauśambī,,1 A.D.,Portail ; architrave,bouddhisme,Allahabad Municipal Museum,Maronet Léa
ASOK_AMA002_lotus_14185.png,lotus,"[[66, 1098], [70, 1158], [157, 1162], [244, 1158], [298, 1144], [362, 1171], [458, 1171], [499, 1139], [526, 1180], [581, 1176], [663, 1139], [740, 1190], [832, 1185], [882, 1158], [914, 1190], [1005, 1171], [1110, 1126], [1146, 1176], [1251, 1162], [1255, 652], [1219, 360], [859, 150], [467, 237], [157, 515], [130, 934], [66, 1098]]",1.0,ASOK_AMA002.jpg,ASOK_AMA002,Andhra Pradesh,Āndhradeśa,Amarāvatī,Pilier de balustrade avec médaillons lotiformes et ganas,1 A.D. ; 2 A.D. ; 3 A.D.,Stūpa ; balustrade ; pilier,bouddhisme,The British Museum,Maronet Léa
ASOK_AMA002_lotus_14186.png,lotus,"[[0, 2001], [0, 2397], [1328, 2343], [1319, 2051], [1296, 1846], [1319, 1664], [1301, 1568], [1242, 1518], [1087, 1540], [900, 1540], [740, 1522], [563, 1518], [449, 1545], [280, 1581], [171, 1545], [16, 1540], [2, 1677], [29, 1891], [0, 2001]]",0.97,ASOK_AMA002.jpg,ASOK_AMA002,Andhra Pradesh,Āndhradeśa,Amarāvatī,Pilier de balustrade avec médaillons lotiformes et ganas,1 A.D. ; 2 A.D. ; 3 A.D.,Stūpa ; balustrade ; pilier,bouddhisme,The British Museum,Maronet Léa
ASOK_AMA005_lotus_14190.png,lotus,"[[45, 966], [49, 981], [492, 981], [490, 860], [488, 822], [490, 740], [464, 727], [483, 699], [483, 677], [452, 676], [437, 669], [412, 674], [369, 676], [336, 676], [287, 675], [191, 679], [140, 676], [87, 680], [48, 690], [48, 747], [49, 810], [45, 966]]",0.98,ASOK_AMA005.jpg,ASOK_AMA005,Andhra Pradesh,Āndhradeśa,Amarāvatī,Pilier de balustrade avec médaillons lotiformes et ganas,1 A.D. ; 2 A.D. ; 3 A.D.,Stūpa ; balustrade ; pilier,bouddhisme,The British Museum,Maronet Léa
ASOK_AMA009_lotus_14196.png,lotus,"[[19, 990], [62, 982], [95, 955], [160, 1010], [244, 1028], [362, 1010], [433, 957], [481, 987], [514, 990], [511, 558], [478, 576], [428, 596], [360, 553], [241, 538], [165, 556], [90, 593], [57, 573], [21, 573], [19, 990]]",1.0,ASOK_AMA009.jpg,ASOK_AMA009,Andhra Pradesh,Āndhradeśa,Amarāvatī,Pilier de balustrade avec médaillons lotiformes ; scènes de dévotion au Buddha aniconique ; avec roi nāga et nāginis,1 A.D. ; 2 A.D. ; 3 A.D.,Stūpa ; balustrade ; pilier,bouddhisme,The British Museum,Maronet Léa
ASOK_AMA052_lotus_14202.png,lotus,"[[85, 1049], [97, 1720], [158, 1754], [226, 1749], [286, 1737], [327, 1746], [376, 1734], [405, 1710], [419, 1749], [478, 1749], [516, 1751], [545, 1734], [589, 1734], [623, 1751], [696, 1737], [715, 1705], [727, 1732], [778, 1732], [829, 1717], [875, 1715], [913, 1725], [962, 1725], [1013, 1700], [1015, 1601], [1010, 1405], [1015, 1248], [998, 1006], [984, 901], [998, 785], [976, 725], [967, 662], [923, 659], [853, 666], [785, 669], [700, 679], [691, 700], [654, 666], [548, 666], [412, 669], [376, 703], [349, 664], [245, 679], [206, 739], [163, 836], [110, 834], [90, 904], [85, 1049]]",1.0,ASOK_AMA052.jpg,ASOK_AMA052,Andhra Pradesh,Āndhradeśa,Amarāvatī,Pilier de balustrade avec médaillon et demi-médaillons lotiformes ; scène de dévotion au stupa et ganas,1 A.D. ; 2 A.D. ; 3 A.D.,Stūpa ; balustrade ; pilier,bouddhisme,Chennai Government Museum,Maronet Léa
ASOK_AMA052_lotus_14203.png,lotus,"[[107, 2071], [139, 2233], [156, 2318], [168, 2454], [151, 2555], [131, 2642], [1035, 2625], [1032, 2369], [1025, 2257], [1025, 2127], [1020, 2027], [942, 2013], [889, 2025], [846, 2025], [758, 2013], [715, 2030], [669, 2010], [553, 2006], [449, 2015], [407, 2061], [376, 2044], [298, 2049], [243, 2056], [185, 2056], [107, 2071]]",0.97,ASOK_AMA052.jpg,ASOK_AMA052,Andhra Pradesh,Āndhradeśa,Amarāvatī,Pilier de balustrade avec médaillon et demi-médaillons lotiformes ; scène de dévotion au stupa et ganas,1 A.D. ; 2 A.D. ; 3 A.D.,Stūpa ; balustrade ; pilier,bouddhisme,Chennai Government Museum,Maronet Léa
ASOK_AMA053_lotus_14208.png,lotus,"[[2, 2414], [2, 2565], [23, 2873], [581, 2862], [1227, 2841], [1248, 2549], [1238, 2122], [1274, 2002], [1066, 1992], [940, 1981], [810, 1976], [774, 2012], [648, 1992], [456, 2012], [383, 1976], [315, 2028], [289, 1992], [195, 1981], [164, 2054], [127, 1986], [23, 2018], [18, 2231], [2, 2414]]",0.98,ASOK_AMA053.jpg,ASOK_AMA053,Andhra Pradesh,Āndhradeśa,Amarāvatī,Pilier de balustrade avec demi-médaillon lotiforme ; scènes de dévotion au Buddha aniconique et roi (cakravartin) entouré de sa cour,1 A.D. ; 2 A.D. ; 3 A.D.,Stūpa ; balustrade ; pilier,bouddhisme,Chennai Government Museum,Maronet Léa
ASOK_AMA072_lion_14211.png,lion,"[[681, 743], [694, 794], [710, 798], [731, 798], [729, 760], [726, 670], [688, 670], [682, 702], [681, 743]]",1.0,ASOK_AMA072.jpg,ASOK_AMA072,Andhra Pradesh,Āndhradeśa,Amarāvatī,Stūpa figuré ; Buddha entourré de dévots et piliers avec lions,1 A.D. ; 2 A.D. ; 3 A.D.,Stūpa ; panneau,bouddhisme,The British Museum,Maronet Léa
ASOK_AMA072_lion_14212.png,lion,"[[87, 766], [88, 805], [109, 808], [130, 808], [132, 765], [130, 730], [128, 687], [110, 687], [90, 687], [89, 733], [87, 766]]",0.99,ASOK_AMA072.jpg,ASOK_AMA072,Andhra Pradesh,Āndhradeśa,Amarāvatī,Stūpa figuré ; Buddha entourré de dévots et piliers avec lions,1 A.D. ; 2 A.D. ; 3 A.D.,Stūpa ; panneau,bouddhisme,The British Museum,Maronet Léa
ASOK_AND015_lion_14323.png,lion,"[[499, 940], [692, 982], [818, 932], [818, 613], [801, 185], [709, 151], [549, 227], [516, 638], [499, 940]]",0.99,ASOK_AND015.JPG,ASOK_AND015,Andhra Pradesh,Āndhradeśa,Uppugundur,Stūpa,2 A.D. ; 3 A.D.,Stūpa ; panneau,bouddhisme,Telangana State Archaeology Museum,Maronet Léa
